Date,Open,High,Low,Close,Volume,Dividends,Stock Splits
2013-01-31,35.03500027015169,35.0657292121517,34.00871737201568,34.03944396972656,3774600,0.0,0
2013-02-01,34.22995599797688,34.420462329122294,33.406470439052356,33.63385009765625,4389700,0.0,0
2013-02-04,33.670721986616854,33.83050171019869,33.30199576065303,33.46792221069336,2516500,0.0,0
2013-02-05,33.46791214785614,33.58467647256718,32.96398856708123,33.28355026245117,3834900,0.0,0
2013-02-06,33.28970544073791,34.383590691629145,33.28970544073791,33.94112014770508,3649400,0.0,0
2013-02-07,33.89809972492941,33.94111743055722,33.3695938051716,33.68915557861328,2570200,0.0,0
2013-02-08,33.83665112131137,34.40202809730884,33.83665112131137,34.07017517089844,3280200,0.0,0
2013-02-11,34.07017747389989,34.83220991076478,34.05788636346614,34.6970100402832,3843700,0.0,0
2013-02-12,34.74002128801438,35.34841824764252,34.62940365899109,35.32998275756836,2872500,0.0,0
2013-02-13,35.29925492683578,35.48361921054075,35.16405742155185,35.42831039428711,2078500,0.0,0
2013-02-14,35.280815153273494,35.59423017780434,35.280815153273494,35.37299728393555,1985200,0.0,0
2013-02-15,35.39757106809703,35.446735487808056,35.164047107335335,35.342262268066406,3554800,0.0,0
2013-02-19,35.397592265312554,35.64340982249402,35.20708588557239,35.38530349731445,1534600,0.0,0
2013-02-20,35.391445163424684,35.70486029768684,35.26239201074554,35.29926300048828,1627100,0.0,0
2013-02-21,35.21321279803265,35.31768602850037,34.86907120187733,35.09645080566406,1680700,0.0,0
2013-02-22,35.194786536242134,35.32383966862812,35.09031327838961,35.15791320800781,1456700,0.0,0
2013-02-25,35.268522429037795,35.28081353551507,34.39587496775078,34.414310455322266,2088200,0.0,0
2013-02-26,34.549510282283464,34.75845440381948,34.186930846214764,34.414310455322266,1550100,0.0,0
2013-02-27,34.334429761076954,34.574100548740155,34.27297655449802,34.40817642211914,1255600,0.0,0
2013-02-28,34.41431520571295,34.52493283498874,33.81206497092768,33.82435607910156,4089700,0.0,0
2013-03-01,33.818215517656846,34.12548624514939,33.6707268812626,34.008724212646484,2273400,0.0,0
2013-03-04,33.904244474335506,34.315988389608904,33.88580898437775,34.19922637939453,1665000,0.0,0
2013-03-05,34.217654927403025,34.61710765356873,34.11318170216285,34.500343322753906,1641300,0.0,0
2013-03-06,34.63555908203125,34.7093034051339,34.2914150004026,34.63555908203125,1452300,0.0,0
2013-03-07,34.561810866348424,34.74002609841724,33.86123167076292,33.947269439697266,2669400,0.0,0
2013-03-08,33.98413546714581,33.98413546714581,33.49864724828779,33.75675582885742,2239300,0.0,0
2013-03-11,33.75060877399897,33.781337715980946,33.49864692205502,33.68915557861328,1464600,0.0,0
2013-03-12,33.664569431826564,33.86736917263943,33.461772035302566,33.79362487792969,2489400,0.0,0
2013-03-13,33.867373778515756,34.162353341760046,33.658429628181565,34.082462310791016,2428500,0.0,0
2013-03-14,34.168488350149126,34.74615855428143,34.008708676333114,34.65397644042969,2479600,0.0,0
2013-03-15,34.47577176291239,34.64169822300019,34.36515412285385,34.469627380371094,2493800,0.0,0
2013-03-18,34.29140663564696,34.6294039070665,33.98413596266752,34.162353515625,2076000,0.0,0
2013-03-19,34.18078994568159,34.23609876211025,33.560104200683725,33.830501556396484,1733000,0.0,0
2013-03-20,33.81812099777964,34.071927041670534,33.72526414892658,33.991451263427734,1400600,0.4,0
2013-03-21,33.805741270040194,34.16478288620891,33.65717077826316,33.669551849365234,1453100,0.0,0
2013-03-22,33.68192916600796,33.90478369810842,33.55812083023576,33.83668899536133,1768200,0.0,0
2013-03-25,33.935734776797034,34.1462082366023,33.73145303250086,34.02239990234375,1961000,0.0,0
2013-03-26,34.096692582264595,34.4124016492346,34.09050086561828,34.28859329223633,2124600,0.0,0
2013-03-27,34.270016127833564,34.270016127833564,34.02859117794658,34.08430480957031,1281900,0.0,0
2013-03-28,34.102875232962376,34.245253989012454,33.88621242189651,34.08430480957031,2042300,0.0,0
2013-04-01,34.028592694229246,34.38763427734375,33.86145179191042,34.38763427734375,1319000,0.0,0
2013-04-02,34.55475839631725,34.734280281404025,34.33809568083078,34.37523651123047,2049700,0.0,0
2013-04-03,34.55478049907194,34.68477821151606,34.38145021581311,34.62287521362305,1180500,0.0,0
2013-04-04,34.752875891282976,35.656672961744306,34.69716224384642,35.60715103149414,1870300,0.0,0
2013-04-05,35.39047075008458,36.02189103208079,35.291424570248736,35.82999038696289,2109900,0.0,0
2013-04-08,35.780475168720656,36.08380549952403,35.65666682224075,35.91047286987305,1807800,0.0,0
2013-04-09,35.94761709928392,36.2633285098122,35.68762168962333,36.096187591552734,1456100,0.0,0
2013-04-10,36.08998585886865,36.20760482135987,35.92903670157436,36.12093734741211,1203300,0.0,0
2013-04-11,36.170460897308025,36.78330838717398,36.08998513954128,36.53569412231445,2348200,0.0,0
2013-04-12,36.60379885435973,36.60998820906414,36.26332767086991,36.579036712646484,1500400,0.0,0
2013-04-15,36.325230477374134,36.57903652501349,35.823807736768075,35.84238052368164,1579700,0.0,0
2013-04-16,35.97237310393828,36.31284423721338,35.76189965331318,36.23236846923828,1597500,0.0,0
2013-04-17,35.92285532288862,35.99095003414507,35.44619470554132,35.70000076293945,1762000,0.0,0
2013-04-18,35.669043600824565,36.102371580636124,35.56999740784885,35.805233001708984,1804300,0.0,0
2013-04-19,35.953798731992414,36.07141533269295,35.55761165087266,35.885704040527344,1665400,0.0,0
2013-04-22,35.92285675598571,36.00333254172181,35.60714769109484,35.65666961669922,1191100,0.0,0
2013-04-23,35.817616430564186,35.94142477030181,35.47714526737147,35.73714065551758,1481400,0.0,0
2013-04-24,35.780474162287376,36.0218991323361,35.58857347401671,35.712379455566406,1411200,0.0,0
2013-04-25,35.67523324402804,35.76189836266697,35.328570408024966,35.4090461730957,1802700,0.0,0
2013-04-26,35.45857081576562,35.51428444795796,34.92619663291605,35.04381561279297,2142100,0.0,0
2013-04-29,35.180011774106816,35.4647693438133,34.90144355963394,35.415245056152344,1172500,0.0,0
2013-04-30,35.39048583368986,35.94143295288086,35.27906090015096,35.94143295288086,2161900,0.0,0
2013-05-01,35.70618900610091,36.219990425829536,35.012865612603626,35.22333908081055,2343400,0.0,0
2013-05-02,35.322381378796464,35.52666310868579,34.932385979892885,35.05619430541992,1557200,0.0,0
2013-05-03,35.1614272595244,35.19857046288323,34.604293377825265,34.6785774230957,2222000,0.0,0
2013-05-06,34.62286388596932,34.901432008244,34.610482818151866,34.84571838378906,1630400,0.0,0
2013-05-07,34.9385764318305,35.50190208731193,34.75905683369277,35.42142868041992,1631000,0.0,0
2013-05-08,35.34713996197299,35.76808683769185,35.322380186861004,35.61332702636719,1574400,0.0,0
2013-05-09,35.67523230042606,35.68142165383055,35.30380733707958,35.433807373046875,1926100,0.0,0
2013-05-10,35.51427710309531,35.72475051879883,35.29142262041545,35.72475051879883,1241100,0.0,0
2013-05-13,35.64429197620151,36.38094805735532,35.53286468843733,36.35618591308594,2736700,0.0,0
2013-05-14,36.281893404240485,36.85140842130525,36.281893404240485,36.659507751464844,4237400,0.0,0
2013-05-15,36.69047020881244,36.79570578676196,36.52332926608539,36.62237548828125,3136600,0.0,0
2013-05-16,36.510940673995606,37.14236109600135,36.49237024911088,36.900936126708984,1739600,0.0,0
2013-05-17,36.888553619384766,37.037124097018506,36.616177165411806,36.888553619384766,2497600,0.0,0
2013-05-20,36.87616983983579,37.30330609429484,36.77712364917366,37.2537841796875,2198300,0.0,0
2013-05-21,37.27236939446115,37.742840757903956,37.20427466858535,37.606651306152344,2838400,0.0,0
2013-05-22,37.5756934320669,37.73045328774967,36.362376730261474,36.60380172729492,2960800,0.0,0
2013-05-23,36.158084367173466,37.34044930133594,35.9352298478218,37.2537841796875,10784300,0.0,0
2013-05-24,37.12378604691152,37.37759205499509,36.76474213421175,37.328067779541016,2630000,0.0,0
2013-05-28,37.64378621898179,37.69949985863288,36.61618092432099,36.777130126953125,3572300,0.0,0
2013-05-29,36.5418953384751,36.585227907929415,35.576195377552814,36.23856735229492,4289300,0.0,0
2013-05-30,36.23236477725052,36.2633186273966,35.44618468477382,35.545230865478516,2825400,0.0,0
2013-05-31,35.421429464029636,35.86094679981526,34.926196135397774,35.00667190551758,4255000,0.0,0
2013-06-03,35.02524156637886,35.63808909565722,34.72810065112275,35.433807373046875,3625200,0.0,0
2013-06-04,35.495706960405656,35.6442774038342,35.1366630996308,35.37189865112305,3006900,0.0,0
2013-06-05,35.37810847546959,35.588582000557494,35.062397007113596,35.11811065673828,2159800,0.0,0
2013-06-06,35.0376191339095,35.309997903796415,34.666196544087455,35.08095169067383,1871100,0.0,0
2013-06-07,35.21094933922649,35.260471245842254,34.49286398244484,35.09333038330078,2320400,0.0,0
2013-06-10,35.09333788260161,35.21714621776896,34.604298618934315,34.69096374511719,2159600,0.0,0
2013-06-11,34.437159909662924,34.55477653675201,34.05954552605097,34.1214485168457,1830100,0.0,0
2013-06-12,34.30716944248713,34.30716944248713,33.79955721941626,33.89241409301758,2008900,0.0,0
2013-06-13,33.81811617097125,35.01905151138553,33.79954338698285,34.938575744628906,1692900,0.0,0
2013-06-14,34.97573232335714,35.31620358164883,34.64764213864221,34.876686096191406,1400600,0.0,0
2013-06-17,35.09952775684244,35.2295254392971,34.64762936441854,34.920005798339844,1804300,0.0,0
2013-06-18,34.95095877198988,35.31000270421775,34.72810424322052,35.04381561279297,1612200,0.0,0
2013-06-19,35.012863249135656,35.173812426218696,33.8738308559828,34.04716110229492,1871700,0.0,0
2013-06-20,33.88503593967782,33.88503593967782,32.86860891318346,32.993324279785156,2242900,0.4,0
2013-06-21,33.311351345780125,34.50861571968446,33.27393839514908,34.12823486328125,3829400,0.0,0
2013-06-24,33.68548585990335,35.30677817929631,33.342520451425685,34.66449737548828,3679900,0.0,0
2013-06-25,34.80791955117738,35.30677854861282,34.5397823940407,35.169593811035156,2971900,0.0,0
2013-06-26,35.30677823956108,35.7806960670369,35.28183707396813,35.69963073730469,2661400,0.0,0
2013-06-27,35.94283098156728,36.666177249708724,35.855530939011075,36.42921829223633,3055200,0.0,0
2013-06-28,36.34191573977077,36.622524699141366,36.13613742206406,36.20473098754883,3592400,0.0,0
2013-07-01,36.37933008219466,36.603817243653644,35.786933934732915,35.843055725097656,2431300,0.0,0
2013-07-02,35.81187383583988,36.2795545816897,35.79940206383421,36.06753921508789,2738000,0.0,0
2013-07-03,35.89294588041053,36.086252435799665,35.39408442183123,35.818115234375,1273400,0.0,0
2013-07-05,35.86800225398246,36.02389586476364,35.001234158638766,35.76823043823242,1536800,0.0,0
2013-07-08,35.86799464861072,36.154838260726926,35.674685755881676,35.761985778808594,1447700,0.0,0
2013-07-09,35.89294753718758,36.441691360957826,35.743288616956164,36.14861297607422,1550400,0.0,0
2013-07-10,36.073775478256636,36.14860611354024,35.668453574833656,36.11119079589844,1890400,0.0,0
2013-07-11,36.510286066892505,36.96549516105213,36.45416426740719,36.840782165527344,1946200,0.0,0
2013-07-12,36.85324758230193,36.959256471547604,36.422982085210776,36.5601692199707,1287700,0.0,0
2013-07-15,36.27332090755469,36.659938739740596,36.154842630512405,36.54769515991211,847500,0.0,0
2013-07-16,36.54769975973398,36.9654935093191,36.44792794052352,36.62876510620117,1917200,0.0,0
2013-07-17,36.63500213623047,36.7784239868034,36.391808460096016,36.63500213623047,1131500,0.0,0
2013-07-18,36.57887816952629,37.04032432213954,36.52275637229965,36.847015380859375,1014100,0.0,0
2013-07-19,36.84078051936688,36.92808056383256,36.47287149001309,36.62876510620117,1471100,0.0,0
2013-07-22,36.62251367854663,36.82829431307659,36.466620123447036,36.69734191894531,807900,0.0,0
2013-07-23,36.78466106394672,36.90937406183765,36.47910851011885,36.63500213623047,904400,0.0,0
2013-07-24,36.647470387327516,36.69735510593681,35.61857160244237,35.818115234375,1886100,0.0,0
2013-07-25,35.75575731520627,36.210966356067,35.63727903183078,35.99895095825195,1583000,0.0,0
2013-07-26,35.9365870307885,36.2359024048057,35.71833460184563,36.22343063354492,733300,0.0,0
2013-07-29,36.22968360643679,36.341927225659695,35.942839858977514,36.0301399230957,1427800,0.0,0
2013-07-30,36.2421507173605,36.535231505232325,35.861769876611476,35.95530700683594,1487200,0.0,0
2013-07-31,35.72457365109845,35.91788016945533,34.34647496371119,34.920162200927734,3363400,0.0,0
2013-08-01,35.08228876685532,35.25689118688795,34.58966688197888,34.70814514160156,2309900,0.0,0
2013-08-02,34.55849740170864,34.92017175092797,34.22176898195883,34.265419006347656,1993300,0.0,0
2013-08-05,34.38389425091409,34.38389425091409,34.01598523605811,34.22800064086914,1660800,0.0,0
2013-08-06,34.140695145975585,34.41506699947548,33.966095091816314,34.13446044921875,1688500,0.0,0
2013-08-07,34.028462117537856,34.17188397485523,33.78526842996718,33.82891845703125,1646400,0.0,0
2013-08-08,33.984799105845056,33.984799105845056,33.616890176338316,33.835140228271484,1776200,0.0,0
2013-08-09,33.6792587718864,34.03469843666424,33.479715115825734,33.80397415161133,1628200,0.0,0
2013-08-12,33.67302687338944,33.735383379063094,33.055687000728085,33.342533111572266,1431300,0.0,0
2013-08-13,33.34252518601918,33.37993812903099,32.72518546010012,32.83742904663086,1462000,0.0,0
2013-08-14,32.77507252287916,32.98708792180799,32.63788538864649,32.781307220458984,1073900,0.0,0
2013-08-15,32.51317582511789,32.55682585220202,31.93325131814529,32.294925689697266,1811800,0.0,0
2013-08-16,32.24504142841442,32.3198720917981,31.534166777507313,31.59652328491211,3952000,0.0,0
2013-08-19,31.453090621904682,31.752406036485947,31.353318817044258,31.459327697753906,1936100,0.0,0
2013-08-20,31.571565668654493,32.188902858234584,31.546622127182335,32.0018310546875,1947200,0.0,0
2013-08-21,31.814762286422095,32.413393066383854,31.328375075046573,31.976890563964844,2208600,0.0,0
2013-08-22,32.03925803238823,32.41963885272061,31.69005546087453,32.33233642578125,1597100,0.0,0
2013-08-23,32.31362716410983,32.78130799228057,32.03925526793218,32.743892669677734,1869200,0.0,0
2013-08-26,32.7813088701866,33.2552267875235,32.750130623223114,32.993324279785156,1824400,0.0,0
2013-08-27,32.70023449577529,33.111793426796304,32.531869154164816,32.999549865722656,1640300,0.0,0
2013-08-28,32.930971377598034,32.930971377598034,32.33857510568887,32.48823165893555,1488000,0.0,0
2013-08-29,32.388459830521754,32.52564698662123,32.05173139634272,32.48823165893555,1070800,0.0,0
2013-08-30,32.58176409276662,32.76883594673631,32.288683348340555,32.357276916503906,1818400,0.0,0
2013-09-03,32.58799078308212,32.64411256335783,31.65886643920845,31.96441650390625,1634900,0.0,0
2013-09-04,32.05796376616882,32.619181746946055,31.802298325758713,32.425872802734375,1579100,0.0,0
2013-09-05,32.407158534610396,32.432099699841864,31.98936249858185,32.263736724853516,1233900,0.0,0
2013-09-06,32.519402013112455,33.20533281938487,32.519402013112455,33.07438278198242,2166900,0.0,0
2013-09-09,33.07439460316137,33.797740983830145,33.03697927392488,33.79150390625,2168100,0.0,0
2013-09-10,33.81020362595261,33.972331918013346,33.65431003103951,33.922447204589844,1410800,0.0,0
2013-09-11,33.90997720889152,34.24047088623047,33.779024774452736,34.24047088623047,1709200,0.0,0
2013-09-12,34.227996704698484,34.44001208512806,34.015981324268914,34.12199020385742,1384500,0.0,0
2013-09-13,33.98480990208478,34.20929710038629,33.85385982932487,34.040931701660156,1381400,0.0,0
2013-09-16,34.42754803551805,34.70192234159405,33.96610423143236,34.17811965942383,1735600,0.0,0
2013-09-17,34.15940541035865,34.53355148351694,34.00974888409342,34.01598358154297,1619000,0.0,0
2013-09-18,34.090815529555314,35.525038730232666,33.872565414016336,35.22572326660156,3149900,0.0,0
2013-09-19,35.45180658006991,35.765817262983354,35.16919648630554,35.36388397216797,2451900,0.4,0
2013-09-20,35.48320795377322,35.56485140393508,35.01847107867271,35.231998443603516,5784600,0.0,0
2013-09-23,35.024753297936876,35.42040744545447,34.61025927529845,34.65422058105469,1155600,0.0,0
2013-09-24,34.69817961511258,34.79238377597208,34.05131839072544,34.095279693603516,1786200,0.0,0
2013-09-25,34.11412441679649,34.51605775493716,33.91315774772616,34.26485061645508,1290700,0.0,0
2013-09-26,34.245996936180866,34.47208496249866,34.11411305273245,34.333919525146484,1218000,0.0,0
2013-09-27,34.095275702759515,34.43440776730478,33.938270383512005,34.25856018066406,1003100,0.0,0
2013-09-30,34.057590837636056,34.516046045657646,33.50493148732186,33.643096923828125,1728400,0.0,0
2013-10-01,33.66823358429999,34.30253425622658,33.53634964197544,34.10784912109375,2152600,0.0,0
2013-10-02,33.9759524832241,34.28996314349682,33.55517934840004,33.96339416503906,1810200,0.0,0
2013-10-03,33.894320264623445,34.02620420131796,33.0527713800732,33.19721603393555,2069200,0.0,0
2013-10-04,33.15952737398195,33.36049401779852,32.77015480105127,33.052764892578125,1448800,0.0,0
2013-10-07,32.79527369022308,33.3981735749738,32.77643142177318,33.28512954711914,1346200,0.0,0
2013-10-08,33.228616063164715,33.26629821402655,32.73876008051987,32.77016067504883,1333200,0.0,0
2013-10-09,32.77643818420553,33.146970930686045,32.74503759125871,32.79528045654297,1095700,0.0,0
2013-10-10,33.00251782663063,33.63682066183169,32.870633932634355,33.62425994873047,1802400,0.0,0
2013-10-11,33.62427206864494,33.74987684922055,33.29141904076278,33.7373161315918,1265500,0.0,0
2013-10-14,33.53006375026015,33.7749917245431,33.429580417330946,33.680789947509766,1259000,0.0,0
2013-10-15,33.498654324390564,33.90686910435785,33.42329244349434,33.67449951171875,1256700,0.0,0
2013-10-16,33.86291270344107,34.42813292114786,33.74987105561122,34.396732330322266,1554500,0.0,0
2013-10-17,34.503501346706294,34.98707820319528,34.23345190222917,34.91799545288086,1473600,0.0,0
2013-10-18,35.181759573934535,35.20688100523265,34.56629888139992,34.67306137084961,1483900,0.0,0
2013-10-21,34.616547376681915,34.71703072946731,34.359058635437336,34.57258605957031,1442300,0.0,0
2013-10-22,34.68562708818997,35.125242616453704,34.5977044616796,34.83635330200195,2067800,0.0,0
2013-10-23,34.79865121535961,34.96193565738322,34.509762066396796,34.886573791503906,1517900,0.0,0
2013-10-24,34.79867178988087,34.79867178988087,33.6682335504837,33.80011749267578,3471400,0.0,0
2013-10-25,33.79383092133972,34.57885763707294,33.668226167680125,34.48465347290039,2405700,0.0,0
2013-10-28,34.541188803382695,34.585150124748196,33.756161785124,34.14553451538086,1684000,0.0,0
2013-10-29,34.145522061042655,34.195764921827404,33.580304251483,33.81895065307617,1538400,0.0,0
2013-10-30,33.81895036029438,33.98223726071973,33.24745100022856,33.379337310791016,2162000,0.0,0
2013-10-31,33.66195071541731,33.831516804244146,32.506391084521454,32.88320541381836,2930200,0.0,0
2013-11-01,32.939733246987196,33.260023207394305,32.864371326134744,33.22234344482422,2133700,0.0,0
2013-11-04,33.234887936143025,33.530058730557094,33.165807601611746,33.51749801635742,1733800,0.0,0
2013-11-05,33.42957749245523,33.53006081659278,32.95228230172973,33.00880432128906,1300700,0.0,0
2013-11-06,33.05276199512931,33.29140836642182,33.02136140898146,33.07160186767578,1190100,0.0,0
2013-11-07,33.10928620511016,33.16580822221068,32.85807670783866,32.939720153808594,1687500,0.0,0
2013-11-08,32.782718749734215,32.889481241670055,32.016531847280405,32.46870803833008,1694400,0.0,0
2013-11-11,32.462413032111414,32.663379612485166,32.374490452661725,32.437294006347656,1252800,0.0,0
2013-11-12,32.30541773901598,32.41218261546726,31.953727312379634,32.21121597290039,1265200,0.0,0
2013-11-13,32.14841599227518,32.38078564522527,31.985131475334768,32.37450408935547,1895700,0.0,0
2013-11-14,32.644546865381976,32.93343608822429,32.49382309507778,32.70106887817383,1442100,0.0,0
2013-11-15,32.6382671842475,32.763869525587495,32.135848236043145,32.26773452758789,1609600,0.0,0
2013-11-18,32.39962648042501,32.487549099511675,31.903488963336912,32.167259216308594,1691300,0.0,0
2013-11-19,32.08561108368113,32.16097297539012,31.872083727412864,32.060489654541016,1316000,0.0,0
2013-11-20,32.04793127383161,32.37450268930129,31.67111939213433,31.803003311157227,1005700,0.0,0
2013-11-21,31.81556026314183,32.02280845055776,31.696237073718596,31.922325134277344,1097000,0.0,0
2013-11-22,32.02280845055776,32.035366768845485,31.802999549142875,31.922325134277344,2070100,0.0,0
2013-11-25,32.15469782663095,32.15469782663095,31.58947757903497,31.777883529663086,1440600,0.0,0
2013-11-26,31.796716521125003,31.991401575142387,31.45130531317102,31.96000099182129,2490300,0.0,0
2013-11-27,32.01652611552347,32.719909312346346,31.972564815453985,32.663387298583984,3602800,0.0,0
2013-11-29,32.763873012568205,32.763873012568205,32.17353380002412,32.368221282958984,1665800,0.0,0
2013-12-02,32.217500149810114,32.55663231034885,32.16725967919978,32.44358825683594,3862500,0.0,0
2013-12-03,32.30541534332611,32.78271288081073,32.24889332956375,32.663387298583984,2433500,0.0,0
2013-12-04,32.38706702254454,33.8063968866193,32.30542356062936,33.24117660522461,6087300,0.0,0
2013-12-05,33.24117723747326,33.34166057877553,32.81412243801062,33.04648971557617,1904900,0.0,0
2013-12-06,33.26001154795924,33.486099626972745,33.015083594265086,33.385616302490234,1860800,0.0,0
2013-12-09,33.27886061725907,33.605429691762076,33.27886061725907,33.58658981323242,1856200,0.0,0
2013-12-10,33.58030781372994,33.9445590102138,33.454703044155195,33.91315841674805,3630700,0.0,0
2013-12-11,33.844070521816086,33.90059253973512,33.31653248647549,33.37305450439453,3287200,0.0,0
2013-12-12,33.27885225641172,33.599142089507126,32.933438598735584,32.939720153808594,2765200,0.0,0
2013-12-13,32.971124436289145,33.10928991484035,32.58175182803126,32.788997650146484,2020800,0.0,0
2013-12-16,32.83295699208521,32.902039727224945,32.588029037107184,32.600589752197266,1785000,0.0,0
2013-12-17,32.50011193941888,32.58803456425027,32.24262322567901,32.4184684753418,1949100,0.0,0
2013-12-18,32.46870986896517,32.97740571686549,31.960011625353115,32.971126556396484,2711500,0.0,0
2013-12-19,32.952288969933285,33.05905147531008,32.41219009500812,32.6822395324707,1641600,0.0,0
2013-12-20,32.52523745328574,32.73248332413724,32.43103326017278,32.63199996948242,2570600,0.0,0
2013-12-23,32.68850910056713,32.85179598473456,32.42474129712757,32.562904357910156,1706100,0.0,0
2013-12-24,32.59471332263993,32.85547093217601,32.56291408755039,32.76007080078125,869200,0.65,0
2013-12-26,32.93813741287116,33.08441577535727,32.798217924351775,32.9190559387207,1750700,0.0,0
2013-12-27,32.931787279825535,33.05262776129615,32.73463058037508,32.969947814941406,1290300,0.0,0
2013-12-30,32.95722738278512,33.22434627428739,32.9190668479631,33.109867095947266,1265600,0.0,0
2013-12-31,33.08442906135158,33.26886802008018,32.893631226102656,32.98902893066406,1676400,0.0,0
2014-01-02,32.90634718416081,33.26886375246926,32.785506710640796,33.065345764160156,1520600,0.0,0
2014-01-03,33.11622218100462,33.4596596767096,33.01446319258748,33.34518051147461,1300200,0.0,0
2014-01-06,33.415132572311094,33.82852730608268,33.34517282899395,33.60593032836914,1562000,0.0,0
2014-01-07,33.68225272544647,33.81581092706272,33.56141469914492,33.66317367553711,1180200,0.0,0
2014-01-08,33.5805031190959,33.96846008300781,33.52326352727077,33.96846008300781,2038800,0.0,0
2014-01-09,34.09565768573404,34.14653597243814,33.72042092005336,33.9875373840332,2154100,0.0,0
2014-01-10,34.15925977804735,34.27373896794562,33.90486346526044,34.070220947265625,2115300,0.0,0
2014-01-13,33.91122038572095,34.108379518311274,33.77766214725301,33.84762191772461,1917400,0.0,0
2014-01-14,33.91757390462457,34.222850847977426,33.86669320100302,34.01933288574219,1816200,0.0,0
2014-01-15,34.19106094765199,34.30554014402495,34.08930193155672,34.20378112792969,1926000,0.0,0
2014-01-16,34.26737617039825,34.40093440128927,34.146535691484175,34.27373504638672,1680100,0.0,0
2014-01-17,34.30553037242998,34.388210307621286,34.102012398209546,34.2419319152832,1794100,0.0,0
2014-01-21,34.42637661374792,34.699854392390115,34.30553612831818,34.61081314086914,2155800,0.0,0
2014-01-22,34.62353139636854,34.89065028384132,34.31189552479719,34.33097457885742,2342800,0.0,0
2014-01-23,34.15925005568248,34.2355711113097,34.0129716715852,34.197410583496094,2306300,0.0,0
2014-01-24,34.81432769494136,34.81432769494136,34.0193348508729,34.15289306640625,2667000,0.0,0
2014-01-27,34.070219005160936,34.38821619761241,33.83490176206213,33.93666076660156,4027300,0.0,0
2014-01-28,33.91121642093489,34.31189351561893,33.89849624359761,34.25465393066406,2243300,0.0,0
2014-01-29,34.09565530098335,34.4390928101872,34.00025518416259,34.311893463134766,3138300,0.0,0
2014-01-30,34.47089931203633,35.13869299227513,34.34369993815126,35.06873321533203,2690400,0.0,0
2014-01-31,34.77617412995455,35.367649118491485,34.67441512257862,35.221370697021484,3483600,0.0,0
2014-02-03,35.12597107733393,35.138691256706785,34.731655221279865,34.85249328613281,3092100,0.0,0
2014-02-04,34.992412323894136,35.2976893460219,34.82069354404863,35.221370697021484,3303500,0.0,0
2014-02-05,34.97332775850456,35.583881706573884,34.6998500143666,35.47576141357422,3253900,0.0,0
2014-02-06,35.405799431884404,35.94639601073131,35.39308168162381,35.920955657958984,3199000,0.0,0
2014-02-07,36.124475496972224,36.340713654474065,35.97183822469192,36.16899490356445,2175700,0.0,0
2014-02-10,36.18808373666767,36.68415861158408,36.10540378213954,36.633277893066406,2247100,0.0,0
2014-02-11,36.54422937870334,37.07210577588558,36.49335109979302,36.90674591064453,1986000,0.0,0
2014-02-12,36.91311092040795,37.0212287902832,36.773191393627464,37.0212287902832,2510700,0.0,0
2014-02-13,36.86222636473862,37.43462216355854,36.79862790981442,37.07846450805664,3557200,0.0,0
2014-02-14,37.091189947138375,37.358308833197704,37.014871305175376,37.25654983520508,1835700,0.0,0
2014-02-18,37.20566542673919,37.536382743889725,37.18658637467543,37.52366256713867,2255500,0.0,0
2014-02-19,37.42825471443678,37.739892915077036,37.11661893992167,37.19929885864258,2621600,0.0,0
2014-02-20,37.2183781503799,37.41553721135102,36.88766089945665,37.35193634033203,2025000,0.0,0
2014-02-21,37.32650940496552,37.53002741310885,37.103912341723145,37.339229583740234,1424300,0.0,0
2014-02-24,37.402828609167145,37.61906678528307,37.23746871948242,37.23746871948242,2066800,0.0,0
2014-02-25,37.32650531426849,37.58090400963052,37.154786558817975,37.390106201171875,1594800,0.0,0
2014-02-26,37.56182135610866,37.56182135610866,37.16114429846464,37.25018310546875,1551100,0.0,0
2014-02-27,37.23745712561885,37.40281696381887,36.88766082713826,37.11661911010742,1184200,0.0,0
2014-02-28,37.12299120849987,37.33922939432094,36.97671279252179,37.18659210205078,2544900,0.0,0
2014-03-03,37.11663241467549,37.40283037097546,37.014873410893955,37.21839141845703,1969500,0.0,0
2014-03-04,37.59362578710177,37.78442360368131,37.45370625608471,37.7780647277832,2001500,0.0,0
2014-03-05,37.746269310752744,37.77807097387887,37.192954823351215,37.36467361450195,2074300,0.0,0
2014-03-06,37.34557739307658,37.35829756725544,36.98306092041713,37.11661911010742,2023400,0.0,0
2014-03-07,36.99579210584891,37.103912412577415,36.5823972124485,37.04667282104492,1842800,0.0,0
2014-03-10,37.02758443423128,37.072103835745004,36.56966781737531,36.715946197509766,1643200,0.0,0
2014-03-11,36.72231307754455,37.014869882261245,36.69051142066708,36.93218994140625,1227600,0.0,0
2014-03-12,36.83678755400186,37.28834533691406,36.81770850195122,37.28834533691406,1625400,0.0,0
2014-03-13,37.281988073191805,37.39010837414825,36.77319307902419,36.824073791503906,1938700,0.0,0
2014-03-14,36.82407207162539,37.250187101174596,36.82407207162539,36.93218994140625,1233900,0.0,0
2014-03-17,37.09118661073005,37.32014494214978,36.95126709127895,37.12298583984375,920800,0.0,0
2014-03-18,37.09754396526729,37.192941642458656,36.91310505945509,37.14842224121094,890300,0.0,0
2014-03-19,37.091179229347254,37.34557786388126,36.3216268777634,36.429744720458984,1848100,0.0,0
2014-03-20,36.42334462645351,36.71206283569336,36.256528573341406,36.71206283569336,1519400,0.5,0
2014-03-21,36.82753918516764,37.08417561358093,36.63505880449553,36.69280242919922,1971600,0.0,0
2014-03-24,36.79545724131808,36.808289429775456,36.28859925844515,36.50032424926758,1772100,0.0,0
2014-03-25,36.64147508768248,37.180414753866266,36.64147508768248,37.103424072265625,1382200,0.0,0
2014-03-26,37.13551597022744,37.199674485503756,36.654319763183594,36.654319763183594,1562600,0.0,0
2014-03-27,36.60297955688008,36.79545749006248,36.36559018753811,36.69280242919922,1135200,0.0,0
2014-03-28,36.78263471977707,37.045688516059265,36.65431525750743,36.821128845214844,1039200,0.0,0
2014-03-31,36.99435394375527,37.43705344921361,36.71846799981333,37.20608139038086,2426100,0.0,0
2014-04-01,37.30873125482587,37.58461716031733,37.007180974988835,37.57178497314453,1922300,0.0,0
2014-04-02,37.48196906154852,38.072237582059785,37.34081986223348,37.99524688720703,2168300,0.0,0
2014-04-03,37.99524937213617,38.110736645713324,37.41781300425043,37.62312316894531,1964600,0.0,0
2014-04-04,37.84767521547255,38.11072896393364,37.58462146701145,37.95674514770508,1343300,0.0,0
2014-04-07,38.03374912879856,38.63043264811596,37.93751135156418,38.309635162353516,2048600,0.0,0
2014-04-08,38.12356554750053,38.559850249714444,38.07865410293353,38.52777099609375,1823300,0.0,0
2014-04-09,38.59193149926917,38.71383364059753,38.2775489434885,38.51493835449219,1828400,0.0,0
2014-04-10,38.51492949365095,38.71382473399795,37.84767285819211,37.963157653808594,1781900,0.0,0
2014-04-11,37.56537604782071,37.950334406534886,36.962277800905504,37.039268493652344,3851500,0.0,0
2014-04-14,37.32798678051819,37.469138423952835,36.94944573925344,37.26382827758789,2024600,0.0,0
2014-04-15,37.206080476128975,37.50121347251567,37.090593225805534,37.218910217285156,2609000,0.0,0
2014-04-16,37.488380432128906,37.72576979796036,37.03926362968504,37.488380432128906,3333900,0.0,0
2014-04-17,37.3279776817876,37.398553486302006,36.692797888647355,36.891693115234375,3247500,0.0,0
2014-04-21,36.91736493689117,37.372896652033404,36.78904548893127,37.36648178100586,3147000,0.0,0
2014-04-22,37.34082132597391,37.34082132597391,36.923783688151225,37.2959098815918,1574000,0.0,0
2014-04-23,37.302319785809786,37.34723122421112,36.968690209478524,37.11625671386719,1811600,0.0,0
2014-04-24,37.10342070612281,37.571784518560506,36.994348340218465,37.55895233154297,1243300,0.0,0
2014-04-25,37.558965109737535,37.70011431997295,37.45631002616167,37.635955810546875,1354500,0.0,0
2014-04-28,37.76427589916475,38.22622500661322,37.68086787754427,38.174896240234375,1764500,0.0,0
2014-04-29,38.316045199340444,38.316045199340444,37.99524777455692,38.05940628051758,1325100,0.0,0
2014-04-30,38.02732836197112,38.14923050657014,37.71294579775549,38.13639831542969,1318000,0.0,0
2014-05-01,37.21249963431015,38.264714749612935,37.21249963431015,38.232635498046875,1755200,0.0,0
2014-05-02,38.11714912005893,38.63684181846804,38.04657329647979,38.63042449951172,1721000,0.0,0
2014-05-05,38.4892879286971,39.00897835013356,38.45079134479812,39.0025634765625,2001900,0.0,0
2014-05-06,38.8613993579338,39.1693645881873,38.688168457011805,39.08595657348633,2445600,0.0,0
2014-05-07,39.20144228943955,39.71472010037341,38.97688508277348,39.48374557495117,1575400,0.0,0
2014-05-08,39.413172437906645,39.81096056573176,39.413172437906645,39.59923553466797,1208900,0.0,0
2014-05-09,39.70829682918576,39.81095188648614,39.43882822158089,39.64413833618164,1049500,0.0,0
2014-05-12,39.74038471193681,40.00343850640311,39.56715380619216,39.97135925292969,1278200,0.0,0
2014-05-13,39.72755355044078,40.14459119887168,39.445252686073694,39.59281921386719,1652000,0.0,0
2014-05-14,39.61206501518667,39.70830276908892,39.27843541718092,39.522239685058594,1436500,0.0,0
2014-05-15,39.52865420562534,39.61847708190497,39.162945382206935,39.4388313293457,1409400,0.0,0
2014-05-16,39.381092163651886,39.74038370947521,39.374674844624984,39.682640075683594,1531600,0.0,0
2014-05-19,39.65697208270116,39.79170639179832,39.41958026477982,39.54148483276367,1126700,0.0,0
2014-05-20,39.62489442394199,39.68905537349303,39.1950270756549,39.40033721923828,1188100,0.0,0
2014-05-21,39.43884610297478,39.59282753499501,39.09238420969315,39.162960052490234,1013900,0.0,0
2014-05-22,39.18861817591486,39.2720237518054,38.854988529881666,38.906314849853516,1300200,0.0,0
2014-05-23,39.02821673722135,39.137286689265004,38.842153639333766,39.124454498291016,1209000,0.0,0
2014-05-27,39.22068910153566,39.470910671042034,39.162945474150355,39.4067497253418,1419800,0.0,0
2014-05-28,39.34259380214016,39.39392256205986,38.93838838398742,39.259185791015625,1491800,0.0,0
2014-05-29,39.2463546279179,39.56715204333979,39.18219612382955,39.5094108581543,1263400,0.0,0
2014-05-30,39.54148852959136,39.727549163006145,39.445248329815826,39.65055847167969,1823500,0.0,0
2014-06-02,39.65697502407006,40.02909873119936,39.5479026365993,39.84945297241211,1144200,0.0,0
2014-06-03,39.804548587174686,40.04835288945481,39.69547618037329,39.907203674316406,1029600,0.0,0
2014-06-04,39.81738560500569,39.95211996430503,39.701898312037514,39.86229705810547,854800,0.0,0
2014-06-05,39.90078870870453,40.56804803823753,39.71472803493265,40.53596878051758,1280000,0.0,0
2014-06-06,40.57446010290759,40.5808749746245,40.05476738419143,40.195919036865234,1069700,0.0,0
2014-06-09,40.118925804772836,40.25366258543906,39.458083882298666,39.59923553466797,1413900,0.0,0
2014-06-10,39.50299783702116,39.663396562182854,39.06029823667142,39.18861770629883,1284300,0.0,0
2014-06-11,39.13728925385406,39.509415474013934,38.9897227192187,39.31052017211914,1002000,0.0,0
2014-06-12,39.20144731675284,39.32335191385355,38.829323548342494,39.29768753051758,1145000,0.0,0
2014-06-13,39.38750380126422,39.72754825706757,38.938386958369854,39.62489318847656,1283600,0.0,0
2014-06-16,39.51581975350168,39.650554060205096,39.18860751615202,39.33617401123047,1366100,0.0,0
2014-06-17,39.227099276388635,39.451658888222155,39.09877984783942,39.342586517333984,1061300,0.0,0
2014-06-18,39.28485241893599,39.76604855701334,38.919143549796416,39.656978607177734,1694600,0.0,0
2014-06-19,39.80575040285429,40.07741666924972,39.59229622144342,40.06447982788086,1846900,0.5,0
2014-06-20,40.07095630617178,40.226193494133796,39.93512314984236,40.15504455566406,2714500,0.0,0
2014-06-23,40.06448243879393,40.29087347632706,40.05154559658201,40.07741928100586,1588700,0.0,0
2014-06-24,40.051539011411265,40.40729594512062,40.03860463877633,40.29086685180664,1554400,0.0,0
2014-06-25,40.2585255854371,40.782454032695966,40.2585255854371,40.7565803527832,1783700,0.0,0
2014-06-26,40.85361293467344,40.85361293467344,40.504325593941644,40.724246978759766,1731200,0.0,0
2014-06-27,40.588405430692724,41.099399493641606,40.588405430692724,41.09292984008789,1439800,0.0,0
2014-06-30,40.963568605698775,41.08646488795288,40.51078906286524,40.75011444091797,2018200,0.0,0
2014-07-01,40.88593837133161,41.0993924881225,40.65954988453775,40.95062255859375,1389900,0.0,0
2014-07-02,40.97004351410075,41.05413175857075,40.704844405341944,41.041194915771484,823000,0.0,0
2014-07-03,40.99590747173236,41.02177868374141,40.58840565632867,40.873008728027344,786400,0.0,0
2014-07-07,40.84066786242861,41.00237465787215,40.756579637912004,40.873008728027344,1426400,0.0,0
2014-07-08,40.98944640143575,41.31932971499091,40.860080444501385,41.08000183105469,2663100,0.0,0
2014-07-09,41.1705549075368,41.24817348562903,40.834204445870284,41.131744384765625,2147100,0.0,0
2014-07-10,40.86006871188053,41.46161814156269,40.79538698571135,41.26757049560547,3383600,0.0,0
2014-07-11,41.33226355462128,41.53277842922417,41.13821339959237,41.51984405517578,1105400,0.0,0
2014-07-14,41.53925201794997,41.68155482046218,41.332267469268814,41.571590423583984,1274700,0.0,0
2014-07-15,41.597455041117556,41.84325253183891,41.47456123065672,41.804439544677734,1527600,0.0,0
2014-07-16,41.862658587118354,41.998491711516905,41.68154775458695,41.966148376464844,924100,0.0,0
2014-07-17,41.74622966872137,42.02436557270103,41.675078279221914,41.72035598754883,974700,0.0,0
2014-07-18,41.65567394781838,42.03729963880074,41.59099221280951,41.914405822753906,1320400,0.0,0
2014-07-21,41.91441049303455,41.99202660973349,41.688016992927714,41.84972381591797,857900,0.0,0
2014-07-22,42.011429653372396,42.2766312056074,41.90793985523469,42.16667175292969,1055000,0.0,0
2014-07-23,42.0890484993289,42.289563365465646,42.056705163222865,42.250755310058594,878000,0.0,0
2014-07-24,42.30250794544261,42.606517577082975,42.24429092017702,42.58710861206055,1749300,0.0,0
2014-07-25,42.44480264629617,42.4642066727148,41.920869258493475,41.94027328491211,1571700,0.0,0
2014-07-28,41.79150581491595,42.60650946923639,41.79150581491595,42.46420669555664,1148300,0.0,0
2014-07-29,42.658253692760944,42.658253692760944,42.16666855283811,42.3025016784668,1028500,0.0,0
2014-07-30,42.27663214405973,43.18865605842653,42.10198601190612,42.94286346435547,2217100,0.0,0
2014-07-31,42.716476194352644,42.84583968254306,41.80444731743778,41.817386627197266,3608000,0.0,0
2014-08-01,41.67507582572062,42.050236778285736,41.46809132342603,41.48102569580078,2478100,0.0,0
2014-08-04,41.61040465525273,42.2636967263364,41.293458167728865,42.11492919921875,1567200,0.0,0
2014-08-05,41.869126729162836,42.04376790139731,41.40987507552798,41.629798889160156,1415200,0.0,0
2014-08-06,41.830323152398066,41.836792807610394,41.44869738818786,41.72683334350586,1660000,0.0,0
2014-08-07,41.97908544664589,41.97908544664589,41.62332851963795,41.7462272644043,1265100,0.0,0
2014-08-08,41.933807849970144,42.12785304574286,41.57805092203711,42.05670166015625,1368900,0.0,0
2014-08-11,42.04376785285245,42.39305513181798,41.98555577380814,42.14726257324219,1118600,0.0,0
2014-08-12,42.082581443395675,42.296035631114044,41.95968761538554,41.97909164428711,1092700,0.0,0
2014-08-13,42.16018906658124,42.75526879290893,42.11491136859759,42.63883972167969,1108500,0.0,0
2014-08-14,42.76174816307509,42.76174816307509,42.45773857828471,42.54182434082031,937600,0.0,0
2014-08-15,42.60650698593719,42.6711887152308,42.18606834317933,42.48360824584961,2729900,0.0,0
2014-08-18,42.76820710059924,43.21451441748727,42.64530837969588,43.20158004760742,1318700,0.0,0
2014-08-19,43.22099296915115,43.2727403291231,42.84583201170428,43.21452331542969,801300,0.0,0
2014-08-20,43.208069550225964,43.53794795014949,42.8846558707629,43.39564514160156,1069300,0.0,0
2014-08-21,43.42797710383762,43.61555758096159,43.29214398624436,43.402103424072266,1196400,0.0,0
2014-08-22,43.318025896757995,43.447389385264984,42.81996610271448,42.9687385559082,1063200,0.0,0
2014-08-25,43.16277921584546,43.16277921584546,42.580633775995146,42.865234375,1063300,0.0,0
2014-08-26,43.05928188027868,43.10455958201801,42.79408532291957,42.83289337158203,850800,0.0,0
2014-08-27,42.83290347959393,43.11103940874326,42.69707034232108,42.813499450683594,774000,0.0,0
2014-08-28,42.787625767169644,42.94933258795645,42.58064123395855,42.813499450683594,1049300,0.0,0
2014-08-29,42.97520199108874,43.091631087854786,42.781151851511986,42.994606018066406,2211200,0.0,0
2014-09-02,43.09810043867584,43.13044377704793,42.7294090817767,42.88465118408203,1363100,0.0,0
2014-09-03,43.046367504302786,43.117518916500444,42.528903585574675,43.03342819213867,1526900,0.0,0
2014-09-04,42.968733403680005,43.201591602992,42.6970671494494,42.9493293762207,1458500,0.0,0
2014-09-05,42.845829694182555,43.51853053273211,42.845829694182555,43.50559616088867,1657300,0.0,0
2014-09-08,43.60908205677137,43.92603089005542,43.518526657232826,43.75785446166992,2142300,0.0,0
2014-09-09,43.59614738727477,43.6737634806906,43.3180115377701,43.43444061279297,1563500,0.0,0
2014-09-10,43.292146621896705,43.292146621896705,41.73329063170364,41.785037994384766,3964100,0.0,0
2014-09-11,41.62332647560787,41.9661440784897,41.57804877211215,41.8432502746582,2421300,0.0,0
2014-09-12,41.84325943845557,41.84325943845557,40.31674662214677,40.51726150512695,3324100,0.0,0
2014-09-15,40.34261750498022,40.71130886396777,40.0515447301347,40.16150665283203,2141300,0.0,0
2014-09-16,40.180900504058435,40.62074314853364,40.17443331845571,40.433162689208984,2374900,0.0,0
2014-09-17,40.5625330912393,40.73070954489281,40.252056331552,40.29086685180664,2353400,0.0,0
2014-09-18,41.02768701878763,41.02768701878763,39.99743167880239,40.036556243896484,2269100,0.5,0
2014-09-19,40.193057798811964,40.401717214078474,39.984398383545454,40.388675689697266,6185000,0.0,0
2014-09-22,40.2191423757787,40.65602226577541,40.15393723881149,40.473445892333984,3196400,0.0,0
2014-09-23,40.47996882340608,40.929890248559786,40.35607557795439,40.486488342285156,3133300,0.0,0
2014-09-24,40.40172239256923,40.70819203626836,39.664894826211196,39.68445587158203,3373500,0.0,0
2014-09-25,39.79530232972567,39.945276137722836,39.573601377161054,39.645328521728516,1922000,0.0,0
2014-09-26,39.586632451270134,40.07567832157466,39.41057563947059,40.036556243896484,1597900,0.0,0
2014-09-29,39.76269816649422,40.134372912155555,39.580121796672216,40.12785339355469,1442300,0.0,0
2014-09-30,40.14088914132115,40.31694596720517,39.72356787584637,40.1539306640625,2426200,0.0,0
2014-10-01,40.15393540208455,40.53864917497664,40.08220826225165,40.44736099243164,3198000,0.0,0
2014-10-02,40.50604710801863,40.76687262200964,40.362595313998376,40.57125473022461,2201500,0.0,0
2014-10-03,40.7277437148502,40.9624861549799,40.44735718774152,40.82555389404297,1871600,0.0,0
2014-10-06,40.890764160857564,41.392851668142555,40.890764160857564,41.1059455871582,2035400,0.0,0
2014-10-07,41.12550146202373,41.26895572819547,40.805992853170885,40.82555389404297,1496800,0.0,0
2014-10-08,40.96249209390198,41.60151189167174,40.95597257513812,41.4515380859375,3202600,0.0,0
2014-10-09,41.54282706201583,42.13620526487354,41.51022449274432,41.7971305847168,2538400,0.0,0
2014-10-10,41.91450682744503,42.78174970060779,41.829740634703725,42.455718994140625,3352100,0.0,0
2014-10-13,42.44267205418918,43.016489241908914,42.338344822225054,42.749141693115234,2920300,0.0,0
2014-10-14,42.91214936954939,43.95545135182225,42.74913405667332,43.50552749633789,4567500,0.0,0
2014-10-15,43.26426264381427,43.94892894151999,42.846943844682265,43.707664489746094,4291500,0.0,0
2014-10-16,43.36860423760797,43.629429787346325,42.5600445359357,43.2186279296875,3237200,0.0,0
2014-10-17,43.49249422865385,43.49249422865385,42.573090223840154,42.970848083496094,2990500,0.0,0
2014-10-20,42.983879638966926,43.818517305768935,42.899113461031156,43.8120002746582,1934300,0.0,0
2014-10-21,43.85764507300418,44.03369943765503,43.52509241218258,44.020660400390625,1947500,0.0,0
2014-10-22,44.09890457364301,44.30756399370435,43.83808402969108,44.020660400390625,1978300,0.0,0
2014-10-23,44.18368104311535,44.53579478960965,43.968499591118785,44.38581848144531,2303500,0.0,0
2014-10-24,44.3010390026734,44.52925942504219,43.85111518798056,44.170623779296875,1678700,0.0,0
2014-10-27,44.235836029052734,44.43797841413931,44.01413757584973,44.235836029052734,1840300,0.0,0
2014-10-28,44.13802482043334,44.229312991688715,43.701140029617186,43.9880485534668,2411000,0.0,0
2014-10-29,44.11195702195199,44.574920043289126,43.79896534458525,44.177162170410156,2662900,0.0,0
2014-10-30,43.857639542574056,44.333641452612376,43.57073101060639,44.32060241699219,2270100,0.0,0
2014-10-31,44.71836642173181,45.36390573416634,44.32060861941532,45.357383728027344,3161700,0.0,0
2014-11-03,45.435638654875895,45.87904060688302,45.20089615235249,45.846435546875,2202900,0.0,0
2014-11-04,45.7160235361897,45.83991678975757,45.207416458139406,45.58561325073242,1767700,0.0,0
2014-11-05,45.68341827392578,45.83991658557765,45.14872814619895,45.68341827392578,2132400,0.0,0
2014-11-06,45.683415638013265,45.918158117113045,45.1878526042099,45.31174087524414,1835100,0.0,0
2014-11-07,45.30521723291614,45.48779358450077,45.00526468407573,45.18132400512695,2021400,0.0,0
2014-11-10,44.985705886903446,45.944236755371094,44.985705886903446,45.944236755371094,2287500,0.0,0
2014-11-11,46.074659605522626,46.074659605522626,45.429115255946094,45.61821365356445,1603600,0.0,0
2014-11-12,45.51389543598537,45.6508277562498,45.05744939360276,45.19438171386719,1846400,0.0,0
2014-11-13,45.31825688512485,45.807302822734115,45.1748026141196,45.631248474121094,1590800,0.0,0
2014-11-14,45.70296541782125,45.761653510548065,45.01830416822153,45.16175842285156,1068200,0.0,0
2014-11-17,45.01831157374169,45.61168475433811,45.01831157374169,45.44866943359375,1586300,0.0,0
2014-11-18,45.318278542039884,45.88557389170815,45.15526315160089,45.761680603027344,1943000,0.0,0
2014-11-19,45.579095700070276,45.7421110602459,45.129171714038684,45.142215728759766,1405100,0.0,0
2014-11-20,45.142207273771206,45.376944771611264,44.95310889440492,45.357383728027344,1122000,0.0,0
2014-11-21,45.592131998280266,45.87904060688302,45.435638654875895,45.846435546875,1843900,0.0,0
2014-11-24,45.77470646830596,46.16594727260214,45.55300798904938,45.68341827392578,1748500,0.0,0
2014-11-25,45.774718342761716,45.87252856920879,45.592141906639064,45.67039108276367,1727600,0.0,0
2014-11-26,45.774706954146154,46.400690257730666,45.67037972010442,46.32244110107422,1164200,0.0,0
2014-11-28,46.21158643425165,46.89624781897904,46.06813215130887,46.192020416259766,1700100,0.0,0
2014-12-01,46.250709555024464,46.60282326425957,46.015967082201065,46.06161117553711,1761600,0.0,0
2014-12-02,46.146363071924526,46.459354597083376,45.79425444651416,46.35502243041992,2648000,0.0,0
2014-12-03,46.32243852873363,46.43328776338285,46.068135002263865,46.27679443359375,1054200,0.0,0
2014-12-04,46.27679512487932,46.58326475746793,46.13334083091586,46.48545455932617,1220800,0.0,0
2014-12-05,46.1724589686213,46.25723012134466,45.63125187157775,45.83338928222656,2096000,0.0,0
2014-12-08,46.02248669123447,46.77887519495387,45.97684260027582,46.668025970458984,1576600,0.0,0
2014-12-09,46.50501051627586,47.28096503518772,46.407200328834676,47.098388671875,1063400,0.0,0
2014-12-10,47.05273400799536,47.58090193672913,46.92884080008727,47.2548713684082,1823400,0.0,0
2014-12-11,47.535276558822055,47.567876643581585,47.046230513926425,47.13099670410156,1411800,0.0,0
2014-12-12,47.00709283342621,47.11794702611233,46.33547054605934,46.348514556884766,1824000,0.0,0
2014-12-15,46.36157037295053,46.550668799701334,45.72906993946818,45.87252426147461,1440000,0.0,0
2014-12-16,46.120303863848854,46.263753189420775,45.50084256435554,45.8920783996582,1575200,0.0,0
2014-12-17,46.05509703859639,47.34618085972609,45.86599862679874,47.12447738647461,2408500,0.0,0
2014-12-18,47.32661003636213,47.58743554961145,47.085345566010766,47.58091354370117,1346100,0.0,0
2014-12-19,47.78306185678864,48.239507852837164,47.43747008717852,47.835227966308594,3722300,0.0,0
2014-12-22,47.926524174894574,48.643790888667525,47.69178161768381,48.61119079589844,1937200,0.0,0
2014-12-23,48.768715563441305,49.05099530926007,48.21728314928273,48.39453125,1737300,0.5,0
2014-12-24,48.374853705812214,48.683392714358796,48.00066927188708,48.066314697265625,661500,0.0,0
2014-12-26,48.066296545059735,48.50612623826201,48.066296545059735,48.30918502807617,696100,0.0,0
2014-12-29,48.25667749937381,48.729332453759966,48.072868352317776,48.40766143798828,1049400,0.0,0
2014-12-30,48.32232538880957,48.545520790715926,47.705247499076194,47.84967041015625,1301500,0.0,0
2014-12-31,47.954718969173285,48.21730068161623,47.121006506049056,47.16039276123047,1472400,0.0,0
2015-01-02,47.44922476474058,48.37484155793978,47.30480186012025,48.19103240966797,1408400,0.0,0
2015-01-05,48.07942505794023,48.78840742567892,47.882488850294926,48.61772537231445,1801800,0.0,0
2015-01-06,48.78184517370616,49.221679922648626,48.65055435840676,48.89344787597656,2043200,0.0,0
2015-01-07,49.09038155870113,49.77310478146174,48.94595866429095,49.61555480957031,1719400,0.0,0
2015-01-08,49.73371992212227,50.2063748593495,49.241371863914466,50.17354965209961,2122400,0.0,0
2015-01-09,50.19981194014492,50.78406460490229,49.86501383737059,50.54773712158203,1909700,0.0,0
2015-01-12,50.72497141028398,51.237017540730655,50.652764977557574,51.131980895996094,1803300,0.0,0
2015-01-13,51.18451081288744,51.223897059373385,50.409882911978244,50.60681915283203,2067900,0.0,0
2015-01-14,50.33110465074384,51.32893295299879,50.33110465074384,51.25672149658203,1460900,0.0,0
2015-01-15,51.47991257309182,51.65059463831102,51.06634200073126,51.5521240234375,1387300,0.0,0
2015-01-16,51.65060639653169,52.26768438235447,51.3486334483529,52.116695404052734,2204300,0.0,0
2015-01-20,52.47774735836824,52.569651941504596,50.83658693318459,51.191078186035156,3457200,0.0,0
2015-01-21,50.89565122132521,51.151671771107246,50.396737197565706,51.026947021484375,2149700,0.0,0
2015-01-22,51.059785216783325,52.07074069652815,51.00726687820386,52.06417465209961,1805100,0.0,0
2015-01-23,52.2414146505595,52.5827737812743,51.85409822443206,52.38583755493164,2128000,0.0,0
2015-01-26,52.30049534346268,52.700938858141164,52.03790869325032,52.5827751159668,1792800,0.0,0
2015-01-27,52.45149860318931,52.93071473775906,52.38585317483491,52.6746940612793,1373400,0.0,0
2015-01-28,53.022595710613025,53.19327775501333,52.241406946995056,52.274227142333984,1641700,0.0,0
2015-01-29,52.090435978782516,52.38584788920857,51.62434697354102,52.08386993408203,1768400,0.0,0
2015-01-30,51.84098052628865,52.03791678826547,50.90223648643456,50.94818878173828,2333100,0.0,0
2015-02-02,51.02039381709714,51.059780062843906,49.85844948332832,50.61338424682617,2397700,0.0,0
2015-02-03,50.633076103075695,51.197635650634766,50.16698717584414,51.197635650634766,2193600,0.0,0
2015-02-04,52.81251536427957,52.81908140521661,50.96785352628974,51.821258544921875,2702200,0.0,0
2015-02-05,51.87380142363463,52.8584977719137,51.84754726176085,52.69438171386719,2177700,0.0,0
2015-02-06,52.438347384342386,52.51712487468681,51.046646780554106,51.28297424316406,2992400,0.0,0
2015-02-09,51.342057545907565,51.52586669573145,51.06634382117173,51.11886215209961,1346700,0.0,0
2015-02-10,51.368335841443695,51.57183818904589,50.685612310399385,51.00727844238281,3666900,0.0,0
2015-02-11,51.10573939596338,51.47336277115497,50.73812102919641,51.18451690673828,2092600,0.0,0
2015-02-12,51.25673017700239,52.56965868558283,51.184518708356485,52.425235748291016,1950700,0.0,0
2015-02-13,52.33331558580643,52.359574749177725,51.433958021927225,51.6965446472168,1885000,0.0,0
2015-02-17,51.47992061430897,52.11669168040872,51.45366144567942,51.86723709106445,2024500,0.0,0
2015-02-18,51.88692399393306,52.57620830621903,51.58495110353773,52.510562896728516,1674700,0.0,0
2015-02-19,52.379263077647074,52.392390153920125,50.77748931750105,50.9284782409668,1671200,0.0,0
2015-02-20,51.013815955269806,51.689973062208985,50.738102282067516,51.63089370727539,1835800,0.0,0
2015-02-23,51.86724852489874,52.4974536856601,51.6703072209747,52.48432159423828,2038800,0.0,0
2015-02-24,52.28737214803604,52.28737214803604,51.03352317915214,51.191078186035156,2011300,0.0,0
2015-02-25,51.21078579841057,51.991974976084606,51.00071740489121,51.00727844238281,2130900,0.0,0
2015-02-26,51.105729580889665,51.17794103312532,50.41644527558158,50.44269943237305,1994800,0.0,0
2015-02-27,50.58056449121188,50.77093468628385,50.23920033031434,50.56743240356445,2717800,0.0,0
2015-03-02,50.731537037911096,51.36174187589736,50.60024624148919,50.9284782409668,1735800,0.0,0
2015-03-03,50.79064103389992,50.948191052187326,50.40332452043009,50.71842956542969,1583500,0.0,0
2015-03-04,50.738111284725356,50.84314293716216,50.23919716248547,50.44269943237305,1139700,0.0,0
2015-03-05,51.01381685223764,51.44051945403302,50.75123025048487,50.76436233520508,1670400,0.0,0
2015-03-06,49.8715830709926,50.08165140200072,49.11664828478638,49.2545051574707,1905000,0.0,0
2015-03-09,49.608994352410036,50.04226308442508,49.503962695464,49.766544342041016,1017300,0.0,0
2015-03-10,49.74683891144559,50.27857312515788,49.55646375888156,49.858436584472656,1547700,0.0,0
2015-03-11,49.79936045702823,50.02255581754045,49.661503615225456,49.73371505737305,1033200,0.0,0
2015-03-12,50.075085987098305,50.757809323557346,49.9241020330148,50.633079528808594,2554500,0.0,0
2015-03-13,50.78406389641666,51.01382533298826,50.31140893637013,50.56086349487305,1503400,0.0,0
2015-03-16,50.784065692044734,51.84097334606801,50.71185423679416,51.795021057128906,1480300,0.0,0
2015-03-17,51.63747285130052,51.80158889009806,51.19107702543426,51.61121368408203,1649200,0.0,0
2015-03-18,51.644034158289436,53.00291476633996,51.289542911612244,52.786285400390625,1926100,0.0,0
2015-03-19,52.628945766862856,53.28333589603015,52.50996528491956,52.701656341552734,1574800,0.552,0
2015-03-20,52.688451403070026,54.18231684145025,52.642181480082485,54.023677825927734,3097600,0.0,0
2015-03-23,54.12281526307218,54.552467359871564,53.8055372835889,53.84519577026367,1295900,0.0,0
2015-03-24,53.719613145092396,54.063336899297575,53.4089465405808,53.428775787353516,2217600,0.0,0
2015-03-25,53.382488660575,53.666719539821,51.974552076919345,52.09353256225586,2605800,0.0,0
2015-03-26,52.22576136680863,52.43728177242165,51.74322776238665,51.888648986816406,2742800,0.0,0
2015-03-27,51.8555908203125,52.35134218587206,51.56475344845393,51.8555908203125,1861400,0.0,0
2015-03-30,52.073727427702984,52.35795843852444,51.75644934862665,52.15304946899414,4373000,0.0,0
2015-03-31,52.12660084090389,52.23235850345659,51.458987630197996,51.465599060058594,3194300,0.0,0
2015-04-01,51.518487405157565,51.683737872797366,51.06239450069763,51.267303466796875,1849600,0.0,0
2015-04-02,51.34662075492739,51.98779331692005,51.234251657662014,51.7630500793457,1461700,0.0,0
2015-04-06,51.96135439422069,52.37117734537708,51.8225446147267,52.27202606201172,1045800,0.0,0
2015-04-07,52.19932329895187,52.3249152796185,51.35984802246094,51.35984802246094,1632400,0.0,0
2015-04-08,51.425940452775016,51.842369758287134,51.37305910009442,51.58457946777344,2342000,0.0,0
2015-04-09,51.4656035816237,51.47882139946279,50.04444861934055,50.150211334228516,1453800,0.0,0
2015-04-10,50.275796015584994,50.66578970556326,49.83292601356112,49.98495864868164,1331300,0.0,0
2015-04-13,49.82631392029269,50.20969617502161,49.7866554260254,49.78665542602539,1185800,0.0,0
2015-04-14,50.28901301924977,50.35511218389159,49.912242233444104,50.30223083496094,1394500,0.0,0
2015-04-15,50.282403488692815,50.355114085457494,49.68750089836506,49.7800407409668,1247900,0.0,0
2015-04-16,49.7866576389994,50.289020441903325,49.46276815431834,50.0841064453125,1010000,0.0,0
2015-04-17,49.91885376894539,50.11715632636891,49.54869437433458,49.78665542602539,1303300,0.0,0
2015-04-20,49.839549817122915,50.04445881516076,49.58175945086729,49.75361633300781,1112300,0.0,0
2015-04-21,49.92546741814843,50.388171725022275,49.83292756538241,50.0841064453125,1668300,0.0,0
2015-04-22,50.23612440765881,50.77814554823028,50.143584581930185,50.40137481689453,2104100,0.0,0
2015-04-23,50.27580088354852,50.70545310992304,50.255971634231,50.56003189086914,946300,0.0,0
2015-04-24,50.56002975833367,51.04256332456519,50.44766065491121,50.599693298339844,835500,0.0,0
2015-04-27,50.692222595214844,51.08221118223522,50.53357855431991,50.692222595214844,1397000,0.0,0
2015-04-28,50.51374571268999,50.764929571364455,50.1105342961212,50.586456298828125,1754000,0.0,0
2015-04-29,50.07749974343827,50.59969179107705,49.4164979175224,49.85275650024414,1894700,0.0,0
2015-04-30,49.54209153469404,49.91886242469461,48.47127165945263,48.82160186767578,2344800,0.0,0
2015-05-01,48.993463751631715,49.8858153282061,48.821601841692136,49.42311096191406,1602100,0.0,0
2015-05-04,49.667666494134195,50.20307624830089,49.55529741736584,49.70732498168945,1267000,0.0,0
2015-05-05,49.54869433897921,49.54869433897921,48.16720299718997,48.2729606628418,1525300,0.0,0
2015-05-06,48.325835131445395,48.41176353773415,47.60534064948822,47.896183013916016,2342200,0.0,0
2015-05-07,48.02177219753413,49.244624274947824,48.02177219753413,49.033103942871094,1491800,0.0,0
2015-05-08,49.91225837647489,50.09733811454919,49.39667766525516,49.469383239746094,1512800,0.0,0
2015-05-11,49.337181375063196,49.6081945745185,48.43160695725544,48.497711181640625,1476800,0.0,0
2015-05-12,48.19363854928183,49.17191828546249,48.04160593246083,48.788536071777344,1444700,0.0,0
2015-05-13,48.96700991709081,49.54868963050932,48.391936590055344,48.51752853393555,1565800,0.0,0
2015-05-14,48.73567636816142,49.56192881203131,48.60347295131542,49.53548812866211,986100,0.0,0
2015-05-15,49.70072229979415,49.86597273431344,49.588348171608324,49.69411087036133,1973900,0.0,0
2015-05-18,49.502419864797076,49.753598710296785,49.363610104675416,49.44293212890625,1125400,0.0,0
2015-05-19,49.29091105335244,49.75361036211774,48.993462218152494,49.3239631652832,1066000,0.0,0
2015-05-20,49.244644998668626,49.80649564440693,49.15210512963148,49.469383239746094,1392900,0.0,0
2015-05-21,49.52225507816257,49.60818854219616,49.07277363943902,49.27107620239258,976700,0.0,0
2015-05-22,49.12566057978709,49.64785268141892,48.88769949440943,49.3239631652832,921500,0.0,0
2015-05-26,49.185134375145154,49.26445134427244,48.689383145930485,48.88106918334961,997900,0.0,0
2015-05-27,49.00667033941445,49.75360051662767,48.755491484795556,49.628013610839844,1615300,0.0,0
2015-05-28,49.58835456900109,49.819709241609594,49.23141802226894,49.50242614746094,1158700,0.0,0
2015-05-29,49.58833999225748,49.68749124522316,49.03310104451725,49.125640869140625,2989400,0.0,0
2015-06-01,49.33716195184905,49.76020259754001,48.867851393130714,49.588340759277344,1311200,0.0,0
2015-06-02,49.37023615484173,49.43633533975413,48.55720155559,48.775333404541016,1140000,0.0,0
2015-06-03,48.77532394623087,49.026502817408236,47.34095123529676,47.53264236450195,2297400,0.0,0
2015-06-04,47.40705152426658,47.75738168336134,47.24841249889312,47.5194206237793,1451800,0.0,0
2015-06-05,47.0633214043417,47.86974432603619,46.7394319670038,47.25501251220703,2034000,0.0,0
2015-06-08,47.2880681033222,47.387219379259975,46.898074429445195,47.02366638183594,2785300,0.0,0
2015-06-09,46.91790230730128,47.122811218004834,46.580790032399726,46.75925827026367,1432900,0.0,0
2015-06-10,46.53453182720872,47.14926375707391,46.303182185440946,46.858421325683594,1895500,0.0,0
2015-06-11,47.155859345019515,47.63178138082828,47.14264152982163,47.321109771728516,1716200,0.0,0
2015-06-12,47.340951474076306,47.565689668940614,47.14264891374836,47.294681549072266,1133000,0.0,0
2015-06-15,47.20213956703457,47.354167152448085,46.89807431012081,47.274845123291016,1660900,0.0,0
2015-06-16,47.33433192199954,48.1143141261217,47.09637090765429,48.02177429199219,2016100,0.0,0
2015-06-17,48.12093460327678,48.75549574649913,47.60534894655517,48.69600296020508,1881400,0.0,0
2015-06-18,48.59685856822586,49.91225600996945,48.59685856822586,49.42311096191406,2738300,0.0,0
2015-06-19,49.41650400158655,49.58836086649189,48.947193252570905,48.960411071777344,2473600,0.0,0
2015-06-22,49.08600046590702,49.17854032461727,48.18042608504917,48.2266960144043,1878800,0.0,0
2015-06-23,48.18043224358775,48.25314286230329,47.321127682246654,47.466548919677734,2151100,0.0,0
2015-06-24,47.52184067688699,47.788294416151246,47.41526223049071,47.52850341796875,1751900,0.553,0
2015-06-25,47.54180264418582,47.73498137141089,47.04886172001998,47.06218719482422,1441600,0.0,0
2015-06-26,46.962264579055635,47.681687724245066,46.749102730352774,47.42855453491211,1803600,0.0,0
2015-06-29,47.46854188137713,47.82825357526241,46.66252321037128,46.70915222167969,1969800,0.0,0
2015-06-30,47.3752826167534,47.3752826167534,46.589247102317984,46.742454528808594,1812400,0.0,0
2015-07-01,46.96228236683331,47.728334797764006,46.655862410897285,47.72167205810547,1936900,0.0,0
2015-07-02,48.074702954404145,48.64757637732531,47.86154110509716,48.35447692871094,2760000,0.0,0
2015-07-06,48.114678490019834,48.594288881140805,48.114678490019834,48.58763122558594,1836700,0.0,0
2015-07-07,48.90738890124062,49.58018335097681,48.70755243766089,49.34703826904297,2378400,0.0,0
2015-07-08,49.37368414728993,49.573520610869664,49.2671006343021,49.34703826904297,1815500,0.0,0
2015-07-09,49.52021519316448,49.86660643263385,49.3137160464448,49.4202995300293,1714200,0.0,0
2015-07-10,49.580171214918565,50.13971927459559,49.51355907669707,49.7467041015625,1458900,0.0,0
2015-07-13,49.9332262570464,50.439487717661805,49.28707776432299,49.580177307128906,1702900,0.0,0
2015-07-14,49.6601261994627,50.133079153092176,49.48693051376473,49.833316802978516,1185000,0.0,0
2015-07-15,49.81331581702238,50.06644905516828,49.51355865647947,49.79999542236328,1539400,0.0,0
2015-07-16,49.93988047969946,50.29959210756745,49.78666799513008,50.006492614746094,1219700,0.0,0
2015-07-17,49.959878809732835,50.19968663459409,49.48692590019583,49.780025482177734,1162500,0.0,0
2015-07-20,49.633466105642775,50.20633967859844,49.56685396319738,50.146385192871094,1080200,0.0,0
2015-07-21,50.10641814339537,50.57270821543103,49.766689615380464,49.80665588378906,1086000,0.0,0
2015-07-22,49.91325716808425,50.43283917133092,49.906594426914246,50.193031311035156,850900,0.0,0
2015-07-23,50.126405137337294,50.24630903397631,49.446953111170245,49.64678955078125,1451100,0.0,0
2015-07-24,49.59349531249129,49.79333682425693,49.420304756620546,49.68009567260742,2369900,0.0,0
2015-07-27,49.786667468599724,50.27294570543966,49.786667468599724,49.99317169189453,1499700,0.0,0
2015-07-28,50.179696219164136,51.29879754549744,49.68675516055689,49.8865966796875,1231500,0.0,0
2015-07-29,49.826640702887715,49.96652771496062,48.68089365294172,49.59349060058594,2176600,0.0,0
2015-07-30,49.40698177789018,49.99983852202186,49.327049234885195,49.48691940307617,2296800,0.0,0
2015-07-31,49.91991718691858,50.61935250615281,49.760041900651764,49.833316802978516,1642100,0.0,0
2015-08-03,49.95986157376272,50.46612292738723,49.88658670354681,50.30624771118164,924400,0.0,0
2015-08-04,50.16637119204259,50.592695026654376,49.59349758637406,49.67343521118164,1312700,0.0,0
2015-08-05,49.79333725231606,50.03314503562408,49.327047163762,49.62680435180664,1383200,0.0,0
2015-08-06,49.50689870636337,49.82664410017398,48.87407573971775,49.80665588378906,1523000,0.0,0
2015-08-07,49.76669081378542,50.09309387207031,49.28707525261045,50.09309387207031,911200,0.0,0
2015-08-10,50.22632281311399,50.426159240450176,49.90657741432311,50.146385192871094,1139000,0.0,0
2015-08-11,50.1064185183386,51.03900375156901,49.97318915234531,50.87247085571289,1527400,0.0,0
2015-08-12,51.212201917842314,51.212201917842314,50.426166329253746,51.19221878051758,2119200,0.0,0
2015-08-13,50.992368339659095,51.63851162539709,50.639314375753976,51.15890121459961,1109500,0.0,0
2015-08-14,51.07897130910636,51.39871671337745,50.63932201350621,51.38539123535156,979700,0.0,0
2015-08-17,51.37871851437865,51.67848072555329,51.052315516689625,51.645172119140625,1509600,0.0,0
2015-08-18,51.63184381332469,51.9582467609926,51.458648234444595,51.76506805419922,1491700,0.0,0
2015-08-19,51.45867648314749,51.60522627786671,50.6726408332568,50.93909454345703,2092700,0.0,0
2015-08-20,50.759216291656365,51.07229889762046,50.36620116139832,50.59934616088867,1664100,0.0,0
2015-08-21,50.47278758289085,50.526079329016795,49.55352783203126,49.55352783203125,2577700,0.0,0
2015-08-24,46.629218764892705,54.609478726815645,41.23355303853428,46.97560501098633,2629200,0.0,0
2015-08-25,47.954816064049176,48.22793248001641,45.87648856849084,45.92977523803711,2883000,0.0,0
2015-08-26,46.68250671328343,47.61509202896315,45.863162557074105,47.488525390625,2766400,0.0,0
2015-08-27,47.88820585000874,49.01397001036751,47.58178588846936,48.707550048828125,1961600,0.0,0
2015-08-28,48.70753509391113,48.94068009282684,48.22125688287567,48.58763122558594,1642900,0.0,0
2015-08-31,48.41444429508411,48.46107330322266,47.401926511712375,47.461875915527344,3306400,0.0,0
2015-09-01,46.66251258395734,47.095493983712416,45.923106228607715,46.28281784057617,1872600,0.0,0
2015-09-02,46.88234257253174,47.102167231480806,46.34944031462677,46.73579788208008,1197900,0.0,0
2015-09-03,46.95560195279095,47.242038664116066,46.769085970007964,46.922298431396484,1380800,0.0,0
2015-09-04,46.49599166986953,46.58258695565406,45.59670986759238,46.06966781616211,1346200,0.0,0
2015-09-08,46.59591900599346,46.942310400124455,46.16959504566492,46.782440185546875,1742900,0.0,0
2015-09-09,47.43522386588431,47.69501474628562,46.10296085575242,46.18955612182617,1503100,0.0,0
2015-09-10,45.95642216095017,46.802412221809064,45.95642216095017,46.309471130371094,1263300,0.0,0
2015-09-11,46.3028030340071,47.23538817151053,46.02968667339089,47.22872543334961,2066600,0.0,0
2015-09-14,47.37529481540712,47.37529481540712,46.822404209037835,47.01558303833008,887300,0.0,0
2015-09-15,47.26202794325506,47.88153044221242,46.75577166187702,47.8415641784668,1258200,0.0,0
2015-09-16,47.84823356989529,48.35448992166948,47.66837519367018,48.2012825012207,1449800,0.0,0
2015-09-17,48.26370038430241,49.65992546138661,47.91464155437209,48.74029541015625,1439200,0.553,0
2015-09-18,47.98177778307372,49.297449804752105,47.934789679489455,48.40467071533203,2933300,0.0,0
2015-09-21,48.478502405895256,49.2504540923641,48.39794918877314,49.09606170654297,1366000,0.0,0
2015-09-22,48.76716843046243,48.97525793955334,48.47181161395597,48.679901123046875,1536000,0.0,0
2015-09-23,48.693311902648446,49.15648399623732,48.40466924047726,48.90811538696289,1430500,0.0,0
2015-09-24,48.72689235007187,49.109516498400446,48.14289785277286,48.512088775634766,1864900,0.0,0
2015-09-25,48.65974659656961,49.20347191524721,48.25027665591322,48.91482925415039,1644900,0.0,0
2015-09-28,48.69333352611641,48.78059571991665,47.579036435497486,47.881107330322266,1800800,0.0,0
2015-09-29,47.968349018328325,49.51225260835667,47.89450983924668,49.37128829956055,2044800,0.0,0
2015-09-30,49.6800663889379,50.57284031581546,49.518959937243,50.425167083740234,2850100,0.0,0
2015-10-01,50.69367906496075,50.740667177007886,49.92844117086724,50.52586364746094,1378300,0.0,0
2015-10-02,50.384897954617536,51.0762966366884,50.08954631026842,51.06958770751953,1156100,0.0,0
2015-10-05,51.19711933782642,51.385076885382354,50.62654800923171,51.29780960083008,1522300,0.0,0
2015-10-06,51.27095620846709,51.546175906833604,50.68696192777988,50.79436111450195,1620500,0.0,0
2015-10-07,50.935325098548915,51.51932449678018,50.68696160011755,51.49918746948242,1652400,0.0,0
2015-10-08,51.626725594749736,51.99591635533615,51.05614920974713,51.92207717895508,1228500,0.0,0
2015-10-09,51.78784098596842,52.076483720743894,51.55960934573371,52.01606750488281,1071300,0.0,0
2015-10-12,52.15702836603045,52.62020054521379,51.99592700335276,52.44567108154297,873400,0.0,0
2015-10-13,52.251010600878715,52.47252820087833,51.5596118384441,51.82140350341797,1057600,0.0,0
2015-10-14,51.969074289804915,52.02277644945014,51.15013427983466,51.27767562866211,1238700,0.0,0
2015-10-15,51.378372007577774,52.5329429706524,51.378372007577774,52.5128059387207,1613400,0.0,0
2015-10-16,52.72760445551772,53.1706344797466,52.62691418413662,52.855140686035156,1731200,0.0,0
2015-10-19,52.82157948107183,53.82175787916419,52.68732408182867,53.78819274902344,1479700,0.0,0
2015-10-20,53.76805133238412,54.35205074847214,53.056515699070914,53.36529541015625,1831000,0.0,0
2015-10-21,53.64053773974414,53.86876431411788,53.231067595065056,53.33175277709961,1218500,0.0,0
2015-10-22,53.60695381795475,53.788192203444915,53.05651948994047,53.512977600097656,1919000,0.0,0
2015-10-23,53.459267037866034,53.70092159474792,52.84170766864299,53.34515380859375,1525300,0.0,0
2015-10-26,54.59368926408822,54.92260590631663,53.465969940844346,54.3318977355957,2054800,0.0,0
2015-10-27,54.10369254537484,54.54001367907149,53.271329462888566,53.45928192138672,2584400,0.0,0
2015-10-28,53.492844455899146,53.741207997708614,51.881815413552744,52.969261169433594,2066100,0.0,0
2015-10-29,52.694043384834515,52.94241205720268,52.14360899636804,52.452388763427734,3008100,0.0,0
2015-10-30,52.33825654809264,52.620185130519694,51.70726914057814,51.90193557739258,2660800,0.0,0
2015-11-02,51.79453807467679,53.774757385253906,51.74754485477451,53.774757385253906,2417300,0.0,0
2015-11-03,53.47271444013776,53.61367879565457,52.774601592825306,53.33845901489258,2058300,0.0,0
2015-11-04,53.412276986265226,53.56666938359368,52.8752657413962,53.123634338378906,1501900,0.0,0
2015-11-05,53.00953216729652,53.170633525824016,52.553074050368735,53.1370735168457,1180600,0.0,0
2015-11-06,52.33825997614765,52.546349402332524,51.0964272253702,51.62001037597656,1432900,0.0,0
2015-11-09,51.103154552610945,51.465636507692146,50.59299931626318,51.150142669677734,1716100,0.0,0
2015-11-10,51.25083070465389,52.418824649967966,51.25083070465389,52.06977081298828,1754100,0.0,0
2015-11-11,52.123461359100745,52.949110213143264,52.063045155381936,52.62019348144531,1416500,0.0,0
2015-11-12,52.42553388272122,52.79472983904487,52.11675413803232,52.15702819824219,1309000,0.0,0
2015-11-13,52.39866299801204,52.48593025724396,51.868365879955306,51.88179397583008,1244200,0.0,0
2015-11-16,51.95563258249505,52.55305480957031,51.734115094797126,52.55305480957031,1351700,0.0,0
2015-11-17,52.74772397178326,53.23103301688418,52.445653257936065,52.79471206665039,949100,0.0,0
2015-11-18,52.942395388042435,53.00952051256069,52.049616380125265,52.848419189453125,1458100,0.0,0
2015-11-19,53.00951748765723,53.5800886954818,52.86855319781717,53.11691665649414,1153700,0.0,0
2015-11-20,53.41229380676218,53.6875135647919,53.271329462888566,53.45928192138672,1633100,0.0,0
2015-11-23,53.65392415425719,54.02311997448681,53.23103131398168,53.5599479675293,1448700,0.0,0
2015-11-24,53.13035507608264,53.40556966076969,52.45909349614809,53.1102180480957,1448500,0.0,0
2015-11-25,53.20421565506196,53.87547750493695,53.056537228678025,53.606971740722656,1151800,0.0,0
2015-11-27,53.486128191183646,54.40575849044709,53.36530088997618,54.13725280761719,599700,0.0,0
2015-11-30,54.20437450960207,54.77494584859712,53.31830939739387,53.580101013183594,3296900,0.0,0
2015-12-01,53.90230277702056,54.47958810112837,53.700922269980516,54.45944595336914,1460100,0.0,0
2015-12-02,54.25809017031302,54.70112027601485,53.553263262348125,53.653953552246094,1765100,0.0,0
2015-12-03,53.62037350721769,53.67407566307537,52.002635752231065,52.11003494262695,1978300,0.0,0
2015-12-04,52.465824588189356,53.667378699807294,52.452396484289984,53.47271728515625,1646100,0.0,0
2015-12-07,53.52640866927348,53.700938152238,52.92227209079669,53.103515625,1204700,0.0,0
2015-12-08,53.096777659179345,53.486110514546,52.714158852027495,52.79471206665039,1430000,0.0,0
2015-12-09,52.43896680324409,52.81487172327151,51.814693206015455,52.06977081298828,1316400,0.0,0
2015-12-10,52.056337526576385,52.35840318875296,51.67371863120366,51.82810592651367,2031400,0.0,0
2015-12-11,51.566323598837506,52.55979316840515,51.458924389903906,52.05634689331055,2013500,0.0,0
2015-12-14,51.88180264353416,52.54635010345394,51.68713619137202,52.485939025878906,1639400,0.0,0
2015-12-15,52.8752765571301,53.66065655963275,52.747740329407996,53.24447250366211,1233000,0.0,0
2015-12-16,53.47939476929794,54.4325847328231,53.304870491797104,54.258060455322266,1704100,0.0,0
2015-12-17,54.17752935576287,54.29835666251951,53.781487424422906,54.090267181396484,2873900,0.0,0
2015-12-18,53.653937534295466,54.20437181724631,53.62708645691746,53.6338005065918,3463600,0.0,0
2015-12-21,54.150665249165314,54.32519467723841,53.48611778250862,53.75462341308594,1594900,0.0,0
2015-12-22,54.17080956824793,54.54671955019254,53.559964169732325,53.721065521240234,1858400,0.0,0
2015-12-23,53.83801722826641,54.682932736691946,53.81774008117699,54.58830261230469,1065600,0.553,0
2015-12-24,54.608559992588184,54.878933888807396,54.1692030558511,54.662635803222656,505600,0.0,0
2015-12-28,54.520701107591215,54.94653659473166,54.304397823635796,54.878944396972656,782000,0.0,0
2015-12-29,55.23718301806693,55.426443218578754,54.85190185075252,55.406166076660156,1000000,0.0,0
2015-12-30,55.40617238018808,55.59543260223193,55.08848336877693,55.35209655761719,1068400,0.0,0
2015-12-31,55.26421582479986,55.69005123664232,55.12227068751904,55.1493034362793,1577200,0.0,0
2016-01-04,54.6085678233432,54.66264364173203,53.54059361645625,54.006988525390625,1727900,0.0,0
2016-01-05,54.17599309607197,55.2642448776133,54.07460218558282,55.0885009765625,1379100,0.0,0
2016-01-06,54.58829701195249,55.088485497677404,54.28412436595214,54.56801986694336,1407100,0.0,0
2016-01-07,53.77716719989106,54.71671259806455,53.77716719989106,54.39902877807617,1675600,0.0,0
2016-01-08,54.79104073395652,54.83835576289797,53.18908535625948,53.276954650878906,1481200,0.0,0
2016-01-11,53.50003735182302,54.175969585814585,53.27697847693692,53.925872802734375,1786200,0.0,0
2016-01-12,54.65588740647192,54.72347960658479,53.736619045464856,54.03403091430664,2004100,0.0,0
2016-01-13,54.1354023176802,54.797818080273736,53.4527145730643,53.513545989990234,1561000,0.0,0
2016-01-14,53.62170786001644,54.02726618792742,53.05392207537793,53.10799789428711,2233600,0.0,0
2016-01-15,52.14141344587251,53.270219067726224,51.803447320266926,53.1147575378418,2136000,0.0,0
2016-01-19,53.17559775796416,53.88532880187499,52.93902246231212,53.52032470703125,1647400,0.0,0
2016-01-20,53.01336943870816,53.17559174352785,50.9720562024519,51.64122772216797,2210600,0.0,0
2016-01-21,51.8980808014215,52.33067705780215,51.39789234691027,51.66826629638672,1654200,0.0,0
2016-01-22,52.29687204567516,52.756506111700425,51.89130863210055,52.533447265625,1927000,0.0,0
2016-01-25,52.459097382945046,53.5338270836533,52.14816919613096,52.85789489746094,1843100,0.0,0
2016-01-26,52.959281351031926,54.006978215252204,52.790298318541744,53.898826599121094,1744300,0.0,0
2016-01-27,53.83798275330197,53.83798275330197,52.45908090769187,52.90519332885742,1638300,0.0,0
2016-01-28,52.803835933733936,52.97957462804981,51.147798616709046,51.228912353515625,2731900,0.0,0
2016-01-29,51.79668440603339,52.20224786550626,50.64760168940322,52.10761260986328,3139600,0.0,0
2016-02-01,51.499284264443794,52.587535694310695,51.22891030949752,51.864288330078125,2142600,0.0,0
2016-02-02,52.046777574786994,52.19548347868462,50.55296808400737,51.10047149658203,2787600,0.0,0
2016-02-03,51.235673827035946,51.31678240800602,49.61343516722538,51.15456008911133,3099900,0.0,0
2016-02-04,50.87740878677117,51.99945858976469,50.34342694606537,51.553340911865234,2278200,0.0,0
2016-02-05,51.330284910301884,51.47223003132293,49.55258020118743,49.74184036254883,2222800,0.0,0
2016-02-08,49.5323156598608,49.741853012233,47.93035948884042,48.82258987426758,2786900,0.0,0
2016-02-09,48.633323573247345,48.96453409044666,48.1263743831567,48.221004486083984,2110500,0.0,0
2016-02-10,48.5725019409335,49.30926577043695,48.26833442832205,48.51166534423828,1222400,0.0,0
2016-02-11,47.795161079124476,48.07905134072238,47.22738055592867,47.80192184448242,2265600,0.0,0
2016-02-12,48.44406247810197,48.44406247810197,47.74785309493713,48.18721008300781,1907700,0.0,0
2016-02-16,48.687400784184355,48.876660995453825,48.09258224062974,48.78879165649414,1524600,0.0,0
2016-02-17,48.89018179806922,49.261941448376625,48.7347151085907,48.964534759521484,2213000,0.0,0
2016-02-18,48.883419803332565,49.471482713601986,48.59276873139993,49.322776794433594,1838800,0.0,0
2016-02-19,49.309262843726266,49.843250018779344,48.99833458172471,49.42417526245117,1482500,0.0,0
2016-02-22,49.80267712443855,50.438054945986295,49.76887845679989,50.15415954589844,1718700,0.0,0
2016-02-23,50.600275634109444,50.850372358792605,49.68776836268005,49.89054489135742,1660500,0.0,0
2016-02-24,49.681019332070136,50.059539733898816,48.775272611421876,49.49851989746094,1875900,0.0,0
2016-02-25,49.93112477076033,50.390758977061445,49.728343002086014,50.35696029663086,2096400,0.0,0
2016-02-26,50.35020287849589,50.627337636989076,49.70806916323624,50.39076232910156,3067300,0.0,0
2016-02-29,50.465101604722264,50.97205076554517,50.215004828879685,50.350189208984375,3181500,0.0,0
2016-03-01,50.85755929233596,52.00101716867667,50.44863840070649,51.963157653808594,3162900,8.0,0
2016-03-02,51.92530251161673,53.273223985973615,51.92530251161673,53.0233268737793,2643300,0.0,0
2016-03-03,53.03089559449124,53.76543842411133,52.84915488510506,53.74272155761719,2169400,0.0,0
2016-03-04,53.74270056109866,54.15918976478522,53.3564966492836,54.12133026123047,2064500,0.0,0
2016-03-07,53.757852366617435,54.39395337548554,53.507961112799826,54.265220642089844,1208800,0.0,0
2016-03-08,54.30309211506049,54.4696901725949,53.64427409956522,53.74272155761719,2019900,0.0,0
2016-03-09,53.765432041604896,54.60599066670345,53.63669929513129,54.28036880493164,1654100,0.0,0
2016-03-10,54.81802788735233,55.06792496885748,53.53825717670429,53.81087112426758,2870200,0.0,0
2016-03-11,54.49997200385633,55.2648057848034,53.606405483002604,55.2042236328125,2515200,0.0,0
2016-03-14,55.060328924631094,55.43138440381179,54.666556588398805,54.96945571899414,1331800,0.0,0
2016-03-15,54.90890100382406,55.20423181677211,54.575704895910214,55.04520797729492,1272700,0.0,0
2016-03-16,54.90889700283343,55.73430722056113,54.62870886182816,55.55256652832031,1433100,0.0,0
2016-03-17,55.651010699513115,56.46127830321507,55.40111940299397,56.37797927856445,1699900,0.0,0
2016-03-18,56.56728680475001,57.08979774977789,56.19623123813773,56.23409652709961,3298400,0.0,0
2016-03-21,56.15837867121756,56.28711142571609,55.14364773136214,55.29509735107422,2051200,0.0,0
2016-03-22,55.260018048180086,55.97679120952237,55.13039059232471,55.46589660644531,1785100,0.504,0
2016-03-23,55.52690570498265,55.61078367180604,55.153271191233706,55.31340026855469,1698200,0.0,0
2016-03-24,55.04651523664395,55.321023872365394,54.7262512832446,55.2752685546875,1764900,0.0,0
2016-03-28,55.328646323476924,56.327555035809695,55.328646323476924,56.19792175292969,1414400,0.0,0
2016-03-29,56.15217050972224,57.35695775793516,56.15217050972224,57.34933090209961,1696000,0.0,0
2016-03-30,57.05194672256668,57.41796016894636,56.80031284177981,57.07482147216797,1554000,0.0,0
2016-03-31,57.15870935967483,57.39508957005745,56.800322706780285,57.21208572387695,2229400,0.0,0
2016-04-01,56.96807263867241,57.51708993680638,56.769815099326976,57.31883239746094,1428800,0.0,0
2016-04-04,57.387463927943884,57.56284090300479,56.58681271153933,56.93757247924805,1730000,0.0,0
2016-04-05,56.64780559741455,57.05194165134481,56.35804909891014,56.44192123413086,1665300,0.0,0
2016-04-06,56.34280803361007,56.91470012150103,56.2360553092774,56.87657165527344,1095700,0.0,0
2016-04-07,56.678306859723854,56.85368380174941,56.14453754347006,56.35042190551758,1113200,0.0,0
2016-04-08,56.5944314575981,56.96806592350187,56.25891963326798,56.35805130004883,1282300,0.0,0
2016-04-11,55.91579789795138,55.91579789795138,55.05414341720263,55.11514663696289,2485200,0.0,0
2016-04-12,55.176143646240234,55.29052321601964,54.81013018646344,55.176143646240234,2314300,0.0,0
2016-04-13,55.46591184188779,55.473538699499585,53.681611121521286,53.803611755371094,3062800,0.0,0
2016-04-14,53.605348435048235,53.704474292268166,52.60643973653607,52.896202087402344,2704200,0.0,0
2016-04-15,52.88095482523982,54.35262405662105,52.65220147661947,54.055240631103516,2112000,0.0,0
2016-04-18,54.055226203101576,54.3449826943827,53.658717014107104,54.329734802246094,2088900,0.0,0
2016-04-19,54.528009941189744,54.863516034977025,54.27637600765859,54.71101379394531,1789900,0.0,0
2016-04-20,54.76438738600952,54.90164172302056,53.31559289924569,53.48334884643555,1198200,0.0,0
2016-04-21,53.48333347074554,54.192479705168694,53.05632268617612,53.23932647705078,1636000,0.0,0
2016-04-22,53.37658078325567,54.04759856162863,53.330831289925996,53.87984848022461,1821800,0.0,0
2016-04-25,53.734974393883256,54.41361911624606,53.498594223815836,54.33736801147461,1566100,0.0,0
2016-04-26,54.42125336697889,54.85589112258154,53.42234456070199,53.780731201171875,2792500,0.0,0
2016-04-27,51.607539916652335,52.69032082467509,50.95176988670348,52.423439025878906,3602800,0.0,0
2016-04-28,52.072672710296125,53.010572316337,51.744787736558266,52.56831359863281,2273900,0.0,0
2016-04-29,52.240430511971624,52.530187036463445,51.43215251403318,51.9049186706543,2036700,0.0,0
2016-05-02,52.40056195995572,52.88094917657272,51.935422637916425,52.72844696044922,1484500,0.0,0
2016-05-03,52.530194639570205,52.842831776518395,52.400567161239735,52.78945541381836,1295500,0.0,0
2016-05-04,52.31667932639595,53.879853081283876,52.23280136973838,53.71209716796875,2227600,0.0,0
2016-05-05,53.59772709711946,54.31450037452582,53.445219050018565,53.9332389831543,1523300,0.0,0
2016-05-06,53.89509825348759,54.466990210414416,53.307958404113805,54.27635955810547,1432800,0.0,0
2016-05-09,54.33737070939008,54.95501225156781,54.238239032437434,54.81013107299805,1563700,0.0,0
2016-05-10,54.97788738489304,55.70228746519527,54.474625410843245,55.16851806640625,2541900,0.0,0
2016-05-11,55.10750916611501,55.16088551872787,53.208829403073246,53.269832611083984,3002300,0.0,0
2016-05-12,53.34607934437327,53.55196370015534,52.65218681722135,53.28507614135742,1953600,0.0,0
2016-05-13,53.13258835938055,53.307971161213295,52.61407262831109,52.76657485961914,1370400,0.0,0
2016-05-16,52.65980500148069,53.51383234467733,52.65980500148069,53.18594741821289,1704300,0.0,0
2016-05-17,53.15545945923688,53.15545945923688,51.79816991407777,51.97355270385742,1905100,0.0,0
2016-05-18,52.141291615509225,52.148918470187766,51.01276146167883,51.62277603149414,3080900,0.0,0
2016-05-19,51.1118998645636,51.32540530735412,50.77638798727163,50.9517707824707,1955100,0.0,0
2016-05-20,51.25677229594502,51.55415565726235,50.94413522412701,51.44740295410156,1551100,0.0,0
2016-05-23,51.56941008082222,51.813417121459715,51.2262771797212,51.50078582763672,1491300,0.0,0
2016-05-24,51.91253954796112,52.11841808841392,51.577027745282486,51.83628845214844,2711000,0.0,0
2016-05-25,51.996422718957035,52.560687865724674,51.51602971369393,52.49205780029297,2357000,0.0,0
2016-05-26,52.44630742104271,52.68268758310044,52.1107955903134,52.41580581665039,1687300,0.0,0
2016-05-27,52.46918271909099,52.819942446894466,52.080300348587755,52.40055847167969,1165000,0.0,0
2016-05-31,52.530208572950755,52.934344828815746,52.09557069922574,52.77421569824219,1978800,0.0,0
2016-06-01,51.767663019682445,52.179425954969815,50.21211609223667,50.6086311340332,4515900,0.0,0
2016-06-02,50.94413620150206,50.98989151629594,50.059612955830644,50.70775604248047,4539900,0.0,0
2016-06-03,51.09664258224959,51.09664258224959,49.40384142883649,49.54109573364258,2643400,0.0,0
2016-06-06,49.54109940954586,49.66310001310031,48.122806760508944,48.51169204711914,3482000,0.0,0
2016-06-07,48.70995356834523,49.022587776180906,48.51169602652158,48.9234619140625,2096500,0.0,0
2016-06-08,48.53457022912296,49.014957427978516,48.130431226716695,49.014957427978516,1775100,0.0,0
2016-06-09,48.915833867676135,49.24371887142853,48.793830348288736,49.15221405029297,1815500,0.0,0
2016-06-10,48.81670148251467,49.228464445273865,48.46594464175457,49.12171173095703,2384200,0.0,0
2016-06-13,49.182720293726945,49.78511400008617,48.93108637507299,48.98446273803711,2077500,0.0,0
2016-06-14,49.045457681052596,49.487722223883665,48.83195226522692,49.22084045410156,2542100,0.0,0
2016-06-15,49.31233415302076,50.02148038944762,49.11408246967372,49.975730895996094,2379000,0.0,0
2016-06-16,49.846113884826366,50.654386132085286,49.655483198768174,50.51713180541992,2572400,0.0,0
2016-06-17,50.31886823233473,50.410373045007184,49.68597885183865,50.18161392211914,3112300,0.0,0
2016-06-20,50.77639424838629,51.29491002378034,50.181627350819994,50.20450210571289,2466200,0.0,0
2016-06-21,50.33411916460186,50.50187506978082,50.12061376440529,50.32649230957031,2493800,0.0,0
2016-06-22,50.486624715761586,50.921262400078334,50.12061709611918,50.6086311340332,2976000,0.0,0
2016-06-23,51.026618831405564,51.03429818485539,50.56559969193401,50.780738830566406,2458600,0.504,0
2016-06-24,49.94323293671353,50.59633557961939,49.497584220527614,50.32741165161133,3818200,0.0,0
2016-06-27,49.85102124852001,50.74231856134672,49.635882134969066,50.688533782958984,2228400,0.0,0
2016-06-28,51.08808518019713,52.09463742535691,50.895995817805854,52.086952209472656,2614000,0.0,0
2016-06-29,52.24830385922158,52.924456269396025,51.879489723243445,52.25598907470703,1599600,0.0,0
2016-06-30,52.28672533976815,52.93214276572025,51.94864619544926,52.92445755004883,1993900,0.0,0
2016-07-01,53.024347813334316,53.20875195489414,52.56333452838379,53.01666259765625,2266800,0.0,0
2016-07-05,53.00128829851456,54.07698381189076,52.89371288507605,53.615970611572266,2277200,0.0,0
2016-07-06,53.48536604834146,53.64672041990235,52.62480353791419,53.185707092285156,2586700,0.0,0
2016-07-07,53.07045231960148,53.262541694706755,52.51723398136188,53.24717712402344,2037100,0.0,0
2016-07-08,53.65441036312131,54.18457309864107,53.37011595269548,54.16920852661133,2416300,0.0,0
2016-07-11,54.25372143169282,54.49191037154654,53.66976811303933,54.37665557861328,2312400,0.0,0
2016-07-12,54.1154279172848,54.65327591147451,53.80808369398919,54.568756103515625,1967100,0.0,0
2016-07-13,54.79157600678135,54.960615608778745,54.33824785788196,54.48423767089844,2041700,0.0,0
2016-07-14,54.40739224772796,54.62253140800662,53.9002793502286,54.13078308105469,1287400,0.0,0
2016-07-15,54.207620877086605,54.207620877086605,53.270223842632326,53.454627990722656,1462000,0.0,0
2016-07-18,53.5775600950923,53.777328783516026,53.347050547401786,53.64670944213867,1418300,0.0,0
2016-07-19,53.554504770478985,54.361282330112715,53.36241543362346,54.33054733276367,1808500,0.0,0
2016-07-20,54.2691008626357,54.3382561021738,53.75430262361248,53.85418701171875,1626300,0.0,0
2016-07-21,53.78503277422248,53.861867362907844,53.41621854158805,53.746612548828125,1944800,0.0,0
2016-07-22,53.75428608431767,54.23066981000343,53.50841193669646,54.0308952331543,2021300,0.0,0
2016-07-25,54.153840786582855,54.36129473841487,53.66208657885353,53.90796661376953,1665100,0.0,0
2016-07-26,53.554504450642206,53.708179436469656,53.3009509827042,53.64670944213867,1890100,0.0,0
2016-07-27,50.99588415385465,51.72582135913176,50.23520608617634,50.68085479736328,11465800,0.0,0
2016-07-28,50.5118192286408,51.67972588413558,50.25826571476179,51.36469650268555,4188900,0.0,0
2016-07-29,51.36469266431012,52.571013586500186,51.24943787819475,52.24061965942383,3395000,0.0,0
2016-08-01,52.24062701971054,52.76311037655893,52.17147765555988,52.52492141723633,2352800,0.0,0
2016-08-02,52.41735161779412,52.41735161779412,51.426169700958376,51.687408447265625,2884400,0.0,0
2016-08-03,51.326275650987405,51.426160000657745,50.41961370241272,50.71927261352539,3708200,0.0,0
2016-08-04,50.74232319413908,51.21102167521077,50.71158819481123,50.988197326660156,2899500,0.0,0
2016-08-05,51.149550928360206,51.65666961669922,50.79610723441255,51.65666961669922,2018100,0.0,0
2016-08-08,51.72582033422862,52.670902522874805,51.54141619818856,52.47881317138672,2210000,0.0,0
2016-08-09,52.47880877251655,52.80920266386591,52.22524944290165,52.740047454833984,2477700,0.0,0
2016-08-10,52.68626428997816,52.86298906327432,51.403108897176345,51.679718017578125,2411900,0.0,0
2016-08-11,51.73351371341543,51.771928072513894,50.66549721957286,50.972835540771484,1486000,0.0,0
2016-08-12,51.018932325988004,51.633614726239834,50.77305819346693,50.988197326660156,1365400,0.0,0
2016-08-15,51.049676039732404,51.479954379569364,50.95747102600903,51.12651062011719,1289000,0.0,0
2016-08-16,50.8806356356007,51.134195022726246,50.573291456851784,50.70391082763672,1399000,0.0,0
2016-08-17,50.79610310873161,50.96514265778182,49.95859057810135,50.91135787963867,1894000,0.0,0
2016-08-18,50.757687181199856,51.18028608948874,50.2428891380855,50.43497848510742,1865900,0.0,0
2016-08-19,50.23521041870117,50.404250003875134,49.6358925164316,50.23521041870117,1599200,0.0,0
2016-08-22,50.327415414600516,50.458034780527726,49.76651186958601,50.20447540283203,1656200,0.0,0
2016-08-23,50.465710507038146,50.50413071901673,49.98164749145508,49.98164749145508,1008000,0.0,0
2016-08-24,49.74346023800644,50.11227439753082,49.382331294458176,49.797245025634766,1727200,0.0,0
2016-08-25,49.76651057809542,50.842212204744506,49.53600685516493,50.41193389892578,1839700,0.0,0
2016-08-26,50.442665122841476,50.988198180315365,49.297814223694914,49.59747314453125,2437700,0.0,0
2016-08-29,49.666625734486324,50.373513190626014,49.62052616276919,49.95092010498047,1441100,0.0,0
2016-08-30,49.94323897993061,49.981659200910094,49.3055008291284,49.697364807128906,1571200,0.0,0
2016-08-31,49.67430988132627,49.997018600604925,49.48222052050297,49.84334945678711,3215300,0.0,0
2016-09-01,49.86639982123235,49.91249939249261,49.36696630487158,49.489906311035156,1900500,0.0,0
2016-09-02,49.69735956374935,50.21984285859059,49.182561484713716,49.628204345703125,1994600,0.0,0
2016-09-06,49.6973593442159,49.95859805943149,49.24402540732139,49.943233489990234,2754900,0.0,0
2016-09-07,49.943234032021174,50.53486668661404,49.49758530606171,50.49645233154297,2250700,0.0,0
2016-09-08,50.22752876171016,50.22752876171016,49.382330874590956,49.489906311035156,4005300,0.0,0
2016-09-09,48.990472062641835,49.24402850910783,47.976240414675466,48.25284957885742,3197700,0.0,0
2016-09-12,48.03002169775899,49.19024012831742,47.93781962678008,49.02888870239258,2617700,0.0,0
2016-09-13,48.61397992020015,48.67544699674066,48.08381429445168,48.199066162109375,2299200,0.0,0
2016-09-14,49.512947793648586,49.512947793648586,48.46798136490123,48.87520980834961,2683700,0.0,0
2016-09-15,48.83679555490171,49.54368586035311,48.5448189332337,49.451480865478516,2069900,0.0,0
2016-09-16,49.19024114561041,49.52832029794311,48.8521678553798,49.49758529663086,4428500,0.0,0
2016-09-19,49.60514267673635,50.08152628682333,49.45915878401505,50.04310607910156,1970200,0.0,0
2016-09-20,50.288987868919314,50.37350764917107,50.04311374330554,50.104583740234375,2001500,0.0,0
2016-09-21,50.18141892688862,50.85757717727751,49.489901970229624,50.71927261352539,4050000,0.0,0
2016-09-22,51.19315378427608,52.25612892452497,51.103895928063174,52.223670959472656,3080900,3.504,0
2016-09-23,52.03704178361454,52.79978852328557,51.72058744245866,52.28858947753906,3699600,0.0,0
2016-09-26,52.08572951522047,52.62938650347551,52.08572951522047,52.32915496826172,3146800,0.0,0
2016-09-27,52.63750295403195,53.440817479579735,52.10195580985082,52.40218734741211,3298000,0.0,0
2016-09-28,52.507671457410176,53.22172813056166,52.45898760422738,53.15681838989258,2383500,0.0,0
2016-09-29,52.872822698890694,53.270421973259474,52.28047561645508,52.28047561645508,2899000,0.0,0
2016-09-30,52.68618647375552,53.010759935686686,52.07761355415603,52.1993293762207,3235300,0.0,0
2016-10-03,51.99646711102207,51.99646711102207,51.17692058546129,51.19314956665039,2410600,0.0,0
2016-10-04,51.444694662127574,51.444694662127574,50.446632428564186,50.72251892089844,3049200,0.0,0
2016-10-05,50.771199937136366,51.006515496286184,49.50536739739101,49.82994079589844,4150300,0.0,0
2016-10-06,49.52971779629928,50.284348398772146,48.888686967039675,49.78937530517578,3834400,0.0,0
2016-10-07,50.03280308705642,50.69817583055487,49.2376015910549,49.3349723815918,2462000,0.0,0
2016-10-10,49.33497748999522,49.58652207823688,49.23760668937604,49.367435455322266,1945700,0.0,0
2016-10-11,49.34309350781134,49.5216061263095,49.01852004540423,49.091548919677734,2561000,0.0,0
2016-10-12,49.2213704996861,50.316800358503684,49.09965469521237,49.61897277832031,3115200,0.0,0
2016-10-13,49.35931528444709,49.773143448007076,49.091541752749485,49.61897277832031,2279200,0.0,0
2016-10-14,49.71634392456167,50.324916760612574,49.383657564668304,49.82183074951172,2293200,0.0,0
2016-10-17,50.47909899726714,50.47909899726714,49.748813283898734,49.773155212402344,1949900,0.0,0
2016-10-18,50.30058511492185,50.45475581722421,49.43235151036225,49.56218338012695,2222000,0.0,0
2016-10-19,49.54594741991374,49.80560493215685,49.383660700921375,49.6920051574707,2720100,0.0,0
2016-10-20,49.651435212039274,50.00035060299784,49.351206769363976,49.5216064453125,1866100,0.0,0
2016-10-21,49.148349127893276,49.692009216622985,49.034749343927594,49.5216064453125,1867500,0.0,0
2016-10-24,49.81372064992794,50.12206512365273,49.14023490733328,49.26194763183594,1498900,0.0,0
2016-10-25,48.71829062614144,49.27817658741819,48.57223288052805,48.986061096191406,2733400,0.0,0
2016-10-26,49.8542852540819,49.95165913580548,48.71828449222691,49.61897277832031,2433200,0.0,0
2016-10-27,49.47292188102233,49.47292188102233,48.34503390592098,48.564117431640625,2064400,0.0,0
2016-10-28,48.677715615399784,49.448572091281996,48.580341729623015,48.831886291503906,1810700,0.0,0
2016-10-31,49.124004767747664,50.26000564648706,48.95360510024103,50.1058349609375,2013800,0.0,0
2016-11-01,50.01657669641491,50.16263443746535,49.13211730688137,49.35120391845703,2129200,0.0,0
2016-11-02,49.54594317191657,50.29245768176999,49.29439862427738,49.39176940917969,2335500,0.0,0
2016-11-03,49.408013315066434,50.089615206013015,49.294413515802404,49.740699768066406,2035400,0.0,0
2016-11-04,49.902976684017894,50.26812103492452,49.554061314858416,49.97600555419922,1698300,0.0,0
2016-11-07,50.57646808237528,50.75498069999431,49.72446352159301,49.99223709106445,1760500,0.0,0
2016-11-08,50.03281179277064,50.97407118603755,49.75692525877712,50.77121353149414,1570300,0.0,0
2016-11-09,49.829939789099896,50.65759915274603,48.856222708612606,49.72445297241211,2501800,0.0,0
2016-11-10,49.85429314536434,49.85429314536434,48.109719275720465,48.66960525512695,2351300,0.0,0
2016-11-11,48.68582375259874,49.57839594991853,48.58033693443361,48.72639465332031,2325900,0.0,0
2016-11-14,48.76696859272798,49.959772339506266,47.89062532016384,49.497257232666016,3065800,0.0,0
2016-11-15,49.700118474334644,49.9029761007605,47.54982639607588,48.117828369140625,3901700,0.0,0
2016-11-16,48.020463001658335,48.75886472147627,47.80137636891735,48.62903594970703,2089100,0.0,0
2016-11-17,48.58033998124278,49.1321129326733,47.76079659196711,47.86628341674805,1417000,0.0,0
2016-11-18,47.996110521784125,48.190852088940886,47.29016382859701,47.8581657409668,1740900,0.0,0
2016-11-21,47.914975524637825,48.41806162168074,47.63908900135067,47.72023391723633,1950700,0.0,0
2016-11-22,47.90686042586304,48.880577705158515,47.62285787608083,48.734519958496094,2187600,0.0,0
2016-11-23,48.499202005095114,48.58845985654676,47.428113978398805,48.0447998046875,1813000,0.0,0
2016-11-25,48.1178331643691,48.474864603490424,47.82571765794694,48.22332000732422,773500,0.0,0
2016-11-28,48.15029018517972,49.21326534703933,48.14217724143266,48.66960525512695,2226400,0.0,0
2016-11-29,48.78319973673855,49.440459541833654,48.72639985059768,49.083431243896484,2596600,0.0,0
2016-11-30,48.71829567677684,49.25383976775861,48.393722187240286,48.69395065307617,3672400,0.0,0
2016-12-01,48.3612531697636,48.86434227313701,47.963653986054034,48.44239807128906,2996900,0.0,0
2016-12-02,48.80754946159297,49.481035217349095,48.685833639349816,49.091548919677734,2080300,0.0,0
2016-12-05,49.107774472178015,49.610860517942946,48.91302978926419,49.570289611816406,3081400,0.0,0
2016-12-06,49.68388821939548,50.406060855704595,49.58651742790793,50.13829040527344,4399900,0.0,0
2016-12-07,50.14640408515646,50.836121864680834,50.09772023637802,50.81989288330078,3291600,0.0,0
2016-12-08,50.54400926488395,51.201266023663194,50.235664791851605,51.03898239135742,2003200,0.0,0
2016-12-09,50.99840801122513,51.72058378924379,50.90103721348851,51.0146369934082,2807300,0.0,0
2016-12-12,50.92537506821187,51.3960062278143,50.75497541195372,51.136348724365234,1620700,0.0,0
2016-12-13,51.61510151435897,51.64755948159369,50.77932897791881,51.241844177246094,2083700,0.0,0
2016-12-14,51.387903201822596,51.525844922929025,50.6251564298057,50.949729919433594,2452900,0.0,0
2016-12-15,50.90915043621082,51.590752173387926,50.51154813312348,51.120121002197266,2287400,0.0,0
2016-12-16,51.4933825724083,52.11007153114386,51.18504118840246,51.972129821777344,3408800,0.0,0
2016-12-19,52.16687421483716,52.312931971020355,51.76115891329765,52.04515838623047,2121800,0.0,0
2016-12-20,51.99647051547965,52.44275359827291,51.85852571402116,52.264244079589844,2303500,0.0,0
2016-12-21,52.337266130380904,52.85658114401364,51.25806210269403,51.493377685546875,4001200,0.0,0
2016-12-22,51.48847813033963,51.57026953916329,50.79323867476954,51.50483703613281,1577800,0.504,0
2016-12-23,51.69295743250547,51.7747488376266,51.28399416661562,51.48847579956055,1238500,0.0,0
2016-12-27,51.545730293724034,52.01194816620097,51.34942655366644,51.684776306152344,933500,0.0,0
2016-12-28,51.84836616340204,51.856547176601076,51.12858988886126,51.46393966674805,1206600,0.0,0
2016-12-29,51.57027282950055,52.183717795244355,51.38215008108955,52.085567474365234,1301600,0.0,0
2016-12-30,52.0119390146126,52.70717831485189,51.684767212130396,52.64174270629883,1542200,0.0,0
2017-01-03,53.05889267740347,53.05889267740347,51.709312745656455,52.04466247558594,3005100,0.0,0
2017-01-04,52.216426491651845,52.69082222652096,51.791104348582564,52.57631301879883,1934000,0.0,0
2017-01-05,52.32275698277721,53.32880304051985,51.80746243600744,53.28791046142578,1693800,0.0,0
2017-01-06,53.14068563744424,53.74594949941299,52.93620401269821,53.47603225708008,1638000,0.0,0
2017-01-09,53.377882624114235,53.40241941951354,52.723538958808795,52.731719970703125,1777900,0.0,0
2017-01-10,52.33094073013365,52.6908272918778,51.93833635728306,52.249149322509766,1958800,0.0,0
2017-01-11,52.216428518613306,52.42908803833211,51.766569562181274,51.782928466796875,2235600,0.0,0
2017-01-12,51.684784596797606,52.674478228135406,51.33307588287823,52.437278747558594,2286700,0.0,0
2017-01-13,52.29822093413624,52.330938744000925,51.562088933033365,51.84836196899414,1534900,0.0,0
2017-01-17,51.971058532303964,52.3064083239481,51.59481303341395,51.92198181152344,2156600,0.0,0
2017-01-18,51.94651282986752,52.453626407584885,51.643880885761924,52.02012634277344,2113700,0.0,0
2017-01-19,51.832001284752295,51.95469150746205,51.48847365339212,51.52936935424805,1940900,0.0,0
2017-01-20,51.69295391012272,52.15917175185747,51.39849987952353,51.823822021484375,2100700,0.0,0
2017-01-23,51.66841387516226,51.83199979402309,51.243094854322734,51.54572677612305,2037100,0.0,0
2017-01-24,51.59480155523452,51.652056156669936,50.74415730513434,50.948638916015625,2848900,0.0,0
2017-01-25,50.940456338617786,51.14493794321422,50.33519253629168,50.466060638427734,2656300,0.0,0
2017-01-26,50.69508547828343,50.79323578732071,50.22068971781819,50.31884002685547,2200700,0.0,0
2017-01-27,50.43335026276243,50.62147299228862,49.61542372387874,49.90987777709961,2565100,0.0,0
2017-01-30,49.7462902615147,49.90987618811176,49.38640371911481,49.64813995361328,3167700,0.0,0
2017-01-31,49.705387115478516,50.39244540817116,49.46818771344547,49.705387115478516,2923000,0.0,0
2017-02-01,49.680855668880135,49.91805197629875,48.65844757092126,48.993797302246094,4693200,0.0,0
2017-02-02,48.89565213883223,49.89352360946715,48.879293232084166,49.69721984863281,3153600,0.0,0
2017-02-03,50.02438765514857,50.302482806853945,48.93654696651493,49.38640594482422,3078200,0.0,0
2017-02-06,49.37004444571844,49.73811199777738,49.12466711772649,49.53363037109375,1676800,0.0,0
2017-02-07,49.46819427576246,49.762648314569574,49.22281695013718,49.615421295166016,2088500,0.0,0
2017-02-08,49.77901599427264,50.547865915473295,49.607252148069705,50.23705291748047,2895000,0.0,0
2017-02-09,50.23704828465917,50.39245632939524,49.99985195136169,50.2288703918457,1490300,0.0,0
2017-02-10,50.13889547785978,50.66236795588352,49.95895376362793,50.65419006347656,1585000,0.0,0
2017-02-13,50.629653815936244,50.96500357082087,49.844441970231394,50.82595443725586,2307000,0.0,0
2017-02-14,50.46607511226841,50.80960280884732,49.983498262210496,50.71145248413086,1434200,0.0,0
2017-02-15,50.39245771859304,50.55604366065225,49.79537168219792,50.433353424072266,1356700,0.0,0
2017-02-16,50.384271152393204,50.91592462545475,50.384271152393204,50.6132926940918,1041400,0.0,0
2017-02-17,50.719621636810906,50.83413396941146,49.99984855274531,50.367916107177734,1365600,0.0,0
2017-02-21,50.25340971488946,51.16130874976224,50.13072259567084,51.05497741699219,1524800,0.0,0
2017-02-22,51.12858582663229,51.4148619831492,50.13071758545283,50.65419006347656,1459100,0.0,0
2017-02-23,50.883206088421375,51.333065032958984,50.7850557834649,51.333065032958984,1310500,0.0,0
2017-02-24,51.202195441578326,51.35760346676033,50.94045922248866,51.349422454833984,1171500,0.0,0
2017-02-27,51.46393595142569,52.02012624339853,51.25127642573824,51.74203109741211,1456200,0.0,0
2017-02-28,51.709314368660024,51.9383327903927,51.42303822135219,51.58662414550781,1805800,0.0,0
2017-03-01,51.472113268642765,52.16734952362394,51.05496901954056,51.54572677612305,2442000,0.0,0
2017-03-02,51.43939915388463,51.97105264831641,51.210380723122434,51.74203109741211,1851000,0.0,0
2017-03-03,51.52119123705508,51.52119123705508,50.3515561008618,50.97317886352539,2087100,0.0,0
2017-03-06,50.8341399783702,51.3494314953447,50.6214773128301,51.05497741699219,1452200,0.0,0
2017-03-07,50.94864494625259,51.17766337910069,50.67872769027407,51.16130447387695,1374300,0.0,0
2017-03-08,50.90774350297187,51.38213922039955,50.727798685943206,51.25944900512695,2444600,0.0,0
2017-03-09,51.316707552211376,51.480290348349584,50.76869520069453,50.817771911621094,2774400,0.0,0
2017-03-10,50.81777532652069,51.684775436825234,50.1879715346126,50.67872619628906,2780200,0.0,0
2017-03-13,50.785049971321556,51.46392725644349,50.71143647099348,51.17765426635742,3129200,0.0,0
2017-03-14,51.128581466227025,51.44757540545114,50.89138516494905,50.98135757446289,2214600,0.0,0
2017-03-15,50.92409597903277,52.077372071158884,50.92409597903277,51.87289047241211,1659000,0.0,0
2017-03-16,51.80746626673432,52.314579839068585,51.66023924248533,51.84836196899414,1518300,0.0,0
2017-03-17,52.01194492457887,52.33093575216717,51.74202768883991,51.88107681274414,2604200,0.0,0
2017-03-20,51.97105246373042,52.134638393754734,51.58662599619459,51.684776306152344,1118900,0.0,0
2017-03-21,51.77474585667276,51.97922747784456,51.50483173919977,51.52119064331055,2103400,0.0,0
2017-03-22,51.75839103288836,51.90561806134993,51.40668236713486,51.83200454711914,1568600,0.0,0
2017-03-23,51.85179072452998,52.33823633967278,51.68689331945241,52.066158294677734,1645000,0.504,0
2017-03-24,52.23105125718004,52.40419525804661,51.81056587257568,51.89301300048828,1738700,0.0,0
2017-03-27,51.8105632750829,51.991950721584445,51.0437930723433,51.282894134521484,1361400,0.0,0
2017-03-28,51.28289856671707,51.538486559615706,50.63979899406544,51.45603942871094,1735700,0.0,0
2017-03-29,51.414807422224634,51.571458203288095,50.85415821767887,51.357093811035156,1610200,0.0,0
2017-03-30,51.340610792787714,51.439547976217234,50.71400129236927,51.27465057373047,1133100,0.0,0
2017-03-31,51.20869134598983,51.554973046006694,51.03555049598139,51.29938507080078,1768100,0.0,0
2017-04-03,51.31588305286716,51.44780036065729,50.77996722081912,51.23343276977539,1313500,0.0,0
2017-04-04,51.27465673047519,52.10738729770216,51.11800590913909,51.39008712768555,1889100,0.0,0
2017-04-05,51.44778927543264,52.1156191262198,51.20044162460892,51.950721740722656,1867500,0.0,0
2017-04-06,51.9095057786046,52.11562675435683,51.51375388257909,51.86003875732422,1201600,0.0,0
2017-04-07,51.934240302760365,52.23929845370874,51.785832954697625,51.9754638671875,1475000,0.0,0
2017-04-10,51.87652263247925,52.428928450656706,51.79407550506473,52.34648132324219,1016600,0.0,0
2017-04-11,52.30525595996556,52.70100784301758,52.27227899524518,52.70100784301758,1550500,0.0,0
2017-04-12,52.72574058200294,52.93185839053315,52.255785059210524,52.30525207519531,1536100,0.0,0
2017-04-13,52.2887583391536,52.42892221327077,52.07439394628466,52.14035415649414,1301600,0.0,0
2017-04-17,52.214562010856326,52.85765838623047,52.14035834099345,52.85765838623047,1247000,0.0,0
2017-04-18,52.701011594304745,53.26990752212591,52.62681105953497,53.08852005004883,1615200,0.0,0
2017-04-19,53.014313169340646,53.3276147624988,52.70100528587003,53.04728698730469,1832100,0.0,0
2017-04-20,53.154473412506256,53.154473412506256,52.73398489882094,53.09675979614258,1663600,0.0,0
2017-04-21,52.93186539897055,53.245173315857194,52.84941826464206,52.997825622558594,1797700,0.0,0
2017-04-24,53.426561081475796,53.50900821626092,52.13211842022185,52.93186569213867,2358700,0.0,0
2017-04-25,53.02255114757648,53.57496007403118,52.643289354539284,53.53373336791992,2800700,0.0,0
2017-04-26,53.3935711609634,54.33348216353878,53.08850989895446,53.82229995727539,3491100,0.0,0
2017-04-27,53.82231194510053,53.880025570733835,53.13798874808176,53.203948974609375,1845700,0.0,0
2017-04-28,53.06378313282608,53.36059783348207,52.8494155622828,53.24517059326172,1920300,0.0,0
2017-05-01,53.40181682162379,53.80581844187612,53.146228838033146,53.451290130615234,1898800,0.0,0
2017-05-02,53.509011474708984,53.70688586830555,53.212196739157356,53.36885070800781,1645700,0.0,0
2017-05-03,53.484271299387,53.6079388485339,52.62680731352944,52.70100784301758,1846500,0.0,0
2017-05-04,52.560852368914425,53.17921533796048,52.346487923514076,53.10501480102539,2423400,0.0,0
2017-05-05,53.294642771601474,54.036679595062424,53.24517574680855,53.995452880859375,1749900,0.0,0
2017-05-08,54.11087635852587,54.20981669152498,53.32761916580013,53.607940673828125,1500100,0.0,0
2017-05-09,53.53374433424251,53.673905099233025,53.154482463513986,53.459537506103516,1379300,0.0,0
2017-05-10,53.368836737478,53.97070636178902,53.25340322359105,53.715118408203125,1065400,0.0,0
2017-05-11,53.418308470661906,53.55022261341345,52.898885918675404,53.43479537963867,1075000,0.0,0
2017-05-12,53.66565416421829,53.83055471881342,53.45129287871409,53.50900650024414,1249600,0.0,0
2017-05-15,53.44305059446901,53.962473230188046,53.327623342086994,53.459537506103516,1263000,0.0,0
2017-05-16,53.302892360629755,53.57497359287037,53.129751473834936,53.19570541381836,1283500,0.0,0
2017-05-17,53.22043412833449,53.52548912184539,52.96483986176965,53.04728698730469,2535200,0.0,0
2017-05-18,53.146229499833304,54.0861406083105,53.047289170931016,53.92949295043945,2086600,0.0,0
2017-05-19,53.92947940663626,54.08612702516696,53.39356376771886,54.04490661621094,1908800,0.0,0
2017-05-22,54.00368711265006,54.3994420912892,53.855279781949385,53.88825988769531,1435800,0.0,0
2017-05-23,53.814054840477425,54.020175790409304,53.401812940613674,53.53373336791992,1728300,0.0,0
2017-05-24,53.706876824062235,53.79757054966982,53.377082030063065,53.756343841552734,1325100,0.0,0
2017-05-25,53.978957080858564,54.02842409750594,53.34410101242606,53.64916229248047,1242700,0.0,0
2017-05-26,53.75635811858565,53.814071751090104,53.46778995606338,53.731624603271484,799900,0.0,0
2017-05-30,53.72337072370474,53.978958704487184,53.558470179399464,53.84703826904297,1004600,0.0,0
2017-05-31,53.8635415483509,54.15210969199543,53.63268703343528,53.6656608581543,2252800,0.0,0
2017-06-01,53.64091399737212,53.657407195941495,53.096757960514296,53.53373336791992,1762300,0.0,0
2017-06-02,53.830551289626946,55.01781004582758,53.81405809006162,55.00956344604492,2351300,0.0,0
2017-06-05,54.753972510710724,55.65265683883237,54.52311176144293,55.58669662475586,1597400,0.0,0
2017-06-06,55.56196575078912,55.56196575078912,55.01780968464451,55.1579704284668,1546500,0.0,0
2017-06-07,55.15797711442216,55.4382986360458,55.04254986548145,55.31462478637695,1867500,0.0,0
2017-06-08,55.314617003669454,55.65265839251468,54.72923424060049,55.60319137573242,1427900,0.0,0
2017-06-09,55.49600733189589,55.80106862861133,55.18270572549743,55.75984191894531,1703500,0.0,0
2017-06-12,55.5867081516799,55.72686891792323,55.001325283563474,55.19919967651367,1761700,0.0,0
2017-06-13,55.28988901101663,55.69389065608317,55.009567500868954,55.33111572265625,935700,0.0,0
2017-06-14,55.70213067247403,55.801071005699626,55.16622116586277,55.39707565307617,999000,0.0,0
2017-06-15,55.27339357501057,56.15559097133343,55.24041346884844,55.87526321411133,1127000,0.0,0
2017-06-16,56.30401562386788,56.70801104058297,56.15560824564198,56.53487014770508,2652700,0.0,0
2017-06-19,56.683270930863436,56.74923115580363,56.007194351009666,56.172088623046875,1507000,0.0,0
2017-06-20,56.21332147708846,56.53486974590699,55.57022493945141,56.196834564208984,1595900,0.0,0
2017-06-21,56.08962991304747,56.22155033570634,55.45478017735959,56.073143005371094,1285200,0.0,0
2017-06-22,55.9601820279719,56.0017101981063,55.295667933060855,55.68606948852539,1908900,0.504,0
2017-06-23,55.661152777763476,55.92695715523892,55.38704023113299,55.82727813720703,2129100,0.0,0
2017-06-26,55.97679056385357,56.10969591426854,55.66945169397587,55.76913070678711,877700,0.0,0
2017-06-27,55.56977319096305,55.98509286154233,55.11291901841574,55.16276168823242,1464400,0.0,0
2017-06-28,55.254126507127715,55.39534001227593,54.87203316844346,55.12953567504883,1349600,0.0,0
2017-06-29,54.988330671458044,55.237525048693485,54.54809276398153,55.0713996887207,1722100,0.0,0
2017-06-30,55.05478883637996,55.47841678498279,54.68100357055664,54.68100357055664,2061900,0.0,0
2017-07-03,54.85541651090361,55.411943284215575,54.53977587916126,55.295654296875,1044600,0.0,0
2017-07-05,55.3787333665001,55.76082677204201,55.195991664441706,55.4701042175293,2157200,0.0,0
2017-07-06,54.930187270060514,55.004948119650095,53.85866156597009,53.90019607543945,2827500,0.0,0
2017-07-07,53.92511002283902,54.282285229562156,53.650997491272825,53.974952697753906,1446600,0.0,0
2017-07-10,54.11616289486761,54.15769106612228,53.63439047992439,53.767295837402344,1394200,0.0,0
2017-07-11,53.90851080176982,54.016491667337114,53.14432072924618,53.50149917602539,1048600,0.0,0
2017-07-12,53.70913986595753,54.28227667026054,53.70913986595753,54.03308868408203,1162600,0.0,0
2017-07-13,53.97495594467176,54.30720666528639,53.65930888790108,53.999874114990234,1098700,0.0,0
2017-07-14,54.25736821142137,54.54809074927418,54.10785285805764,54.3736572265625,1311200,0.0,0
2017-07-17,54.38196371802884,55.171068630328854,54.21583203204011,55.02986145019531,1212200,0.0,0
2017-07-18,54.93848588358797,55.10461121801735,54.54808437667612,54.863731384277344,1722200,0.0,0
2017-07-19,54.863740999371174,55.80236134421723,54.813898320487,55.78575134277344,1774300,0.0,0
2017-07-20,55.760826834693155,56.25090743051642,55.70268232372528,55.78575134277344,1491300,0.0,0
2017-07-21,55.760826834693155,55.96848670776075,55.47010427985379,55.78575134277344,1187500,0.0,0
2017-07-24,55.80235179423375,55.93525079486903,55.12122778063026,55.36211395263672,1683500,0.0,0
2017-07-25,55.37042107890326,55.37042107890326,54.50655541056208,54.880340576171875,1942900,0.0,0
2017-07-26,54.888648814357204,56.21767048378863,54.697598978778686,55.951866149902344,1929100,0.0,0
2017-07-27,55.843887355661934,56.093075363056876,55.27905233338113,56.06815719604492,1584000,0.0,0
2017-07-28,56.16784878421942,56.38381050488686,55.935264386361105,56.24260330200195,1084200,0.0,0
2017-07-31,56.259207574204225,56.56654008664478,55.89372422181492,56.5333137512207,1315000,0.0,0
2017-08-01,56.649612857663556,56.649612857663556,56.176148583680025,56.350582122802734,1330700,0.0,0
2017-08-02,56.18445108245067,56.53331812548376,55.89372854658976,56.28413009643555,1638800,0.0,0
2017-08-03,56.184449116683616,56.34227263231878,55.74421124388631,55.902034759521484,1276100,0.0,0
2017-08-04,55.910335783008996,56.27581914560981,55.677757765817816,55.918643951416016,1057300,0.0,0
2017-08-07,55.82726994381972,56.15121878328427,55.60300010775785,55.85218811035156,1108200,0.0,0
2017-08-08,55.74421659210865,55.926958293581855,55.47010403989884,55.777442932128906,2096600,0.0,0
2017-08-09,55.92695155458458,56.018322394311326,55.677757203097904,55.94356155395508,1865400,0.0,0
2017-08-10,55.79405764951046,55.968491196403555,55.619624102617365,55.719303131103516,1642100,0.0,0
2017-08-11,55.5448558182379,55.97678549341004,55.411950479861645,55.636226654052734,1260500,0.0,0
2017-08-14,55.84390112038378,56.50840897450405,55.76914026364501,56.466880798339844,1597900,0.0,0
2017-08-15,56.33397047625927,56.76590022662894,56.093084261471326,56.74098205566406,1491600,0.0,0
2017-08-16,56.848967459167234,57.0732373280777,56.24259785655171,56.408729553222656,1275400,0.0,0
2017-08-17,56.31735765338823,56.54993568711098,56.09308145138692,56.1927604675293,1441900,0.0,0
2017-08-18,56.0930828425909,56.0930828425909,55.58639225486693,55.79405212402344,2942300,0.0,0
2017-08-21,55.89371992837925,56.52500757839373,55.66944376581324,56.292423248291016,975800,0.0,0
2017-08-22,56.29242762772291,56.53331380682775,56.02662328134437,56.26750946044922,1021500,0.0,0
2017-08-23,56.275830908698104,56.56655349095554,56.24260456540054,56.466880798339844,1251400,0.0,0
2017-08-24,56.59146377568892,56.87388448571241,56.38380391198311,56.45856475830078,1484300,0.0,0
2017-08-25,56.54162418255817,56.69113952931332,56.39210883580301,56.43364334106445,1191200,0.0,0
2017-08-28,56.47518614398568,56.55824883875763,55.59471017230379,55.9601936340332,915500,0.0,0
2017-08-29,55.99341097362235,56.259215356508,55.66115391069621,55.777442932128906,1039400,0.0,0
2017-08-30,55.710987661892155,55.91033935546875,55.26244159838776,55.91033935546875,1323700,0.0,0
2017-08-31,55.926958293581855,56.0100209749943,55.5033303799191,55.777442932128906,2363000,0.0,0
2017-09-01,55.777440418789546,56.11799929841785,55.569780555977424,55.644535064697266,1399500,0.0,0
2017-09-05,55.73590436918336,55.827275213274675,55.19598747335537,55.76913070678711,1641600,0.0,0
2017-09-06,55.98509808199574,56.09307892499618,55.61130654125422,55.8355827331543,1904600,0.0,0
2017-09-07,55.968490968391386,56.35889257344223,55.86051010759564,56.250911712646484,3078200,0.0,0
2017-09-08,56.13461362632754,56.97355487921007,56.13461362632754,56.55823516845703,1463800,0.0,0
2017-09-11,56.64960812244513,57.12307235685281,56.533319106083674,56.99017333984375,1257700,0.0,0
2017-09-12,56.7991163345065,56.92371350416087,55.62791814921614,56.15952682495117,1257200,0.0,0
2017-09-13,56.10969738632142,56.14291738752079,55.76913216990516,55.91033935546875,1050000,0.0,0
2017-09-14,55.96849084125678,56.1512325570167,55.6362400896317,55.97679901123047,1631100,0.0,0
2017-09-15,55.85218801586358,56.38379669189454,55.7192890154935,56.38379669189453,3190200,0.0,0
2017-09-18,56.33395515272954,56.61637580048802,55.785736528795,55.935245513916016,1518600,0.0,0
2017-09-19,56.18444687850912,56.18444687850912,55.41195200543639,55.51163101196289,1854000,0.0,0
2017-09-20,55.55316039071669,55.810662912210695,55.16276519883829,55.42026138305664,1278400,0.0,0
2017-09-21,55.42857638089487,55.578091743731775,55.16277199554885,55.212608337402344,1611900,0.0,0
2017-09-22,55.3247514247359,55.46703745585044,54.789081107615615,55.1406135559082,1822600,0.504,0
2017-09-25,55.24106496092129,55.59259747810577,55.148996008464145,55.30802536010742,1637700,0.0,0
2017-09-26,55.36662255990356,55.50053699301116,55.23270174109986,55.26618194580078,1520700,0.0,0
2017-09-27,55.107150951081614,55.11552259843495,54.77236168529925,54.92301940917969,1284100,0.0,0
2017-09-28,54.96485354021615,55.17409998102924,54.797458941843516,55.107139587402344,1281400,0.0,0
2017-09-29,55.03180692598122,55.32475062867658,54.81418886725304,55.182464599609375,1729200,0.0,0
2017-10-02,55.316390341464356,55.450311139160505,54.88116052034207,54.90626907348633,1410200,0.0,0
2017-10-03,54.94811532697961,55.107138275940734,54.546359360474,54.864418029785156,1595900,0.0,0
2017-10-04,54.93974345252335,55.701403540914974,54.7890857639236,55.67628860473633,1254100,0.0,0
2017-10-05,55.82693784991663,56.24543065654478,55.542365806542364,55.71813201904297,1377100,0.0,0
2017-10-06,55.63444599013566,55.63444599013566,54.94811790384376,55.592594146728516,1327100,0.0,0
2017-10-09,55.60934066772461,55.71814652692915,55.333133810864894,55.60934066772461,1251100,0.0,0
2017-10-10,55.69302510416613,56.02782063641687,55.4754070503491,55.57584762573242,1356200,0.0,0
2017-10-11,55.5758640632787,55.9357682493999,55.5423838615819,55.63445281982422,1017200,0.0,0
2017-10-12,55.64282560610431,56.304038849645714,55.525641704918094,56.270565032958984,1343600,0.0,0
2017-10-13,56.58861121999818,56.68068017010841,56.278924170927866,56.4881706237793,1250600,0.0,0
2017-10-16,56.42122672560372,56.530032601739926,55.994362097275925,56.30404281616211,1654000,0.0,0
2017-10-17,56.1282654257301,56.278923124409424,55.66792706943401,55.97760772705078,1293600,0.0,0
2017-10-18,55.87716534336527,56.01945137527466,55.60933018330893,55.843685150146484,1757200,0.0,0
2017-10-19,56.00272572773935,56.00272572773935,55.1741051468378,55.291282653808594,1728600,0.0,0
2017-10-20,55.391718417239694,55.391718417239694,55.073666124045516,55.358238220214844,1067700,0.0,0
2017-10-23,55.59259528590582,55.83532193411268,55.20758258431059,55.801841735839844,1143200,0.0,0
2017-10-24,55.55074946635483,55.7097724249988,54.63005998407205,55.0652961730957,2009700,0.0,0
2017-10-25,56.69741602233033,56.69741602233033,55.51726937075469,55.97760772705078,2108200,0.0,0
2017-10-26,56.647195632117054,56.647195632117054,55.71814094176792,56.20359420776367,1886800,0.0,0
2017-10-27,55.99435382237379,56.630464847055705,55.835324469779515,56.622093200683594,1561700,0.0,0
2017-10-30,56.58023321690147,56.73089090145538,56.04456286864183,56.09477996826172,1934300,0.0,0
2017-10-31,55.98598628879494,56.320781925626996,55.79348310796106,56.29567337036133,1347300,0.0,0
2017-11-01,56.34588308470122,56.94851387475602,56.086419533420056,56.756004333496094,880700,0.0,0
2017-11-02,56.915034335699985,57.04895512868224,55.66792728310348,55.95249938964844,1241600,0.0,0
2017-11-03,55.57585896885172,57.14101834410789,55.54237877022392,57.09080123901367,1754500,0.0,0
2017-11-06,57.4841787473254,58.27931261656698,57.21634357588353,57.92778015136719,1544300,0.0,0
2017-11-07,58.07843616461924,58.396488426032846,57.927778485908796,58.22072219848633,1213700,0.0,0
2017-11-08,58.287690640597475,58.923801637022606,58.287690640597475,58.8986930847168,1684300,0.0,0
2017-11-09,58.67268994930837,58.9740052795864,58.48855209350587,58.48855209350586,1431900,0.0,0
2017-11-10,58.22909309486909,58.614105738692714,57.944521030792735,57.96125793457031,1411000,0.0,0
2017-11-13,57.87756429142285,58.79824731386045,57.584620564151024,58.71455001831055,1377500,0.0,0
2017-11-14,58.664328182708665,58.881946265815685,58.229098402189145,58.572265625,1520100,0.0,0
2017-11-15,58.56389497445155,58.6643291793653,57.668320461701086,57.77712631225586,1072900,0.0,0
2017-11-16,57.81060808131133,58.10355182976755,57.35863498982397,57.9361572265625,1025500,0.0,0
2017-11-17,57.73528649598993,58.0031217114176,57.05732361811424,57.1828727722168,1630400,0.0,0
2017-11-20,57.14102346351662,57.22472716043281,56.680685058955135,56.848079681396484,1771100,0.0,0
2017-11-21,57.09916265430289,57.40047800226969,56.94013333573879,56.998722076416016,2298000,0.0,0
2017-11-22,56.90666977048653,57.33353436911267,56.79786390192114,57.03221893310547,1318300,0.0,0
2017-11-24,57.17449854273569,57.31679098332758,57.040584133919445,57.09080123901367,655800,0.0,0
2017-11-27,57.02384341759366,57.24146152565695,56.580241940703466,56.605350494384766,1281000,0.0,0
2017-11-28,56.53838862033507,56.74763505285193,55.78510018613548,55.994346618652344,2552700,0.0,0
2017-11-29,55.89390423615824,56.01945336877297,55.24942805442073,55.86042404174805,2073300,0.0,0
2017-11-30,56.094789484537024,56.18685843992215,55.734885309584826,55.92739486694336,2518300,0.0,0
2017-12-01,56.09479078724452,56.40447786124965,55.48379467171245,55.684669494628906,1130200,0.0,0
2017-12-04,55.843693298669926,55.93576224703249,55.28291434823965,55.49216079711914,1696000,0.0,0
2017-12-05,55.49215205779625,55.55910605776518,54.79745242435611,54.8309326171875,1134000,0.0,0
2017-12-06,54.86442932195006,55.08204106230548,54.52963367857035,54.7388801574707,1064600,0.0,0
2017-12-07,54.82257252052588,54.82257252052588,54.37059940063813,54.52962875366211,2219200,0.0,0
2017-12-08,54.705390209352466,55.09040289565951,54.3873379169322,55.08203125,1356200,0.0,0
2017-12-11,55.19083462774285,55.31637736401127,54.713753072842074,55.17409133911133,1083200,0.0,0
2017-12-12,55.21595395203145,55.58422974548171,54.8811583566853,55.49216079711914,1687400,0.0,0
2017-12-13,55.61770166978897,55.75999410332459,54.85604794228546,54.931373596191406,1335600,0.0,0
2017-12-14,54.86442932195006,54.95649828352188,54.67191975165561,54.7388801574707,2811000,0.0,0
2017-12-15,55.0234512111728,55.32476664566247,54.85605658565438,54.95649719238281,3601100,0.0,0
2017-12-18,55.04855513176716,55.18247592946331,54.78909156834975,54.90626907348633,1595700,0.0,0
2017-12-19,54.856044395027254,54.93137004406228,53.349470750231724,53.81818389892578,2474500,0.0,0
2017-12-20,53.73447888274588,54.12786317977471,53.34946942348008,53.408058166503906,2072000,0.0,0
2017-12-21,53.617308959057674,53.617308959057674,52.89750384426322,53.0565299987793,1653000,0.0,0
2017-12-22,53.249038642350726,53.49176530403719,53.01468362712111,53.399696350097656,1068600,0.0,0
2017-12-26,53.54197769373579,53.809812869526525,53.2992510679107,53.65078353881836,879000,0.0,0
2017-12-27,53.79307141234741,53.84329489968461,53.39969028047491,53.63404846191406,1623200,0.0,0
2017-12-28,53.65078752507104,53.88514252308872,53.34947532455433,53.776336669921875,1765600,0.0,0
2017-12-29,53.872509511915176,54.134024486302835,53.70378820122199,53.79658508300781,1752300,0.504,0
2018-01-02,53.965303766058206,54.00748006906371,53.53506428383496,53.57724380493164,1238500,0.0,0
2018-01-03,53.57724595371225,53.88938150214688,53.47601445540196,53.85563659667969,1408200,0.0,0
2018-01-04,53.78814588826073,53.8050183407128,52.83487646040297,52.92767333984375,1917000,0.0,0
2018-01-05,52.88549041748047,53.028904653783414,52.74207939926877,52.88549041748047,2226800,0.0,0
2018-01-08,52.86018119602744,53.41695922999667,52.74207725216898,53.239803314208984,1814100,0.0,0
2018-01-09,53.14701060491984,53.18075551097918,52.37933169157243,52.59866714477539,1614200,0.0,0
2018-01-10,52.30339729023665,52.31183190609772,51.50197362362294,51.84785079956055,1781800,0.0,0
2018-01-11,52.11780648418842,52.34557974230453,51.367000124893266,51.42605209350586,1677600,0.0,0
2018-01-12,51.34169992027661,51.45136925582625,50.72586986665249,50.97051239013672,1459500,0.0,0
2018-01-16,51.16454250872939,52.10093948823441,50.995821201561284,51.18141174316406,2277800,0.0,0
2018-01-17,51.47667764246259,51.51885716703202,51.054875960585406,51.3332633972168,1745400,0.0,0
2018-01-18,51.113926860032976,51.274210337251205,50.514969256748074,50.99582290649414,2043400,0.0,0
2018-01-19,50.98738121103805,51.19828203156067,50.76804577365461,51.012691497802734,1929200,0.0,0
2018-01-22,51.06330514424659,51.6453934628714,50.953639035654724,51.61164855957031,1692100,0.0,0
2018-01-23,51.72975662058325,52.17686536159239,51.69601171459617,52.126251220703125,1845100,0.0,0
2018-01-24,52.075631754318195,52.18530108529243,51.70444745775546,51.83098602294922,1136600,0.0,0
2018-01-25,51.78881175874597,51.94066062686694,51.1476745963064,51.636962890625,1574200,0.0,0
2018-01-26,51.788806270257865,51.92378267005066,51.39231168795163,51.915348052978516,1568500,0.0,0
2018-01-29,51.9828401528802,52.033457514951046,51.25734072032256,51.636962890625,2031000,0.0,0
2018-01-30,51.51041673063992,51.78036951909962,51.09704971313477,51.097049713134766,2620900,0.0,0
2018-01-31,50.57401822441292,52.02501370481762,50.20283071470029,51.97439956665039,5601000,0.0,0
2018-02-01,51.84786176552365,52.084072894772824,50.649946538262064,50.89459228515625,2124200,0.0,0
2018-02-02,50.33781306141308,50.91990146384751,49.73885542299037,50.57402420043945,2488600,0.0,0
2018-02-05,50.39685615892328,50.95363413750389,48.861495387228636,48.97116470336914,3428800,0.0,0
2018-02-06,48.01790163431868,49.0808436684517,47.3008400666334,48.684349060058594,3580000,0.0,0
2018-02-07,48.6421671667486,49.40984605708287,47.958847320942425,47.96728515625,2799100,0.0,0
2018-02-08,48.00103156617266,48.7434001919494,46.60908476118137,46.61751937866211,3417000,0.0,0
2018-02-09,46.87059910236072,48.08538665945522,46.57533602535151,47.79012680053711,3152200,0.0,0
2018-02-12,47.94197190958726,48.18661439443512,46.37286942603672,47.756378173828125,2982800,0.0,0
2018-02-13,47.705762587989206,48.363775303623584,47.4189373576078,48.07695007324219,2242300,0.0,0
2018-02-14,47.579225342649494,47.984154522907616,47.106806356636156,47.8069953918457,2759100,0.0,0
2018-02-15,48.043203368198675,48.92898609351483,48.01789308364163,48.85306167602539,2179800,0.0,0
2018-02-16,48.84463073714618,49.426715836326615,48.60841963267887,48.903682708740234,2186800,0.0,0
2018-02-20,48.72651758141799,49.215808963679066,48.549361688429954,48.62528610229492,3020600,0.0,0
2018-02-21,48.675913899025815,48.7434004935634,47.11524577194041,47.132118225097656,2923300,0.0,0
2018-02-22,47.29239921705794,47.773252810723235,47.1405503750488,47.38519287109375,2015000,0.0,0
2018-02-23,47.55391374731135,48.07695007324218,47.32614048629456,48.07695007324219,1894500,0.0,0
2018-02-26,48.1950569152832,48.39751990298957,47.8407418596603,48.1950569152832,2000100,0.0,0
2018-02-27,48.18662311861257,48.287857839041095,46.91278345842235,47.0983772277832,2340500,0.0,0
2018-02-28,47.31770995488321,48.051643936127505,47.25865798042053,47.435813903808594,4556600,0.0,0
2018-03-01,47.309267235775685,48.11068767140544,47.08149399410204,47.5117301940918,2380400,0.0,0
2018-03-02,47.40206669647254,47.604532897718194,46.819981597289306,47.208038330078125,2085300,0.0,0
2018-03-05,47.0815009168095,47.74794507219002,46.904341779620644,47.63827896118164,2832900,0.0,0
2018-03-06,47.6045388909636,48.06852010537178,47.241789180877404,47.99259567260742,2268100,0.0,0
2018-03-07,47.79012007055962,48.96272794240508,47.79012007055962,48.78557205200195,3176300,0.0,0
2018-03-08,48.84463266224728,49.17363743640716,48.5999869313777,49.15676498413086,2162100,0.0,0
2018-03-09,49.19050613893318,50.21126528815383,48.96273287770286,50.20282745361328,2828600,0.0,0
2018-03-12,50.05098595456103,50.396863183127955,49.646053533617625,50.19439697265625,2951200,0.0,0
2018-03-13,50.42216317563282,50.65837103962073,49.92443716359343,50.084720611572266,1577200,0.0,0
2018-03-14,50.26187905484594,50.47277985003796,49.94974356093641,50.22813415527344,2082300,0.0,0
2018-03-15,50.329376078859234,50.54871153540943,50.050988644849696,50.3799934387207,1924500,0.0,0
2018-03-16,50.41373185911299,51.01269264865919,50.35467988548172,50.81022644042969,2819100,0.0,0
2018-03-19,51.215166647461714,51.27421863378616,50.44748760715193,50.88616180419922,2762300,0.0,0
2018-03-20,50.869285954831895,51.18985615784468,50.54871575181911,50.84397888183594,3513400,0.0,0
2018-03-21,50.7933586366534,51.063311460270334,50.31250496845502,50.72587203979492,2940600,0.0,0
2018-03-22,50.51496565390123,51.13923028325146,50.17752305235057,50.405296325683594,4788200,0.0,0
2018-03-23,50.3882688605004,50.447859391414255,49.34117392773368,49.68169403076172,4554400,0.54,0
2018-03-26,50.00518228840679,50.269082254077446,49.42630012557307,50.20949172973633,2320000,0.0,0
2018-03-27,50.235030198084836,51.15443243736979,49.79235865410325,50.524471282958984,2560400,0.0,0
2018-03-28,50.74581987287939,52.60164778223293,50.550021932572996,52.397335052490234,3856200,0.0,0
2018-03-29,52.601642803532684,52.96770077607081,52.12491531088202,52.4569206237793,5297500,0.0,0
2018-04-02,52.33774244696947,52.53354037953478,51.50347172443187,51.963172912597656,3466300,0.0,0
2018-04-03,52.039792700225995,53.274174146325734,51.77588942980279,53.078372955322266,4343300,0.0,0
2018-04-04,52.788933223762676,53.810490421923056,52.68677847817888,53.75941467285156,4093600,0.0,0
2018-04-05,53.81048430918049,53.921153831998275,53.3763242541883,53.87858963012695,2901300,0.0,0
2018-04-06,53.94669688906449,54.23613803602758,53.478484128593806,53.67428207397461,2491800,0.0,0
2018-04-09,53.69129999478531,53.708326323991244,52.9591840761313,53.03580093383789,4295800,0.0,0
2018-04-10,53.21457899124048,53.52104645933908,53.078371588467846,53.37632751464844,2922900,0.0,0
2018-04-11,53.34226741453786,53.82750642222314,53.12093163368359,53.231597900390625,3249900,0.0,0
2018-04-12,53.31673319557073,53.40186159847271,52.18450660181989,52.31220245361328,2712500,0.0,0
2018-04-13,52.45691890435902,52.64420527880445,52.25260944809151,52.482460021972656,2171100,0.0,0
2018-04-16,52.686771011462525,53.0443174414959,52.35476569978605,52.507999420166016,1736800,0.0,0
2018-04-17,52.63569224261212,53.46144808001553,52.50799640049234,53.14646911621094,1824200,0.0,0
2018-04-18,53.2401170938022,53.3252454979191,52.75487804596684,52.763389587402344,1282400,0.0,0
2018-04-19,52.62717291067885,52.6697371052304,51.45238230590467,51.67372131347656,2685700,0.0,0
2018-04-20,51.69075084708154,51.83546976702148,51.08632755617448,51.17145919799805,2443100,0.0,0
2018-04-23,51.26510791416717,51.52049637232597,50.98417833698417,51.42685317993164,1307900,0.0,0
2018-04-24,51.54603594848301,51.89506761057825,51.222542158816026,51.68224334716797,1998800,0.0,0
2018-04-25,51.324701879107735,51.8865578236141,50.96715541581787,51.34172821044922,1821600,0.0,0
2018-04-26,51.50347681599524,52.40585295077569,51.32470519651561,52.039794921875,1528900,0.0,0
2018-04-27,52.02275681105447,53.01877267759843,51.78439470571543,52.73784637451172,1712200,0.0,0
2018-04-30,52.80595360752344,53.06985685528132,52.516512488106564,52.533538818359375,2946600,0.0,0
2018-05-01,52.593135771236696,53.120942331188516,52.35477361347835,52.967708587646484,4162900,0.0,0
2018-05-02,52.78041439731658,52.967700777907325,52.201532173163685,52.363277435302734,2034400,0.0,0
2018-05-03,52.33774470306433,52.90811544202866,52.133435220032844,52.43989944458008,1654000,0.0,0
2018-05-04,52.3717965642087,53.0613483656241,52.218562830560835,52.86554718017578,1531900,0.0,0
2018-05-07,53.04432085963035,53.28268299671891,52.7463649408291,53.2060661315918,1781500,0.0,0
2018-05-08,52.67825756928802,53.18903445382846,52.59312592357113,52.899593353271484,1707300,0.0,0
2018-05-09,52.908117055035454,53.30822449127046,52.87406439101182,53.25714874267578,1890800,0.0,0
2018-05-10,54.03182317532774,54.227621101237744,53.22309035269738,53.55509567260742,3002200,0.0,0
2018-05-11,53.69129769233745,53.81899353218586,53.1549797113903,53.24862289428711,1440500,0.0,0
2018-05-14,53.26565629436164,53.41037848189929,52.61015717449935,53.02729415893555,1274500,0.0,0
2018-05-15,52.62718241867756,52.78892768617146,51.792911714470335,51.92911911010742,2389800,0.0,0
2018-05-16,51.97167483709643,52.12490853812971,51.25658531475443,51.2906379699707,1585700,0.0,0
2018-05-17,51.299155035202126,51.55454672939105,50.67770862405236,50.856483459472656,1645000,0.0,0
2018-05-18,50.839460950219134,50.992694679270684,50.47340295831159,50.76284408569336,1892200,0.0,0
2018-05-21,50.992697865343864,51.63968223597644,50.48191765411113,51.324703216552734,1239300,0.0,0
2018-05-22,51.29064483664736,51.52049541896916,51.08633212543674,51.43536376953125,1948600,0.0,0
2018-05-23,51.571565407969295,52.874048566366525,51.571565407969295,52.56758117675781,2209700,0.0,0
2018-05-24,52.542055352116925,52.78041748869133,51.78440149162781,52.09938049316406,2883400,0.0,0
2018-05-25,52.22707534697824,52.831498750952115,52.17599959976967,52.576107025146484,1131700,0.0,0
2018-05-29,52.431392813202294,53.02730148149733,52.07384631324888,52.6612434387207,1454400,0.0,0
2018-05-30,52.46543741776539,54.406393627316206,52.46543741776539,54.329776763916016,2321600,0.0,0
2018-05-31,54.07438810277922,54.69583454920968,53.80197331112314,54.4744987487793,4653000,0.0,0
2018-06-01,54.57665329824147,54.653266913658825,54.18505744249725,54.33829116821289,1981400,0.0,0
2018-06-04,54.59367484044775,55.01081505110644,54.2531579853654,55.00230026245117,2124600,0.0,0
2018-06-05,55.27471776601513,55.27471776601513,54.47449970737392,54.50003433227539,2019700,0.0,0
2018-06-06,54.35532104856682,54.900150698160736,54.32127163104786,54.763946533203125,1705400,0.0,0
2018-06-07,54.874605185179924,54.900143056624756,54.38085460175077,54.57665252685547,2031300,0.0,0
2018-06-08,54.80649947571379,55.1810722405948,54.695833201944765,54.9937858581543,1670100,0.0,0
2018-06-11,54.99378740420664,55.19809687493972,54.51706314086913,54.51706314086914,1216400,0.0,0
2018-06-12,54.51706617984937,54.94271472295105,54.39788510737141,54.66178512573242,2533600,0.0,0
2018-06-13,54.857577262452516,55.12147723727314,53.580628596388294,53.80196762084961,2127900,0.0,0
2018-06-14,53.99777257951415,54.849069636422854,53.87007672200163,54.27018737792969,1725400,0.0,0
2018-06-15,54.34680023164691,54.687317080812726,53.87858753439371,54.04033279418945,3552300,0.0,0
2018-06-18,53.93818754952168,54.15952337803061,52.976220867766294,53.13796615600586,2124000,0.0,0
2018-06-19,52.89108697041854,53.47848076966738,52.72933845150266,52.7889289855957,2462500,0.0,0
2018-06-20,53.05283258152169,53.401864246632734,52.49948819289758,53.3422737121582,1518200,0.0,0
2018-06-21,53.435906800228985,53.538061518941085,52.839998320768466,53.51252365112305,1555700,0.0,0
2018-06-22,53.67567915979436,54.43131275859032,53.38373003813997,54.19947052001953,4756400,0.54,0
2018-06-25,54.31110238998634,54.88641209994194,54.122193159574806,54.66315841674805,1804500,0.0,0
2018-06-26,54.64597221344022,54.64597221344022,54.09642178605545,54.1221809387207,1884000,0.0,0
2018-06-27,54.25957507479029,54.44848428527793,53.804479186520226,53.830238342285156,1699100,0.0,0
2018-06-28,53.83023926242851,54.53435125372628,53.75295851823342,54.35403060913086,1834000,0.0,0
2018-06-29,54.07066877474974,54.90357980279122,53.761545805340816,54.68891143798828,3031500,0.0,0
2018-07-02,54.68032444940224,54.9035781006209,53.787303293369234,54.500003814697266,1859100,0.0,0
2018-07-03,54.508593397922716,55.247049856584894,54.25957729673343,54.61163330078125,992300,0.0,0
2018-07-05,54.64598449952992,55.26423050712787,54.39696838251635,55.25564193725586,1719300,0.0,0
2018-07-06,55.42737357636328,55.72790797232159,55.19552807722509,55.633453369140625,1959100,0.0,0
2018-07-09,55.633451765597194,55.805183829435336,55.06672416284639,55.427371978759766,2413300,0.0,0
2018-07-10,55.435962809121314,55.77943354255946,55.18694669115765,55.70215606689453,2185600,0.0,0
2018-07-11,55.66780833843478,55.99410193206338,55.53900599450056,55.70215606689453,1411700,0.0,0
2018-07-12,55.908225380152686,56.079957439019985,55.63345015527013,55.92539596557617,1518100,0.0,0
2018-07-13,56.002683493622776,56.225940425092425,55.350089836873785,55.384437561035156,1229800,0.0,0
2018-07-16,55.221293821352354,55.47889850642992,54.80054561680766,55.324337005615234,1233300,0.0,0
2018-07-17,55.461720282606784,55.461720282606784,54.74043766034451,54.83489227294922,1534400,0.0,0
2018-07-18,54.74043078322968,55.24704495886357,54.680323905592466,54.9980354309082,2125300,0.0,0
2018-07-19,54.817709326134505,55.71931573014882,54.740428590043045,55.2041130065918,1631300,0.0,0
2018-07-20,54.96368447734339,55.10106881051447,54.19946242336859,54.28533172607422,1511600,0.0,0
2018-07-23,54.336859259868106,54.336859259868106,53.84741561585267,54.29392623901367,1445800,0.0,0
2018-07-24,54.242400652525475,54.64597822509992,53.821652493337865,54.52576446533203,2486100,0.0,0
2018-07-25,55.04955654611863,56.33756674785064,54.525765206654924,55.4788932800293,1901600,0.0,0
2018-07-26,56.03703121778415,56.03703121778415,55.212705491386835,55.384437561035156,1700700,0.0,0
2018-07-27,55.53041216480269,55.61627820223923,54.85206260766355,54.98086166381836,1514000,0.0,0
2018-07-30,54.96368574732667,55.03237463992036,54.42272059230809,54.75760269165039,1524100,0.0,0
2018-07-31,55.161171508947014,56.620920064229914,54.94650645738038,56.1829948425293,3097400,0.0,0
2018-08-01,55.79661755678361,56.681050382320684,55.530424266214084,56.595184326171875,2065600,0.0,0
2018-08-02,56.41484106195403,57.03308697241243,56.397670476067205,56.64668655395508,1386700,0.0,0
2018-08-03,56.66386515560977,57.47960895053379,56.440614751708196,57.45384979248047,1314500,0.0,0
2018-08-06,57.40231797446361,57.88317955414931,57.239174476160954,57.53112030029297,1042100,0.0,0
2018-08-07,57.531127266640425,57.531127266640425,56.964399584830524,57.45384979248047,942900,0.0,0
2018-08-08,57.56548167871985,57.56548167871985,57.09320855570634,57.14473342895508,948700,0.0,0
2018-08-09,57.17048171429502,57.488186708284374,56.981572501026356,57.436668395996094,699500,0.0,0
2018-08-10,57.33362692633071,57.57406101020095,56.620932897553296,56.63810348510742,958200,0.0,0
2018-08-13,56.595164857251994,57.076019847197806,56.509292279483475,56.97297668457031,1062300,0.0,0
2018-08-14,56.363319311932656,57.59122248935856,56.35473074393446,57.187644958496094,1178400,0.0,0
2018-08-15,57.16188970904922,57.84024250175522,57.08461224526214,57.66851043701172,1440900,0.0,0
2018-08-16,57.66850991161049,57.951867160739845,57.462423574405875,57.86600112915039,802000,0.0,0
2018-08-17,57.9175270495608,58.28675692996315,57.754383533447545,58.2609977722168,1341500,0.0,0
2018-08-20,58.389801138001616,58.55295120814053,58.020571251112,58.175132751464844,1112600,0.0,0
2018-08-21,58.072071292232565,58.13217815950086,57.445243469457054,57.513938903808594,1133900,0.0,0
2018-08-22,57.513950728015544,57.702853384582696,57.18765062334078,57.445255279541016,1095200,0.0,0
2018-08-23,57.54829209160666,57.745789868835125,57.359389434414155,57.41090774536133,1023000,0.0,0
2018-08-24,57.33362861931983,57.9862223353486,57.33362861931983,57.90035629272461,1905000,0.0,0
2018-08-27,57.98622045478939,58.02915675028848,57.342215329256575,57.94329071044922,1802800,0.0,0
2018-08-28,57.90893707310677,58.338273779636545,57.59122555185777,58.32968521118164,1379000,0.0,0
2018-08-29,58.31251249595619,58.51000370509923,58.183710178469255,58.32109451293945,1218300,0.0,0
2018-08-30,58.54436581466665,58.54436581466665,58.00340380966154,58.09785842895508,982300,0.0,0
2018-08-31,58.25241022606164,58.43273743577267,57.80590286457523,58.175132751464844,1261200,0.0,0
2018-09-04,57.91752392788416,58.27817177037205,57.40232114724848,57.54829406738281,1475100,0.0,0
2018-09-05,57.57406271028978,58.28675676011214,57.325046600868816,57.90035629272461,1611700,0.0,0
2018-09-06,58.106431268232356,58.62163403224782,57.95186978391187,58.38120651245117,1531600,0.0,0
2018-09-07,57.99481401290452,58.09785720027088,57.428086309128766,57.73720932006836,1228500,0.0,0
2018-09-10,58.072087692177554,58.46707672451065,57.728623525737675,58.21806716918945,1125400,0.0,0
2018-09-11,57.96044910655302,58.65597239946125,57.94327852266039,58.38978576660156,2886000,0.0,0
2018-09-12,58.32969256134606,58.467076918145196,58.063505866125865,58.183719635009766,1463600,0.0,0
2018-09-13,58.49284680587751,58.690338061228694,58.192305811036036,58.51001739501953,1132600,0.0,0
2018-09-14,58.35544537764676,58.35544537764676,57.47960136364288,58.24382019042969,1400200,0.0,0
2018-09-17,58.21806972901808,58.88783405464781,58.05491965697416,58.733272552490234,1640900,0.0,0
2018-09-18,58.655987199848056,58.75044181298462,57.90894541560691,58.19230270385742,1427700,0.0,0
2018-09-19,58.25242044679165,58.25242044679165,57.41951246386415,57.53972625732422,1057000,0.0,0
2018-09-20,57.58263488058287,58.33827164922198,57.42807340983014,58.32109451293945,1027100,0.0,0
2018-09-21,58.3037855824797,59.11740939919824,58.13932801859132,58.589420318603516,3188900,0.54,0
2018-09-24,58.57210935206066,58.701943931852135,57.048737200401156,57.21318817138672,1392500,0.0,0
2018-09-25,57.28243846506975,57.516135443324636,56.80638050461892,57.33436965942383,1466000,0.0,0
2018-09-26,57.420928148197575,57.58538574750767,56.21780696211071,56.2524299621582,2051800,0.0,0
2018-09-27,56.29570735193353,56.62461592929871,56.1399071618844,56.217803955078125,2142800,0.0,0
2018-09-28,56.321668109711375,57.3689889513948,56.28704511449112,57.351680755615234,2580900,0.0,0
2018-10-01,57.30840912635093,57.62866692837784,56.94487752642555,57.1612663269043,1268200,0.0,0
2018-10-02,57.24781546761319,57.62000443569433,57.143946475243496,57.33436965942383,964100,0.0,0
2018-10-03,57.368994396360385,57.602697985362916,56.33898165269669,56.57268524169922,1245900,0.0,0
2018-10-04,56.243778119404006,56.468817710036525,55.629228134562055,56.226463317871094,1098500,0.0,0
2018-10-05,56.31301345060521,56.73714020994865,56.10528207283505,56.165870666503906,1559800,0.0,0
2018-10-08,56.2524291721381,57.18723034930588,56.2524291721381,56.520755767822266,2430600,0.0,0
2018-10-09,56.615952047578325,56.95351794739055,56.31300253429953,56.73712921142578,1661200,0.0,0
2018-10-10,56.693861061996586,57.066050032351576,55.95814052161902,55.99276351928711,1567600,0.0,0
2018-10-11,56.21779895883962,56.21779895883962,54.374169043491754,54.41744613647461,1988600,0.0,0
2018-10-12,54.633843304356,55.25704410499747,54.01064580554558,54.24434280395508,1736500,0.0,0
2018-10-15,54.09719870508653,55.135865580590384,54.02795270586515,54.512664794921875,1440100,0.0,0
2018-10-16,54.73771242814878,55.914864729349254,54.34821192687643,55.72444152832031,2653100,0.0,0
2018-10-17,55.646531248155966,55.88022819046948,55.19644225593427,55.45610809326172,2265500,0.0,0
2018-10-18,55.499400194134175,56.01873197836264,55.30031959828794,55.75041198730469,1453900,0.0,0
2018-10-19,55.7504050319552,56.243771155969796,55.733090232566,56.1485595703125,1743000,0.0,0
2018-10-22,56.252420021425344,56.287043015354385,54.971398962524724,54.99736785888672,1558100,0.0,0
2018-10-23,54.87619377417921,55.395525505056874,54.33954724353092,55.17048263549805,2075700,0.0,0
2018-10-24,55.43014173975982,57.169909099467354,55.43014173975982,56.633262634277344,3064300,0.0,0
2018-10-25,56.70251465130206,57.54210412825433,56.148559933167576,57.178565979003906,1626500,0.0,0
2018-10-26,57.057397953968625,57.07471275624847,55.91486533899984,56.122596740722656,2238200,0.0,0
2018-10-29,56.63326925629215,57.524789933802495,56.63326925629215,57.31705856323242,1494500,0.0,0
2018-10-30,57.51613093603739,57.94890846483725,56.806376052952054,56.93621063232422,2052400,0.0,0
2018-10-31,56.866972297688584,57.16126449079083,56.17453212059619,56.226463317871094,3099800,0.0,0
2018-11-01,56.49477514574388,56.49477514574388,55.585946306440185,56.10527801513672,2233800,0.0,0
2018-11-02,55.8369634119855,56.26974097796721,55.06661657100019,55.77637481689453,2228400,0.0,0
2018-11-05,55.90619104312587,57.00544952752581,55.88022545121505,56.84099197387695,1512200,0.0,0
2018-11-06,57.02277402280235,57.91430142312873,56.81504262446846,57.57672882080078,2327200,0.0,0
2018-11-07,57.91430469457392,58.632710530155975,57.386315466084575,58.39901351928711,1681800,0.0,0
2018-11-08,58.19992377515107,58.44227814948091,57.697906829894166,58.251861572265625,872500,0.0,0
2018-11-09,58.32975423496243,58.60673158654891,57.992188294080805,58.407657623291016,1105900,0.0,0
2018-11-12,58.46825001597934,59.04817035176567,58.096061056480686,58.88371276855469,1007300,0.0,0
2018-11-13,58.996246229236895,59.22994323011115,58.4595996222108,58.97893142700195,1215400,0.0,0
2018-11-14,59.16069841100712,59.66272202726002,58.83178980225297,59.51557922363281,2222300,0.0,0
2018-11-15,59.1693476128466,59.1693476128466,58.00084953972066,58.66732406616211,2349900,0.0,0
2018-11-16,58.61540204088347,60.12146631283669,58.61540204088347,60.034912109375,1785700,0.0,0
2018-11-19,60.03491130010737,60.51962011588894,59.36843007474537,60.06953430175781,1792800,0.0,0
2018-11-20,60.112791482377474,60.48498039264704,59.55018602116626,60.1993522644043,1552200,0.0,0
2018-11-21,60.112809378816245,60.82256441858092,59.79255816315154,60.156089782714844,1327800,0.0,0
2018-11-23,60.13012765750591,60.19071626426863,59.49826938384083,59.81852722167969,377800,0.0,0
2018-11-26,60.11280059814454,60.199361393297806,59.45498345987798,60.11280059814453,1558300,0.0,0
2018-11-27,60.13877894972707,60.56289915397766,59.688686542077214,60.45903015136719,1859600,0.0,0
2018-11-28,60.311881058716054,60.94373920227252,60.24263506419944,60.77928161621094,1730300,0.0,0
2018-11-29,60.58020116431975,61.09088212041082,60.00028081722336,60.82255554199219,1975800,0.0,0
2018-11-30,61.11685209507612,61.70542988457896,60.74466310166018,61.670806884765625,2534500,0.0,0
2018-12-03,61.88719401621086,62.22476000073362,61.627524826426374,62.216102600097656,2157900,0.0,0
2018-12-04,62.09490991750447,62.25936747025811,61.0995204098264,61.24666976928711,2057100,0.0,0
2018-12-06,60.97834720874654,62.96912635348239,60.233969379230395,62.882572174072266,2593000,0.0,0
2018-12-07,62.657529149381965,62.85660971524785,61.73138551581999,62.03432846069336,2114200,0.0,0
2018-12-10,62.23342095374267,62.268043954601055,61.00433413974991,61.89585494995117,1795500,0.0,0
2018-12-11,62.18146361823378,62.406509751290876,61.78330913892361,61.81793212890625,1262700,0.0,0
2018-12-12,62.138212094613586,62.31132050288302,60.06953557858013,60.156089782714844,1795000,0.0,0
2018-12-13,60.268604663190175,61.09953684158067,60.268604663190175,60.606170654296875,1936300,0.0,0
2018-12-14,60.46767646578987,60.735996418759555,60.22532210779649,60.536922454833984,1732600,0.0,0
2018-12-17,60.710035478756225,60.95238985533226,58.48555908852406,58.6327018737793,2097900,0.0,0
2018-12-18,59.039508266294185,59.72329753778934,58.69328493085019,59.13471984863281,1783000,0.0,0
2018-12-19,59.42036677967075,60.04356759052379,58.75388556663983,59.05683517456055,1539900,0.0,0
2018-12-20,59.16068283836293,59.65404892345841,58.45958540261161,58.96160888671875,1777700,0.0,0
2018-12-21,58.96161720158166,60.640789645311905,58.182616272190565,58.19992446899414,3744100,0.0,0
2018-12-24,58.19992743530561,58.37304243047217,55.118553161621094,55.118553161621094,731500,0.0,0
2018-12-26,55.25703188934137,56.62460708618164,54.67710831654108,56.62460708618164,1606400,0.0,0
2018-12-27,56.31301090646113,57.1785659790039,55.343590149725784,57.178565979003906,1850100,0.0,0
2018-12-28,57.71521602778449,58.0614393986886,56.61596392410013,57.33436965942383,1398800,0.0,0
2018-12-31,57.404187299978666,57.61362607436425,56.49661040038969,57.60490417480469,1266000,0.54,0
2019-01-02,57.09002262386755,57.09875118087866,55.33595883814372,55.64139175415039,1300000,0.0,0
2019-01-03,55.56285430869175,56.775864137454015,55.56285430869175,55.9904670715332,1744700,0.0,0
2019-01-04,56.13881692223484,56.89803494208339,55.99046474110791,56.33952713012695,1462500,0.0,0
2019-01-07,56.52278567052734,57.21219519256184,56.42679817616081,56.810768127441406,1792200,0.0,0
2019-01-08,57.01149026798979,57.95397476446683,56.88931709155078,57.875431060791016,2047900,0.0,0
2019-01-09,58.02378325247571,58.04996226772139,57.31692320908732,57.875431060791016,1119500,0.0,0
2019-01-10,58.07613364926697,58.94880278504596,57.700885654564516,58.826629638671875,1211900,0.0,0
2019-01-11,58.73064326460865,59.149520776708506,58.5648339763527,58.94881057739258,1606100,0.0,0
2019-01-14,58.70446566053762,59.26298018330865,58.43394028605489,59.01862716674805,1590400,0.0,0
2019-01-15,59.13206182640528,59.961094832712064,59.07969715146187,59.74292755126953,1354900,0.0,0
2019-01-16,59.62948706329033,60.37998309570919,59.166973460088876,60.28398895263672,1911000,0.0,0
2019-01-17,60.23164174350673,61.03450268733033,60.23164174350673,61.008323669433594,2684300,0.0,0
2019-01-18,61.23519974977319,61.366101469021494,60.650512949460484,61.19157028198242,1741900,0.0,0
2019-01-22,61.156655410559296,61.46208828037638,60.772678855396556,61.435909271240234,1858000,0.0,0
2019-01-23,61.209017558597544,61.61044459428955,61.04320827896519,61.383548736572266,2299100,0.0,0
2019-01-24,61.366097753239124,61.59299360900154,60.746503421448104,61.392276763916016,919900,0.0,0
2019-01-25,61.4970043017442,61.85479523903391,61.339923567389704,61.67153549194336,2190700,0.0,0
2019-01-28,61.41847572511923,62.59658485176473,61.41847572511923,62.58785629272461,1647200,0.0,0
2019-01-29,62.334760094842196,63.16379315667208,62.334760094842196,63.15507125854492,1966700,0.0,0
2019-01-30,62.9107246913433,63.42560302451319,62.49184716877142,62.83218765258789,2494600,0.0,0
2019-01-31,62.30858798620318,63.416875043424106,61.959518942264744,63.32088088989258,2403900,0.0,0
2019-02-01,63.521614402199894,63.65251616022679,61.767546823695525,62.84965515136719,1528400,0.0,0
2019-02-04,62.50058109150934,63.53905308807964,62.31732132740869,63.521602630615234,1518800,0.0,0
2019-02-05,63.12016229994315,63.70484904256585,62.68382771745983,63.66121292114258,1334100,0.0,0
2019-02-06,63.54777613724024,63.71358542950355,63.21616421065178,63.704856872558594,1192300,0.0,0
2019-02-07,63.582686289041185,64.25463872644963,63.23361723438786,64.17610168457031,1470000,0.0,0
2019-02-08,63.95793494099067,64.43789906982043,63.844490326817485,64.08883666992188,1695300,0.0,0
2019-02-11,64.12373457794752,64.44661791498848,63.87065971560292,64.10627746582031,1587600,0.0,0
2019-02-12,64.05392474294291,64.05392474294291,63.14634791745343,63.303428649902344,2018300,0.0,0
2019-02-13,63.07653369271653,64.02774665797394,62.94563197078997,63.95793151855469,1246800,0.0,0
2019-02-14,64.01900904318668,64.11500318182168,63.55649546136569,63.8095703125,1037100,0.0,0
2019-02-15,64.33316658665892,64.35061703902278,63.67866476705716,63.88810348510742,1968900,0.0,0
2019-02-19,63.76595415300384,64.21101742072834,63.73977513571521,64.1673812866211,1393500,0.0,0
2019-02-20,64.07137919968142,64.0975582137347,62.71874576273298,63.42560577392578,1888900,0.0,0
2019-02-21,63.07654867175002,64.49027561999145,62.884560321723924,64.45536804199219,1487600,0.0,0
2019-02-22,64.5775119418057,64.95275991264987,64.1935354159363,64.77822875976562,1395400,0.0,0
2019-02-25,64.90040649630234,64.97894352328326,64.05391636317624,64.14118194580078,1292000,0.0,0
2019-02-26,64.34190421556094,64.49025638435373,63.90556960762613,64.33317565917969,1004800,0.0,0
2019-02-27,63.94046369437846,64.26335366665319,63.59140137162821,63.992828369140625,1123100,0.0,0
2019-02-28,63.91429404901451,65.17093990040478,63.757213317590725,64.30699920654297,2830700,0.0,0
2019-03-01,64.27208364870617,64.29826265769982,63.39068595094283,64.14118194580078,1374700,0.0,0
2019-03-04,64.3332007917343,64.68226994603785,63.88813745354876,64.56009674072266,1805200,0.0,0
2019-03-05,64.50771278802864,64.97895500700835,64.42917574716786,64.51644134521484,1278600,0.0,0
2019-03-06,64.58626446828303,64.73461666908983,64.16738022477887,64.1848373413086,1065000,0.0,0
2019-03-07,64.28081786303272,64.75205338227583,63.85320515203625,64.0801010131836,1422000,0.0,0
2019-03-08,64.09755740173044,64.56007772325368,63.809581592853895,64.26336669921875,957100,0.0,0
2019-03-11,64.48152374429439,65.04876003027358,64.10627573891777,64.96149444580078,1271000,0.0,0
2019-03-12,65.0138495107327,65.59853622386393,64.89167636643474,65.49382019042969,1622300,0.0,0
2019-03-13,65.56365527586178,66.01744713141855,65.34548790705863,65.37167358398438,1201500,0.0,0
2019-03-14,65.31056753496077,65.50255584716797,65.04877073844601,65.50255584716797,1321400,0.0,0
2019-03-15,65.50254228675087,65.6683515507744,64.97021358872092,65.2407455444336,2416000,0.0,0
2019-03-18,65.31931499404702,65.5636614046774,64.17612000519472,64.56009674072266,1361700,0.0,0
2019-03-19,64.49897948987972,64.70841821976605,63.923014660270844,64.14118194580078,1441900,0.0,0
2019-03-20,64.10627276011853,64.69968802807183,63.51285749216521,64.24590301513672,1208700,0.0,0
2019-03-21,64.02775594160899,65.38038950980537,63.98411980866044,65.2669448852539,1159500,0.0,0
2019-03-22,65.52018304481615,66.57539734421043,65.42345428466797,65.42345428466797,1484800,0.568,0
2019-03-25,65.57294928605172,65.81916553695865,65.20362490969133,65.48501586914062,803900,0.0,0
2019-03-26,65.72243261928992,66.10934767995602,65.56414979528007,66.07417297363281,1177200,0.0,0
2019-03-27,66.43472249664933,66.43472249664933,65.4674346438399,65.9334945678711,1152600,0.0,0
2019-03-28,66.21488626794947,66.53145198514387,65.78400105300163,66.50506591796875,1015800,0.0,0
2019-03-29,66.38194750171374,66.5578210445471,65.98624377089564,66.23246002197266,1995900,0.0,0
2019-04-01,65.9774579282502,66.23246957045535,64.84309857177512,65.9334945678711,1465200,0.0,0
2019-04-02,66.03019410677445,66.72487936900396,65.27396150279972,66.55780792236328,1665400,0.0,0
2019-04-03,66.3467574144378,66.61056431309441,65.85432502642611,66.29399871826172,1282900,0.0,0
2019-04-04,66.45228481338074,66.45228481338074,65.76639489350192,66.19727325439453,762400,0.0,0
2019-04-05,66.17090686165197,66.61058066139717,65.97744931634172,66.48747253417969,761400,0.0,0
2019-04-08,66.39073037621922,66.68091663567897,66.01261071631701,66.44348907470703,831600,0.0,0
2019-04-09,66.55780561691833,66.65453436583321,66.06536652001853,66.29399871826172,877200,0.0,0
2019-04-10,66.61059154838941,67.1733735673345,66.32040518299529,67.13819885253906,1746000,0.0,0
2019-04-11,67.26129838458512,67.63941813409018,67.03267283103509,67.43717193603516,1926900,0.0,0
2019-04-12,67.27009121584283,68.11426410446506,66.7600679991055,68.10546875,1659300,0.0,0
2019-04-15,68.18461464217351,68.27254806159893,67.6657960624508,68.23737335205078,1791400,0.0,0
2019-04-16,68.22857500439625,68.22857500439625,66.2500429641141,66.5929946899414,1732800,0.0,0
2019-04-17,66.57541625394687,66.69852440021357,65.10690714570062,65.32674407958984,2010000,0.0,0
2019-04-18,65.3003496638354,66.10934778387326,64.99257936913506,66.01261901855469,1584600,0.0,0
2019-04-22,65.68725979663012,65.80157927268112,64.44738323040575,65.22120666503906,1543500,0.0,0
2019-04-23,65.48500754100333,66.06537338591953,65.23879132140927,65.91588592529297,1009400,0.0,0
2019-04-24,66.16211172356763,66.68971894320958,65.74002863140998,66.36436462402344,1230800,0.0,0
2019-04-25,66.03900416560639,66.99749654907662,65.90710068233564,66.80403900146484,769100,0.0,0
2019-04-26,67.15577317030797,67.34043534623605,66.70730405226018,67.00627899169922,836800,0.0,0
2019-04-29,66.78646020769827,67.24372480343239,66.11816073530386,66.21488952636719,693400,0.0,0
2019-04-30,66.31159383325574,67.42836213288298,66.02140756721097,67.1997299194336,1516700,0.0,0
2019-05-01,67.05905601299418,68.31652346483186,67.05905601299418,67.28768157958984,1244500,0.0,0
2019-05-02,67.2876692030262,68.10546266406462,66.72488732756848,67.1821517944336,907100,0.0,0
2019-05-03,67.31405990591021,67.50751073796636,66.6985125748201,67.34922790527344,1862300,0.0,0
2019-05-06,67.20854086857804,67.40199842416779,66.74248768950643,67.01508331298828,928800,0.0,0
2019-05-07,66.83922105987172,67.00629256208691,65.32674193103576,65.74882507324219,841300,0.0,0
2019-05-08,65.83675313570852,66.40832367307587,65.40586800808568,65.45863342285156,802700,0.0,0
2019-05-09,65.41467350245361,65.83676334156526,64.9398249492869,65.79279327392578,770800,0.0,0
2019-05-10,65.70484718663671,66.93593504552508,65.70484718663671,66.68092346191406,819800,0.0,0
2019-05-13,66.24126527695132,66.83042663849908,65.95107891957146,66.68972778320312,979700,0.0,0
2019-05-14,66.74247483966958,67.10300381658278,66.53143332369872,66.663330078125,807900,0.0,0
2019-05-15,66.76005473863634,67.34921590186555,66.66332598540308,66.99748229980469,555000,0.0,0
2019-05-16,66.54022322706783,67.76251570639621,66.54022322706783,67.54267883300781,945200,0.0,0
2019-05-17,67.2700862324683,67.70096464488009,66.97111129170194,67.3756103515625,1174000,0.0,0
2019-05-20,67.34044055966814,67.57786145884538,66.22366535497626,66.61058044433594,799300,0.0,0
2019-05-21,66.83041462701593,67.53389535927715,66.83041462701593,67.14698028564453,776000,0.0,0
2019-05-22,67.12940435485312,67.53391022572661,66.84801334178304,67.3932113647461,561700,0.0,0
2019-05-23,67.27888086507267,67.81528339082858,67.12938668740277,67.80648803710938,897400,0.0,0
2019-05-24,68.04391015445181,68.27254239308697,67.8064892708267,67.87683868408203,779900,0.0,0
2019-05-28,68.21099664855207,68.43962891505724,67.01508331298828,67.01508331298828,1721900,0.0,0
2019-05-29,67.19973277763674,67.35801559231261,66.20607254093696,66.54022216796875,1793200,0.0,0
2019-05-30,66.65454277203926,67.04145110760601,66.46987389435705,66.67212677001953,1178900,0.0,0
2019-05-31,67.0150916807915,67.95599351137129,66.42593029439568,67.33165740966797,1676500,0.0,0
2019-06-03,67.48991959714714,67.85924393138907,66.52263870365637,67.04145050048828,1524600,0.0,0
2019-06-04,66.95351956044537,67.01507361842026,65.71364304726855,66.37315368652344,1633300,0.0,0
2019-06-05,66.9095496033894,68.03512006490807,66.38194243295546,67.92959594726562,1872700,0.0,0
2019-06-06,68.01753437852899,68.58911165072968,67.75373412828306,68.40444946289062,906900,0.0,0
2019-06-07,68.67702770480741,69.06394269135063,68.4044321691363,68.5715103149414,738900,0.0,0
2019-06-10,68.63307085385551,68.63307085385551,67.64819929899213,68.43961334228516,1159800,0.0,0
2019-06-11,68.54513528393846,68.61548469442333,67.771311895272,68.41323852539062,726800,0.0,0
2019-06-12,68.43961673985613,68.87929048474707,67.86803952972014,68.28133392333984,998900,0.0,0
2019-06-13,68.18461994379408,68.5275650024414,68.052716449955,68.5275650024414,1126000,0.0,0
2019-06-14,68.58911675576238,69.04637458222246,68.41324990917546,68.8177490234375,1153500,0.0,0
2019-06-17,69.01999322112547,69.60036587400504,68.86171038023922,69.17827606201172,958000,0.0,0
2019-06-18,69.64430836894932,69.74103711545551,68.05269179098245,68.63306427001953,1450000,0.0,0
2019-06-19,68.3253050578914,69.22224335664924,68.15823357784019,68.96723175048828,1065200,0.0,0
2019-06-20,69.17827851068236,69.88175931927533,69.16069450946813,69.31897735595703,1250600,0.0,0
2019-06-21,69.50362902172235,69.60915313968054,68.14063767754148,68.61548614501953,2764100,0.0,0
2019-06-24,68.88809215350433,68.98482093237939,68.33410554540283,68.8265380859375,794300,0.0,0
2019-06-25,68.90565079996523,69.2573910404831,67.56903922777477,67.63059997558594,956000,0.0,0
2019-06-26,67.56907857279027,67.63063935644787,65.98625663212404,66.52265930175781,1558100,0.0,0
2019-06-27,66.9550224442418,67.76128572155989,66.680364596192,66.99046325683594,876300,0.568,0
2019-06-28,67.0524681323644,67.92075094942864,67.00816543652678,67.26510620117188,1934500,0.0,0
2019-07-01,67.66381254651743,67.69925335249609,66.29937193473062,67.46002960205078,891700,0.0,0
2019-07-02,67.64609240399878,68.8599147254286,67.64609240399878,68.60297393798828,1266400,0.0,0
2019-07-03,68.85103285206286,69.6129931013706,68.76243423788216,69.40921020507812,530100,0.0,0
2019-07-05,69.01053046000895,69.24089232266914,67.89416871288631,69.037109375,639500,0.0,0
2019-07-08,69.15228974135815,69.90538824826218,69.1079870458052,69.84336853027344,802200,0.0,0
2019-07-09,69.77247677637111,70.4103976455834,69.49781903087633,70.27749633789062,1084200,0.0,0
2019-07-10,70.39267814477131,70.76480318085828,70.05600066984108,70.4990005493164,1202800,0.0,0
2019-07-11,70.72937152901507,70.74708855224364,69.66616762495141,70.25093078613281,1554300,0.0,0
2019-07-12,70.38384276263156,70.38384276263156,69.75478356843031,69.86109924316406,939400,0.0,0
2019-07-15,69.99399907074299,70.51673581917412,69.59530177989362,70.10917663574219,794400,0.0,0
2019-07-16,69.95855978476574,70.1534808679691,69.61302032259384,69.86109924316406,732900,0.0,0
2019-07-17,69.97628472126594,70.25980445795854,68.95738334389941,69.67504119873047,1138100,0.0,0
2019-07-18,69.6041431330562,69.86108388993475,68.87762355691902,69.63072204589844,711300,0.0,0
2019-07-19,69.79905842921687,70.06486105504896,68.15996026229642,68.3548812866211,1212600,0.0,0
2019-07-22,68.39918894548846,68.63841270168274,68.00935358963993,68.11566925048828,1318100,0.0,0
2019-07-23,68.12452081306846,69.09911919438532,67.672659044046,69.07254028320312,984600,0.0,0
2019-07-24,69.2054541527621,69.26747387665162,68.54981610598095,68.60297393798828,1443900,0.0,0
2019-07-25,68.93965344349846,69.32063368960493,68.45235753033919,69.19659423828125,1505500,0.0,0
2019-07-26,69.31176644241614,69.72818066499494,69.16114134101325,69.60414123535156,1289900,0.0,0
2019-07-29,69.77250141883161,70.9420211722282,69.7636395259512,70.53446197509766,1482000,0.0,0
2019-07-30,70.4812892591738,71.42930880794826,70.18004580162297,70.47242736816406,1768000,0.0,0
2019-07-31,70.81797083981958,72.54566790589116,69.84337232153196,69.89653015136719,2469100,0.0,0
2019-08-01,69.83451171968974,70.86227484643561,68.66499212421782,70.50787353515625,2317100,0.0,0
2019-08-02,70.53443752266715,71.85457519915516,70.33065461492619,71.30525970458984,1551500,0.0,0
2019-08-05,71.30527375382773,71.35843158386801,68.64727409753108,69.26747131347656,1572800,0.0,0
2019-08-06,69.40036902673319,70.34838858428989,68.86877047514255,70.11802673339844,1296700,0.0,0
2019-08-07,70.02942823359986,71.26096747163915,69.03710597835311,70.68506622314453,1150300,0.0,0
2019-08-08,70.79140165355597,71.7039805759013,70.01171732406202,71.62423706054688,1331800,0.0,0
2019-08-09,71.56222607920927,72.15585129163884,70.92431167660627,72.0052261352539,1939500,0.0,0
2019-08-12,71.93432806917238,72.42162391791159,71.53562409150332,71.96090698242188,833900,0.0,0
2019-08-13,71.86344673991056,71.93432834861271,70.48128916842997,71.66852569580078,1339600,0.0,0
2019-08-14,71.81028750431932,71.90774802446208,70.69392584791092,70.72050476074219,916900,0.0,0
2019-08-15,70.97745453054043,72.10267146101612,70.80025724940258,71.89889526367188,1282500,0.0,0
2019-08-16,72.08495181226554,72.64312931120617,70.80025467168228,72.3330307006836,1098000,0.0,0
2019-08-19,72.65198870772136,73.45825182703301,72.2355676909026,73.3342056274414,1036600,0.0,0
2019-08-20,73.49367936362395,73.63544257366252,72.90006113078175,73.04182434082031,1068200,0.0,0
2019-08-21,73.0063831379971,73.41394222516037,72.66084376497517,73.21015930175781,625600,0.0,0
2019-08-22,73.28991548525147,73.60887600166768,72.81147471062715,73.53799438476562,830300,0.0,0
2019-08-23,73.50254933724497,74.24679275250816,73.12156911792228,73.31649017333984,2343300,0.0,0
2019-08-26,73.70633472383754,74.07845306396484,73.07727559848628,74.07845306396484,1728100,0.0,0
2019-08-27,74.4151240952148,74.62776892211794,74.0164268741454,74.22906494140625,1933200,0.0,0
2019-08-28,74.29108192634125,74.4682859422416,73.83922013534789,74.09616088867188,1749600,0.0,0
2019-08-29,74.29108208370207,74.78724656963198,73.97212161404785,74.66320037841797,874600,0.0,0
2019-08-30,74.86698921470435,75.2479694302063,74.45056819315076,75.09735107421875,1510100,0.0,0
2019-09-03,74.99100963676445,76.06306839927032,74.97329261805332,76.0099105834961,1565100,0.0,0
2019-09-04,76.38205264889126,76.51495398944074,75.85045404633628,76.45293426513672,1364900,0.0,0
2019-09-05,76.30231046777668,76.52381043304116,75.72640920616055,76.18712615966797,1234900,0.0,0
2019-09-06,76.4174904685274,77.16172713107065,76.27572724158048,76.94908905029297,1614800,0.0,0
2019-09-09,76.65670408910111,76.66556598030577,75.30998729061744,75.4074478149414,2185100,0.0,0
2019-09-10,75.05305822469361,75.1505187642131,73.55571608084288,74.83155822753906,1585800,0.0,0
2019-09-11,74.64548424336914,75.11506306270456,73.85694495059039,75.106201171875,1486100,0.0,0
2019-09-12,75.84159776057324,76.26688072983974,74.70751885538719,75.62895965576172,1374900,0.0,0
2019-09-13,75.35430064708817,75.6998400968853,74.48601769654448,74.91130065917969,1549800,0.0,0
2019-09-16,74.88470061863255,75.54920047304164,74.55688501662833,75.35428619384766,1507600,0.0,0
2019-09-17,75.56692900484758,76.32002753525742,75.1770869026692,76.080810546875,1659000,0.0,0
2019-09-18,76.07196074050827,76.15169749608873,75.04419749318085,75.5492172241211,1848700,0.0,0
2019-09-19,75.53148659788167,76.0719470427552,75.53148659788167,75.76184844970703,1247500,0.0,0
2019-09-20,76.02764114134808,76.02764114134808,75.24796374603585,75.46060180664062,7515200,0.0,0
2019-09-23,74.84041683205714,76.01879838746235,74.63663386938491,75.51377868652344,1519200,0.0,0
2019-09-24,75.69096910617957,76.47950844910073,75.45175211570657,75.72640991210938,1272500,0.0,0
2019-09-25,75.84159585643421,76.46179988939139,75.74413531925012,76.2757339477539,966600,0.0,0
2019-09-26,76.57698025518498,77.23261836235464,76.46180268867953,76.8693618774414,999400,0.0,0
2019-09-27,77.09053305936033,77.2332237014358,76.29679722603464,76.92108154296875,1108900,0.568,0
2019-09-30,76.81405693134366,77.34024524874735,76.81405693134366,76.93000030517578,1469200,0.0,0
2019-10-01,76.79623093009724,77.19755562304924,76.05600317677846,76.84973907470703,995000,0.0,0
2019-10-02,76.8318947603834,77.24213968925272,75.71709653926405,76.78730010986328,1468600,0.0,0
2019-10-03,76.65353382853783,77.80400657232124,76.53759724661461,77.66131591796875,1429900,0.0,0
2019-10-04,77.6613158356635,78.133989259251,77.58996710646821,78.0091323852539,1567200,0.0,0
2019-10-07,77.64346252919107,78.55314166690451,77.63454904264415,78.26775360107422,1428000,0.0,0
2019-10-08,78.20532407590646,78.77610019955046,77.70588986457689,78.0804672241211,1943600,0.0,0
2019-10-09,78.24101594186128,78.82962597424795,77.89319257212735,78.10723876953125,1275700,0.0,0
2019-10-10,77.8485792983569,78.82067994511152,77.67020752542892,78.62448120117188,1055400,0.0,0
2019-10-11,78.59773664033996,78.91879909404017,77.63455608342821,78.15181732177734,1298700,0.0,0
2019-10-14,77.97346159720121,78.41046067623567,77.72374783775295,78.10723876953125,1310500,0.0,0
2019-10-15,78.10723419989071,78.43721016091807,77.71482299846441,78.08939361572266,1988300,0.0,0
2019-10-16,78.15180207399034,78.52637939968463,77.42941509620043,78.49961853027344,1139000,0.0,0
2019-10-17,78.18749374240781,78.69584150678622,78.0983112371849,78.25884246826172,1902900,0.0,0
2019-10-18,78.14289629421741,78.89203741110548,77.93777043362863,78.81177520751953,1640400,0.0,0
2019-10-21,78.57989457039538,79.15067069359725,78.23207808295011,79.12391662597656,1327900,0.0,0
2019-10-22,79.47172138683267,79.48064167611935,78.6333911027489,78.87419128417969,1356600,0.0,0
2019-10-23,78.74935546514828,79.06149763160626,76.64461570819034,78.33910369873047,2968200,0.0,0
2019-10-24,78.34803223637361,78.5888325074056,77.49186785932687,78.10723876953125,1195400,0.0,0
2019-10-25,77.92884921959202,78.31234006417557,77.59887331428651,78.19640350341797,931800,0.0,0
2019-10-28,78.10721532916894,78.16964375029592,77.61670144589434,77.99127197265625,1244500,0.0,0
2019-10-29,77.76833721633581,78.41938250553193,77.59889247864102,78.09832000732422,1571200,0.0,0
2019-10-30,78.43720441067934,79.28445518762962,78.13398254394404,79.23986053466797,1125000,0.0,0
2019-10-31,79.32011774209596,79.8641397671427,78.94554040386586,79.07040405273438,1453100,0.0,0
2019-11-01,79.07934001187257,79.55201345880373,78.04481060420639,78.6066665649414,1270400,0.0,0
2019-11-04,78.36587016406311,78.42829860180811,77.35808806365016,77.6167221069336,1279700,0.0,0
2019-11-05,77.1172808266673,77.1172808266673,74.82525601583895,75.63682556152344,2275400,0.0,0
2019-11-06,75.83303342225965,76.50191235773181,75.83303342225965,76.32354736328125,1237800,0.0,0
2019-11-07,75.91330088806374,75.95788873367493,74.60229711254355,74.97686767578125,2025900,0.0,0
2019-11-08,74.76283691412965,75.30685904407238,74.70932196738528,74.89661407470703,978300,0.0,0
2019-11-11,75.01255713565672,75.46739679926014,74.62014591182715,75.0571517944336,856700,0.0,0
2019-11-12,75.14632132662302,75.84195433656113,74.27231651658,74.38825988769531,1435600,0.0,0
2019-11-13,74.70932537404613,75.79736968354518,74.70932537404613,75.69035339355469,1375600,0.0,0
2019-11-14,75.98464695053985,76.52866904769245,75.70817915841559,76.50191497802734,1309500,0.0,0
2019-11-15,76.51976552745053,77.14404991491276,76.31463962631894,77.1083755493164,1412300,0.0,0
2019-11-18,77.30457163463501,78.13398182105145,77.17971477252404,77.58103942871094,927000,0.0,0
2019-11-19,77.67023093633615,77.90211090894071,77.11729528406535,77.65239715576172,982800,0.0,0
2019-11-20,77.65237815318046,78.09829740450324,77.25996703467634,77.28672790527344,954000,0.0,0
2019-11-21,76.98350014235842,77.0548488563779,75.69033702064776,75.85086822509766,1969300,0.0,0
2019-11-22,76.01139915863001,76.2254384957377,75.19982284897375,75.61898803710938,2695100,0.0,0
2019-11-25,75.83302863952144,76.43947910826864,75.2176578803578,75.37818908691406,1808100,0.0,0
2019-11-26,75.5654924194419,76.46624456421026,75.43171526002226,76.13626861572266,3606600,0.0,0
2019-11-27,75.97572161465546,76.63568017882926,75.73492141684622,76.36812591552734,1316400,0.0,0
2019-11-29,76.49299225360903,76.94783183601392,75.86870796731871,75.89546203613281,762900,0.0,0
2019-12-02,75.68141437256234,75.94004834968455,74.38825129113901,74.46851348876953,2634400,0.0,0
2019-12-03,74.57555108487456,75.23550978709427,74.4863617756595,74.78067016601562,1802400,0.0,0
2019-12-04,74.34366955050164,75.62791936902346,74.34366955050164,75.13740539550781,1985200,0.0,0
2019-12-05,74.9679487292121,75.44062208713335,74.67364716949874,75.39603424072266,1489000,0.0,0
2019-12-06,75.39602910959272,75.84194836848253,75.06604640850661,75.30684661865234,1223800,0.0,0
2019-12-09,75.396055597629,75.52983278313194,74.78960492031393,75.40497589111328,1066400,0.0,0
2019-12-10,75.67248821108407,75.79734504494674,74.80740385918769,75.0392837524414,1096700,0.0,0
2019-12-11,75.04820915442825,75.29792283916531,73.49641211057109,73.7372055053711,1376700,0.0,0
2019-12-12,73.66586238776439,74.0225991662708,72.47971549101058,72.93455505371094,2147400,0.0,0
2019-12-13,73.07726641648298,73.51426548125356,71.83761114812094,72.24785614013672,1762300,0.0,0
2019-12-16,72.40836958520319,72.80969418627151,71.6948960675398,72.6848373413086,1991900,0.0,0
2019-12-17,72.9345514627248,73.02373395191341,71.37383408726699,71.44518280029297,1603800,0.0,0
2019-12-18,70.88333344639646,71.90002888489872,70.65145351005027,71.60572052001953,2775400,0.0,0
2019-12-19,71.66815185546875,71.8286830788061,71.3738434786522,71.66815185546875,2198600,0.0,0
2019-12-20,70.87441164243113,72.04271798183214,70.47308020683913,71.61463928222656,5480000,0.0,0
2019-12-23,71.98920638064253,71.98920638064253,70.95467043204204,71.08844757080078,1087000,0.0,0
2019-12-24,71.20437295028698,71.72164084338014,71.04384857400308,71.68596649169922,409400,0.0,0
2019-12-26,71.87326049804688,71.92677543418651,71.5254440319838,71.87326049804688,833900,0.0,0
2019-12-27,72.18540719311808,72.38161274316035,71.88217857827438,72.19432067871094,1008400,0.0,0
2019-12-30,71.97137145399654,72.3816231928696,71.79300645776442,71.98921203613281,1166000,0.0,0
2019-12-31,72.11314819651162,72.67898559570312,71.8975920709728,72.67898559570312,1265600,0.568,0
2020-01-02,73.03826692267161,73.18197560719702,71.26889314579417,71.6461181640625,1797800,0.0,0
2020-01-03,71.35869325770365,72.67898740780839,71.32277294622298,72.57121276855469,1326500,0.0,0
2020-01-06,72.42750496835983,73.15501120153743,72.0053693532152,72.77778625488281,1764300,0.0,0
2020-01-07,71.72694823996383,72.62510686370251,71.41259409213659,71.70000457763672,1194800,0.0,0
2020-01-08,71.78082969239767,72.25685262765182,71.52934639470914,71.8526840209961,2388900,0.0,0
2020-01-09,71.78981288949545,72.2927794827211,71.64610423291332,72.22093200683594,892800,0.0,0
2020-01-10,72.37361170290939,73.02028690257049,71.99638678724222,72.98435974121094,1291000,0.0,0
2020-01-13,72.80473519953475,73.92743346921623,72.80473519953475,73.9004898071289,1397500,0.0,0
2020-01-14,73.55020606869948,73.64900406136454,72.46343500179005,72.8945541381836,1223500,0.0,0
2020-01-15,73.3166839393598,73.87354473737713,72.96640263408634,73.71187591552734,1228100,0.0,0
2020-01-16,73.8196604336302,74.12503108050001,73.31668693818789,74.10707092285156,1021600,0.0,0
2020-01-17,74.0531728257397,74.35855030885361,73.64002069762597,74.09808349609375,1797400,0.0,0
2020-01-21,74.49327460757307,74.8345724001429,73.99030114455746,74.81661224365234,1577300,0.0,0
2020-01-22,75.11299752702219,75.24772268082376,73.73881603353928,73.99928283691406,1427400,0.0,0
2020-01-23,74.02623815496428,74.64596984860428,73.69392382264711,74.61902618408203,1308500,0.0,0
2020-01-24,74.7716921030514,74.79863576057757,73.89149379356677,74.33159637451172,1117900,0.0,0
2020-01-27,74.05318185499799,74.55615538514708,73.75679469270403,73.95438385009766,1198900,0.0,0
2020-01-28,74.08012865657555,74.61003897227599,73.85558899350112,74.29568481445312,1473500,0.0,0
2020-01-29,77.42128181469177,78.61583460148557,72.93947155317193,73.89151763916016,2311000,0.0,0
2020-01-30,73.61307998478249,75.43634089472194,73.49632183055415,75.41838073730469,1820300,0.0,0
2020-01-31,75.43634703502089,75.66088670924906,74.43939033325526,74.61902618408203,1514200,0.0,0
2020-02-03,74.86152046170811,75.32856678679109,74.24179566646501,74.40345764160156,1560500,0.0,0
2020-02-04,74.54715784983884,75.43633287419343,74.5112306864177,75.12197875976562,815100,0.0,0
2020-02-05,75.05013934710917,75.63394387700804,74.57411632889239,74.82559967041016,976500,0.0,0
2020-02-06,75.01421409692533,75.48126047376374,74.96931027188025,75.32857513427734,1141500,0.0,0
2020-02-07,75.55310674075909,75.84949388207875,75.28365640966133,75.62495422363281,1517500,0.0,0
2020-02-10,76.10995310796008,76.31653258816058,75.75068831984079,76.28958892822266,1477800,0.0,0
2020-02-11,76.20875640321842,76.60394838291158,75.89440226137447,76.15486907958984,1265200,0.0,0
2020-02-12,76.02912742285226,76.58598137343115,75.65190245263952,76.15486907958984,1418200,0.0,0
2020-02-13,76.00219802430674,76.72072093302229,76.00219802430674,76.54109191894531,1202500,0.0,0
2020-02-14,76.85543216900868,77.65479278564453,76.74765066868237,77.65479278564453,939200,0.0,0
2020-02-18,77.85238679956089,78.0140556197414,76.73867206743195,77.48413848876953,879800,0.0,0
2020-02-19,77.41228975783973,77.48413723599792,76.63987283528873,76.64884948730469,1068500,0.0,0
2020-02-20,76.70274774936674,77.6637772015633,76.41533726419785,77.60090637207031,1023800,0.0,0
2020-02-21,77.40331510520572,78.26554661336323,77.3314607664242,78.14878845214844,1517400,0.0,0
2020-02-24,77.57395790547544,78.31044765638393,76.99913697073738,77.05302429199219,1059000,0.0,0
2020-02-25,77.27756628264746,77.43025159911437,74.89744463706218,75.0052261352539,1270500,0.0,0
2020-02-26,75.37348062302908,75.96626868692991,74.8615304098454,74.87051391601562,1997300,0.0,0
2020-02-27,74.0082755393796,74.87949054285001,70.46054469289729,70.46952819824219,2179500,0.0,0
2020-02-28,69.30191721068708,69.30191721068708,65.83502464931273,67.45170593261719,3257500,0.0,0
2020-03-02,67.86487122749776,71.04435394374838,67.56848405538172,71.01741027832031,2325400,0.0,0
2020-03-03,71.03537210018052,72.81372943653055,70.05638235387805,70.5593490600586,2805400,0.0,0
2020-03-04,71.57425708629734,72.91251140794688,70.80184018462973,72.77778625488281,2379500,0.0,0
2020-03-05,71.7808407724321,72.26584728672776,70.25397374226232,71.28685760498047,1623600,0.0,0
2020-03-06,69.42766919177117,70.23600652751348,67.65829548337969,69.73303985595703,2233500,0.0,0
2020-03-09,65.70030281198295,67.88282847914617,65.65539214112194,66.88587188720703,3436000,0.0,0
2020-03-10,68.39479390545361,71.78983306884766,67.47866809324414,71.78983306884766,4259800,0.0,0
2020-03-11,70.06535060994803,70.08331076594216,67.06549748088669,67.45170593261719,3700900,0.0,0
2020-03-12,63.19444296217604,68.1971863527456,61.34423834180226,62.880088806152344,5119200,0.0,0
2020-03-13,66.4637457103442,66.66134172640875,62.23341893404224,66.11346435546875,4670800,0.0,0
2020-03-16,61.58674503629289,61.829244883036225,54.87749809670211,54.93138885498047,4111800,0.0,0
2020-03-17,56.6378790620977,60.06884100254541,54.652946074400575,59.69161605834961,3220800,0.0,0
2020-03-18,55.865466293585214,58.11984289983306,52.641076742807876,54.67091369628906,3663700,0.0,0
2020-03-19,54.338599002249914,56.521124823048126,53.000341089541045,54.43739700317383,3510900,0.0,0
2020-03-20,54.69412718830872,55.52873485294962,49.55039182685442,50.158206939697266,3495100,0.603,0
2020-03-23,50.15821719789715,50.25800801747671,45.01448078446216,46.62019729614258,3682000,0.0,0
2020-03-24,48.16240219726454,49.396173080595084,45.939800543673414,47.30965042114258,3835100,0.0,0
2020-03-25,46.883270327359504,52.50781193111824,45.522494300351696,49.50503158569336,3843900,0.0,0
2020-03-26,49.50503217705858,53.86858860161639,48.38919623685879,53.73250961303711,3252400,0.0,0
2020-03-27,51.96350175842845,58.44986916032621,51.71856164738134,56.86229705810547,2830600,0.0,0
2020-03-30,57.59711709288471,57.95998863799019,53.83230188572484,56.77157974243164,3550300,0.0,0
2020-03-31,55.98233032226563,56.71715069358007,53.560150421579955,55.982330322265625,5240400,0.0,0
2020-04-01,53.58735784765122,54.394751042567066,49.786258187068434,52.34451675415039,2907300,0.0,0
2020-04-02,51.03817133029449,52.671105331209766,48.29847864127528,49.50503158569336,3175700,0.0,0
2020-04-03,48.96072373243163,50.27613782155568,47.89024628868212,49.22380447387695,2757900,0.0,0
2020-04-06,51.80020824957413,54.85742101208766,51.237755103437884,54.53083419799805,2530800,0.0,0
2020-04-07,56.74435711101028,57.83297857633839,54.96627734533263,55.04792404174805,2742400,0.0,0
2020-04-08,55.63760006392349,59.68364014119129,55.02978494416158,59.19375991821289,3264600,0.0,0
2020-04-09,60.119094871033376,64.05627796242827,60.119094871033376,62.97672653198242,3806000,0.0,0
2020-04-13,62.25097634199187,62.54127498137716,60.001156695806806,60.32774353027344,1482700,0.0,0
2020-04-14,61.93344988397905,63.403090485280245,61.56150803553377,62.52312088012695,1580600,0.0,0
2020-04-15,60.65432678125742,61.661301641159454,59.02139270539868,59.865074157714844,2252300,0.0,0
2020-04-16,59.95579297986987,60.835762651548535,58.576876213164915,59.175621032714844,2300400,0.0,0
2020-04-17,60.63618438778802,63.63896858736786,60.173525461283376,63.312381744384766,1790400,0.0,0
2020-04-20,62.15118279169757,62.849711482691525,59.45684498694267,59.520347595214844,2056000,0.0,0
2020-04-21,57.651547043090574,59.384268480971556,57.624332628352064,57.88741683959961,2757700,0.0,0
2020-04-22,58.93974894988505,59.99207885086232,58.60408835908051,59.56570816040039,1703500,0.0,0
2020-04-23,59.719929079031914,59.810646101915324,57.40660692854623,57.88741683959961,1989100,0.0,0
2020-04-24,56.263558785537626,58.58595134751939,55.47430958066558,58.05071258544922,2210600,0.0,0
2020-04-27,58.830887301717546,59.611066178779375,58.19586120237206,59.2391242980957,1375600,0.0,0
2020-04-28,60.84484343759055,61.22585913685742,58.38637510955987,58.84904098510742,1962100,0.0,0
2020-04-29,59.59292214244262,60.85390741153662,58.55873288464272,59.710853576660156,2047000,0.0,0
2020-04-30,59.0486110531625,59.16654941838159,57.660623917490355,59.02139663696289,1843100,0.0,0
2020-05-01,57.46103647245171,58.14142103282528,56.29984202400386,56.52663803100586,2073100,0.0,0
2020-05-04,55.84624957834719,56.74435982117918,54.567120247168,56.69900131225586,2262600,0.0,0
2020-05-05,57.343101880768295,57.660618368616866,56.281698223532295,56.61735534667969,2763300,0.0,0
2020-05-06,56.85321664929327,57.52453429690669,55.17492772120794,55.35636520385742,2807300,0.0,0
2020-05-07,56.136556106721066,58.15050256418545,55.483382412066184,57.197959899902344,5138300,0.0,0
2020-05-08,58.259361267089844,59.03046633154026,57.33403311336983,58.259361267089844,2169300,0.0,0
2020-05-11,58.65852376141095,58.65852376141095,56.490350983621354,57.615257263183594,2387200,0.0,0
2020-05-12,57.923700631856676,58.096067817422046,54.07724216968082,54.53083419799805,3823600,0.0,0
2020-05-13,54.086310767282214,54.60340538626637,53.033977433482406,53.17912673950195,3524500,0.0,0
2020-05-14,52.18122100830078,52.49873400526419,50.62086351320722,52.18122100830078,3291300,0.0,0
2020-05-15,51.78206839900737,52.00886441660506,50.33964558866078,51.82742691040039,5298400,0.0,0
2020-05-18,53.74158452490189,55.58316703489506,53.72344042866642,54.84834671020508,2779600,0.0,0
2020-05-19,54.39474959361194,54.730410151593674,52.34451535980895,52.3626594543457,3056400,0.0,0
2020-05-20,53.0702682380138,53.95023789568758,52.317303796781076,53.460357666015625,3141400,0.0,0
2020-05-21,53.26077552717552,54.06816878983229,52.51688487210079,52.55317306518555,2463200,0.0,0
2020-05-22,52.63481793784142,52.852540167509034,51.518981994055686,52.072364807128906,2835300,0.0,0
2020-05-26,53.950236876831646,55.52873519512103,53.460356656411136,54.67598342895508,3796700,0.0,0
2020-05-27,56.51756854196309,56.59921524910538,53.87766295853926,54.548980712890625,4037600,0.0,0
2020-05-28,55.56502203932453,55.592236452921,54.040952586538175,55.22029113769531,4583200,0.0,0
2020-05-29,54.79391092037218,55.32914957910061,54.08630509962295,54.93906021118164,5723700,0.0,0
2020-06-01,54.920926564575176,55.89161328038073,54.249608803985026,55.42894744873047,3035300,0.0,0
2020-06-02,55.96418267394227,56.09119134759051,54.71227117938787,54.84834671020508,3076700,0.0,0
2020-06-03,55.510588710123514,56.52663730000837,55.301936801655835,55.909751892089844,6278700,0.0,0
2020-06-04,55.51966970063131,56.444997932715665,54.4764065621334,55.936973571777344,3720700,0.0,0
2020-06-05,58.35915538604635,60.527324852594035,58.35915538604635,60.23702621459961,4172300,0.0,0
2020-06-08,61.280285606743824,62.151181467897544,60.22794878205909,61.842735290527344,3252400,0.0,0
2020-06-09,59.58385066277734,60.21887675039408,58.96696521140739,59.32076644897461,2145300,0.0,0
2020-06-10,59.03046438832207,59.56570656356624,57.73319095223993,58.62223434448242,2025300,0.0,0
2020-06-11,55.90068537586043,56.95301883302115,55.43802299013467,55.936973571777344,2959500,0.0,0
2020-06-12,57.88741869996709,57.978135725765945,55.22029522963529,57.66969299316406,4423900,0.0,0
2020-06-15,55.574095925310836,58.250289687492355,55.410805972614966,57.46104049682617,2981500,0.0,0
2020-06-16,59.60199237882642,60.26423981470911,58.12328479300628,58.68574142456055,2406800,0.0,0
2020-06-17,58.99417432644777,59.384263722728704,56.662711726703016,56.71714401245117,1665400,0.0,0
2020-06-18,56.05490727777838,56.80786829344918,55.59224144132775,56.190982818603516,3533600,0.0,0
2020-06-19,57.036541944649635,57.274730559307514,54.56306791091232,54.581390380859375,6981700,0.603,0
2020-06-22,54.553904723601164,54.88370219210113,53.94927719623583,54.31571960449219,2840500,0.0,0
2020-06-23,54.92034913910128,54.92034913910128,53.46374592975931,53.83934783935547,2805900,0.0,0
2020-06-24,53.10645778878968,53.45457418819542,51.897202888009,52.65756607055664,4946900,0.0,0
2020-06-25,52.327775485468614,53.5736754842316,52.09874985318583,53.500389099121094,3591200,0.0,0
2020-06-26,53.308006705004736,53.69277159740082,52.01630223527134,52.21784591674805,3305400,0.0,0
2020-06-29,52.364419958741124,52.859116158780715,51.585734213779894,52.83163070678711,2309600,0.0,0
2020-06-30,52.950733400065786,54.031734825603806,52.53848650140225,53.88515853881836,3317000,0.0,0
2020-07-01,53.99507636784488,55.82728124147638,53.63779697663129,55.72651290893555,1901600,0.0,0
2020-07-02,56.505204736705124,56.9724154927205,55.14937340190411,55.50665283203125,1509500,0.0,0
2020-07-06,56.63344976040876,56.8258304245777,54.3798387081784,54.59054183959961,3345900,0.0,0
2020-07-07,53.64697103784381,54.123344822733046,52.694223468065346,52.75835037231445,1762800,0.0,0
2020-07-08,52.83162427025951,52.97820401062406,52.346091111588684,52.65756607055664,3393400,0.0,0
2020-07-09,52.5018426261305,52.77667271432959,51.59489949095388,51.952178955078125,2638000,0.0,0
2020-07-10,51.85140369909867,52.67589740415573,51.75063535261742,51.943016052246094,3866600,0.0,0
2020-07-13,52.318617277138884,52.63009228444593,51.73231220330301,52.236167907714844,1679900,0.0,0
2020-07-14,52.126236580034096,53.179752417503586,51.851403018851364,52.236167907714844,1745800,0.0,0
2020-07-15,53.14310466148643,53.51870654793102,52.51099519249053,52.877437591552734,2094600,0.0,0
2020-07-16,52.48352235355582,52.85912430525305,52.12624287446021,52.419395446777344,1733900,0.0,0
2020-07-17,52.474350162576776,52.67589383117655,51.93384954695769,52.199520111083984,2035900,0.0,0
2020-07-20,51.759788325435665,52.0346183609763,50.42227958972531,50.5413703918457,3426100,0.0,0
2020-07-21,50.642146431154,51.164324590496,49.89094264070924,49.99171447753906,2954900,0.0,0
2020-07-22,49.634436395070935,51.20097091548103,49.277156960028684,51.026912689208984,2916900,0.0,0
2020-07-23,50.788723791245026,51.2284525930928,49.53366428422198,50.22990417480469,2014500,0.0,0
2020-07-24,50.147452069609756,50.35815522391502,49.313798939682975,49.781009674072266,3184900,0.0,0
2020-07-27,49.54282795528232,49.54282795528232,48.29692791873617,48.855751037597656,2045700,0.0,0
2020-07-28,48.63588461740887,50.440607762839136,48.6267251295381,50.07416534423828,2456400,0.0,0
2020-07-29,49.70772010291848,50.229901742900786,48.251116988408775,49.09393310546875,3319300,0.0,0
2020-07-30,48.370217171543274,49.487863475476125,48.269445325168455,49.423736572265625,2100900,0.0,0
2020-07-31,49.29547581373208,49.46037454006182,48.168670180247965,49.130577087402344,2452200,0.0,0
2020-08-03,48.20531859149817,48.553438563475304,47.77475273909254,47.93965148925781,2292600,0.0,0
2020-08-04,47.95796393420344,49.19470439199445,47.35333643083462,48.97483825683594,4036200,0.0,0
2020-08-05,49.72604575212079,49.762690693174065,48.718334335733076,48.846588134765625,2921000,0.0,0
2020-08-06,48.690851699865526,49.50618240636124,48.690851699865526,49.139739990234375,2047600,0.0,0
2020-08-07,48.84658917017331,50.8436930694089,48.84658917017331,50.55970001220703,3007100,0.0,0
2020-08-10,50.64214515054278,51.274258112980306,50.24822079543507,50.71543502807617,2269200,0.0,0
2020-08-11,51.28341806359184,51.5582481175172,49.90926429931128,50.156612396240234,2467400,0.0,0
2020-08-12,50.34899506921651,50.64214760424643,49.53366436274867,50.220741271972656,2303300,0.0,0
2020-08-13,49.854298309199386,50.294030601576424,48.855749900277466,49.02064514160156,1841300,0.0,0
2020-08-14,49.09393522624842,50.458929547602565,48.58091654610886,49.82681655883789,2100100,0.0,0
2020-08-17,49.854295578050284,50.75207908903778,49.506179149748796,50.742916107177734,2656200,0.0,0
2020-08-18,50.807047301358025,50.88949667180784,49.881785250446875,50.7245979309082,2148200,0.0,0
2020-08-19,50.65130897692067,50.65130897692067,49.41456848283098,49.60695266723633,2642800,0.0,0
2020-08-20,49.50617900503298,50.85284727827037,49.39624419095568,50.614662170410156,1570600,0.0,0
2020-08-21,50.724596427237664,50.90781763332299,49.26799325557273,50.101646423339844,1969300,0.0,0
2020-08-24,50.0191961292922,51.32006352322568,49.432891076396906,51.21929168701172,2327200,0.0,0
2020-08-25,51.18265287988159,51.833088402105744,51.00859463852819,51.81476593017578,1784300,0.0,0
2020-08-26,51.4941204708829,51.4941204708829,50.04668034415747,50.312347412109375,1703500,0.0,0
2020-08-27,50.422284016158265,52.01630045902037,50.422284016158265,51.87888717651367,1802800,0.0,0
2020-08-28,52.18120009730532,52.272812448549935,51.384191862073514,52.24532699584961,1711600,0.0,0
2020-08-31,51.99797497395406,52.107909787169355,51.31089811729971,51.713985443115234,2143500,0.0,0
2020-09-01,51.924695154844215,52.06211194140186,51.08187895362181,52.01630401611328,2320300,0.0,0
2020-09-02,52.04378124624831,52.91407577474245,51.63153444637274,52.84994888305664,2137200,0.0,0
2020-09-03,53.051496480883955,54.141657215186385,52.25448827168224,52.584285736083984,1990800,0.0,0
2020-09-04,52.84995723190051,53.87599465026625,52.446873349820144,53.23472213745117,2128700,0.0,0
2020-09-08,52.9598953924151,53.08814920411988,52.05295223233172,52.575130462646484,2133700,0.0,0
2020-09-09,52.61177064271687,53.26220262583228,51.759794976800755,52.07126998901367,2433000,0.0,0
2020-09-10,51.80559175921957,51.943008521691425,50.54136942630021,51.12767791748047,6098400,0.0,0
2020-09-11,51.09104321960735,51.28342392989614,49.698566826492744,50.08332824707031,2723900,0.0,0
2020-09-14,50.394798375350696,52.33693824499274,50.38563888774605,52.153717041015625,2311300,0.0,0
2020-09-15,52.06210857807402,52.59344622948629,51.246774388973925,51.60405731201172,2556500,0.0,0
2020-09-16,51.796439043672095,52.56596532587357,51.68650422146196,52.098751068115234,3449900,0.0,0
2020-09-17,51.622378842662656,52.51099946109938,50.74292120700689,51.10020065307617,3366100,0.0,0
2020-09-18,50.77040284897491,51.301744018024074,49.7168869882543,49.771854400634766,4987100,0.0,0
2020-09-21,49.08477179847759,49.405406263668894,47.53655639458754,47.66481018066406,4023200,0.0,0
2020-09-22,47.63733486095081,48.75498114328549,47.63733486095081,48.24196243286133,4262500,0.0,0
2020-09-23,48.0953767357803,48.83742094920755,46.867799361214246,46.95024871826172,3268200,0.0,0
2020-09-24,47.01792833636229,47.5370514523876,46.35974882870576,46.8232536315918,3578800,0.603,0
2020-09-25,46.72128204026556,47.81515357591241,46.45244842605761,47.80588150024414,2776000,0.0,0
2020-09-28,48.57530497480618,49.048078319915334,48.08398747688609,48.70508575439453,2193500,0.0,0
2020-09-29,48.48260070422313,48.630922096727495,46.934496390975156,47.36091995239258,2947700,0.0,0
2020-09-30,47.76879597318052,48.158141782228235,46.990107891345495,47.583396911621094,3102100,0.0,0
2020-10-01,47.75026179593212,49.59501241168608,47.53705001739206,49.539390563964844,3141800,0.0,0
2020-10-02,48.49187276255784,51.39341022337307,48.232307673575015,51.0689582824707,6450200,0.0,0
2020-10-05,51.91253804577445,52.292611843587714,50.59618609987617,51.54173278808594,2751400,0.0,0
2020-10-06,51.73640774657949,52.060859696449455,50.86501644762411,51.161659240722656,2367100,0.0,0
2020-10-07,51.4026851786265,51.541734502689586,50.36443537332535,50.76304626464844,1748400,0.0,0
2020-10-08,51.15238317885424,52.097933268915405,50.985521190239886,52.088661193847656,2096200,0.0,0
2020-10-09,52.20917723176835,52.29260823217333,51.20800876316935,51.59735107421875,1666200,0.0,0
2020-10-12,51.67151134770046,51.72712965477541,50.725961228559434,51.309974670410156,1254300,0.0,0
2020-10-13,50.781587704781124,51.30071438397563,49.44669507633107,49.59501647949219,1864100,0.0,0
2020-10-14,49.56720183372155,49.69698260508639,48.64019228253176,48.95537567138672,1711800,0.0,0
2020-10-15,48.64946080637313,49.32617735417177,48.31573680225088,48.49187088012695,1820800,0.0,0
2020-10-16,48.677274986282725,48.80705930726416,47.852236966622854,48.06544876098633,2609100,0.0,0
2020-10-19,48.31573501022374,48.482597006095965,46.96230196482519,47.00865173339844,1738600,0.0,0
2020-10-20,47.49070024659632,47.639021637594674,46.98084568605578,47.19405746459961,1683500,0.0,0
2020-10-21,46.82325363159179,47.45362044641767,46.61004184661554,46.8232536315918,2626100,0.0,0
2020-10-22,46.91595363502822,47.26821825225703,46.45244886256006,47.04573440551758,3159000,0.0,0
2020-10-23,47.5834019129642,47.68536999303526,46.73981982740459,47.56486129760742,2574000,0.0,0
2020-10-26,47.34238222649421,47.546325479736055,46.174351631248065,46.9993896484375,2212200,0.0,0
2020-10-27,46.8603314915497,47.24040526110834,46.06310272216797,46.06310272216797,2135500,0.0,0
2020-10-28,44.857989907190216,44.857989907190216,42.21601420146247,42.86492156982422,6954800,0.0,0
2020-10-29,42.64243627389659,43.34696192594546,42.114041150794804,42.88345718383789,4435500,0.0,0
2020-10-30,42.86492957485795,43.69923617319226,42.77222648420214,43.5509147644043,2926500,0.0,0
2020-11-02,43.754855069912715,45.757195721329786,43.12448824110909,45.710845947265625,3289300,0.0,0
2020-11-03,46.350479113787635,49.103698704750116,46.350479113787635,48.6958122253418,3740200,0.0,0
2020-11-04,48.32500977425282,48.37135954540474,46.767633416974675,47.05500411987305,2851900,0.0,0
2020-11-05,47.351651420568594,48.68654395333602,47.00865532713161,48.2601203918457,3021600,0.0,0
2020-11-06,48.17668793748239,48.50113986879406,47.40726830571353,47.7595329284668,2433200,0.0,0
2020-11-09,53.39574867288365,62.49898217224233,53.377211593790584,54.953125,10968000,0.0,0
2020-11-10,55.27758215041585,58.197660200633614,55.27758215041585,56.955467224121094,9555200,0.0,0
2020-11-11,56.54758477938996,56.96473980058847,54.69356560629521,55.240501403808594,4562400,0.0,0
2020-11-12,54.8882276116376,55.18487034693148,53.53479468982672,54.248592376708984,2484000,0.0,0
2020-11-13,54.41546740485083,56.01919368214933,54.118824598429214,55.7596321105957,1928000,0.0,0
2020-11-16,57.44678684397864,58.3459837638492,56.288024827834235,58.16985321044922,3103100,0.0,0
2020-11-17,57.326268950044174,58.33670946991257,56.47341835142299,57.93809509277344,3169600,0.0,0
2020-11-18,58.114223961029026,58.41086671649006,55.564947850106584,55.58348846435547,2116900,0.0,0
2020-11-19,55.240502119536,55.81524708048904,54.285683364624525,55.49079513549805,3092600,0.0,0
2020-11-20,55.57422542957643,56.2787511595093,55.40736342107058,56.13970184326172,2894900,0.0,0
2020-11-23,56.54758166031706,56.89984627392778,55.6576533550212,55.92648696899414,2688800,0.0,0
2020-11-24,56.89057134579638,57.76196252860217,56.241663996289674,56.8071403503418,3999000,0.0,0
2020-11-25,56.54757804589689,56.69589942063243,55.70399956403967,56.037723541259766,1706700,0.0,0
2020-11-27,55.9079484742937,55.94502616955834,54.508162042422825,54.87896728515625,1470000,0.0,0
2020-11-30,54.77699732587183,55.00874972553515,53.36794231156755,53.6923942565918,5918900,0.0,0
2020-12-01,54.665755038693376,55.11998774406602,54.174437565852905,54.684295654296875,2048700,0.0,0
2020-12-02,54.68429776706811,56.46415449863957,54.406192058531715,55.95429992675781,2927800,0.0,0
2020-12-03,56.046992235765586,57.81758019870376,55.79669925215521,57.42823791503906,3164200,0.0,0
2020-12-04,57.863938546026205,58.92073247895764,57.76197045870308,58.744598388671875,3159500,0.0,0
2020-12-07,58.22546979830319,58.781674101282576,57.88247372641388,58.13276672363281,2013700,0.0,0
2020-12-08,57.78977465059017,58.262547958280955,57.39116026696858,57.836124420166016,2034700,0.0,0
2020-12-09,57.993725385707336,58.22547779984038,56.27875539936608,56.797882080078125,2260600,0.0,0
2020-12-10,56.36218143480972,57.085251307737,55.39809062841395,55.4259033203125,2850600,0.0,0
2020-12-11,54.980935519230734,55.61130227131723,54.23932507941558,54.637939453125,2352400,0.0,0
2020-12-14,55.03656429670876,55.52788183699114,53.67386245727539,53.67386245727539,2201500,0.0,0
2020-12-15,53.96122647870324,54.99947974816951,53.20107891057383,54.99020767211914,3224600,0.0,0
2020-12-16,54.87896678926344,55.80597635145958,53.99830699792494,54.73991394042969,4229000,0.0,0
2020-12-17,55.15706920208864,55.80597660583597,54.35984040916428,55.28684997558594,3216400,0.0,0
2020-12-18,55.03655843157987,55.49079468715822,52.978599544065396,53.44210433959961,5468700,0.0,0
2020-12-21,52.51509520423533,53.72947551586586,51.98670001564201,53.636775970458984,3801700,0.0,0
2020-12-22,53.65531131660799,53.76655146742209,53.0898349508903,53.627498626708984,2737400,0.0,0
2020-12-23,53.766561113562744,54.47108691013033,52.858092057029765,52.904441833496094,1332400,0.0,0
2020-12-24,53.28450591286364,54.016844270376204,52.885891542888984,53.95195388793945,638100,0.0,0
2020-12-28,54.11881383989238,55.110713689729145,53.87778939742597,55.08290100097656,1648200,0.0,0
2020-12-29,55.1756078645535,55.45371001738301,54.03538656256996,54.100276947021484,2182000,0.0,0
2020-12-30,54.12809130913878,54.84188914304148,54.091010075524366,54.65648651123047,1357300,0.0,0
2020-12-31,54.921538182536565,55.56778640603888,54.15353605058384,55.52095413208008,1423100,0.603,0
2021-01-04,55.61461547314665,56.27022801207419,53.59158484372513,53.85382843017578,4564500,0.0,0
2021-01-05,53.797630466783865,54.05987761931832,53.18885021771636,53.4323616027832,2481700,0.0,0
2021-01-06,53.947484072947475,55.30553780795899,53.6665083005177,54.89344024658203,2667600,0.0,0
2021-01-07,54.59373875338548,54.63120314689888,53.87256525585789,54.22846984863281,2243700,0.0,0
2021-01-08,54.3127599707998,54.68739316699688,53.93812320180171,54.565635681152344,2095600,0.0,0
2021-01-11,54.46261468472375,54.668661694879084,53.46046542311024,54.368953704833984,2628800,0.0,0
2021-01-12,54.36895177672383,55.05266082806761,53.788268013204636,54.83724594116211,2550500,0.0,0
2021-01-13,54.987101647164366,55.98925090451796,54.66866146249493,55.79256820678711,1679700,0.0,0
2021-01-14,56.129739980582606,57.019499625728834,55.79256760365974,56.560569763183594,3212700,0.0,0
2021-01-15,56.62613288461195,57.76877185730532,56.27023187082315,57.684478759765625,3297400,0.0,0
2021-01-19,58.03101394495698,58.03101394495698,56.438813017935026,56.48564529418945,2090800,0.0,0
2021-01-20,56.4856385819113,58.471204669354854,56.08290534902785,57.759395599365234,2321300,0.0,0
2021-01-21,57.23491704545592,58.0684801403384,56.766622850775775,57.89052963256836,2282400,0.0,0
2021-01-22,57.60018311290072,58.26515997917091,57.30047512886906,57.65637969970703,1721700,0.0,0
2021-01-25,57.337933745566836,58.22768972385291,56.747882148328195,57.759395599365234,1626200,0.0,0
2021-01-26,57.890525239101954,59.09872145435462,57.75939987338999,58.65852737426758,2258400,0.0,0
2021-01-27,58.17150060850891,58.84584533619642,56.701057245035415,56.9445686340332,2372300,0.0,0
2021-01-28,57.000768543117466,59.370335966495745,56.78535364761045,58.4056510925293,2493700,0.0,0
2021-01-29,57.90925823823775,59.07999365234282,57.21618130105513,57.73130416870117,3771700,0.0,0
2021-02-01,57.9373515701944,58.227691650390625,56.54183346101635,58.227691650390625,2432400,0.0,0
2021-02-02,58.32135407169487,58.733451638913614,57.68447373966538,57.956085205078125,1897100,0.0,0
2021-02-03,57.6657438075032,59.20174811344245,57.216181833043,59.079994201660156,2651400,0.0,0
2021-02-04,58.8833038986221,60.615994352516665,58.28388797376371,60.05404281616211,4483700,0.0,0
2021-02-05,60.400580683089444,60.99999665536544,59.77306820361333,60.84077835083008,3066400,0.0,0
2021-02-08,60.84077380314793,62.15199882409195,60.25072575924381,61.88975524902344,3881000,0.0,0
2021-02-09,63.229079859928554,63.229079859928554,61.552585899687905,61.758636474609375,1925700,0.0,0
2021-02-10,61.8148216496211,62.81697074508637,61.46828144068416,62.573455810546875,2179800,0.0,0
2021-02-11,63.116686068883865,63.51941933074932,60.98126585084445,63.463226318359375,3302600,0.0,0
2021-02-12,62.948105898419534,63.481961003919025,62.44234730179858,63.20098876953125,1974100,0.0,0
2021-02-16,63.200988994025415,63.21971761814347,62.320593602824395,62.92000961303711,1983200,0.0,0
2021-02-17,62.807615112625875,62.807615112625875,62.05834868839505,62.62030029296875,1479800,0.0,0
2021-02-18,62.32995045879067,62.63901914846705,61.95531373229672,62.27375030517578,1202000,0.0,0
2021-02-19,62.38615523383817,63.1166930582119,62.13327235887645,62.72332763671875,2193200,0.0,0
2021-02-22,62.57346574278644,63.31337140108506,62.152003841062886,62.6390266418457,2122200,0.0,0
2021-02-23,63.14478776575441,64.5590382405049,62.63902917586478,64.17503356933594,2543300,0.0,0
2021-02-24,64.32488773217491,65.37386924955251,63.91278657434765,64.95240020751953,2713700,0.0,0
2021-02-25,64.85873828879996,65.0928853584346,62.11453434685771,62.498538970947266,2885300,0.0,0
2021-02-26,62.49853368613512,62.66711984784066,61.22477316338235,61.262237548828125,3725400,0.0,0
2021-03-01,62.35804703320492,63.45385356431596,62.12389997208198,62.51726531982422,2725900,0.0,0
2021-03-02,62.13326733026292,63.13542371843038,61.74926982481735,62.75141906738281,2957800,0.0,0
2021-03-03,62.826348153991056,64.69015696738025,62.7701479940523,64.22186279296875,4312100,0.0,0
2021-03-04,64.24994959719784,64.67141857787975,62.704577625899454,63.42575454711914,2336100,0.0,0
2021-03-05,63.74419575945822,64.69015191871196,62.760782357304656,64.49346923828125,1889000,0.0,0
2021-03-08,64.86811197935617,67.10655759380134,64.27805673787006,66.43221282958984,3717600,0.0,0
2021-03-09,66.41349080309632,67.17212516538648,66.05758261685426,66.33856201171875,2493300,0.0,0
2021-03-10,66.64762074919136,67.36879053002663,64.88683033339446,66.89112854003906,1830900,0.0,0
2021-03-11,66.3947394941047,67.94947939612119,66.3947394941047,67.06908416748047,2377500,0.0,0
2021-03-12,67.46246501996593,68.82988330171841,67.46246501996593,68.7830581665039,2740800,0.0,0
2021-03-15,68.90480128384311,70.72178488136612,68.32411396257244,70.3003158569336,3464500,0.0,0
2021-03-16,71.30246736396298,71.30246736396298,68.68002431358784,69.10148620605469,4730300,0.0,0
2021-03-17,69.11086275189815,69.6166213736067,68.45524654793397,69.19515228271484,2773900,0.0,0
2021-03-18,68.9235381848768,69.27007847162261,68.48334763114353,68.83924865722656,2998100,0.0,0
2021-03-19,68.62381634679012,68.64255211289365,66.85366516686574,66.90049743652344,4741400,0.0,0
2021-03-22,66.63826813403126,67.6778818615818,66.27299921847055,67.46246337890625,1873400,0.0,0
2021-03-23,67.67787774607156,67.80899954647352,66.8536754057139,67.25640869140625,2899500,0.0,0
2021-03-24,66.02011829045586,67.96822399470041,65.65484936411036,66.99417114257812,3121500,0.0,0
2021-03-25,66.74127785432198,67.73405907046286,66.16059059162774,67.5373764038086,2669100,0.0,0
2021-03-26,67.9463458366825,68.73026397894799,67.53076956425849,68.645263671875,3082000,0.603,0
2021-03-29,68.2580244324622,68.71138104498641,67.62522031581828,68.26747131347656,2530900,0.0,0
2021-03-30,68.2863649235559,68.94750247591288,68.1352436510978,68.78694152832031,1344700,0.0,0
2021-03-31,68.15414065818865,68.62638384831737,67.44577587299558,67.65355682373047,2316700,0.0,0
2021-04-01,68.01245234108714,68.58858949160523,67.46464862324079,68.48469543457031,1753800,0.0,0
2021-04-05,68.77748789096286,68.90026850837954,67.3135313327372,68.14468383789062,2412300,0.0,0
2021-04-06,67.91801692107106,68.12579786525278,67.26631903337226,67.6252212524414,3748400,0.0,0
2021-04-07,67.90857334162736,68.53193061619803,67.41743638022322,68.32414245605469,1717700,0.0,0
2021-04-08,68.10691308945152,68.41859532266142,67.60633646355276,67.7763442993164,1482500,0.0,0
2021-04-09,67.7952206390562,68.08800906535656,67.33242440261348,67.71022033691406,1621000,0.0,0
2021-04-12,67.83299973472401,68.03134097535134,66.9640741455401,67.79521942138672,1713000,0.0,0
2021-04-13,67.37965429716415,68.20136003463902,67.0679792709612,68.13524627685547,1344200,0.0,0
2021-04-14,68.11636579561254,68.48471493695554,67.37966030706671,67.42688751220703,1089000,0.0,0
2021-04-15,67.72910847350437,68.33357910016571,67.61576752880852,68.22024536132812,1974100,0.0,0
2021-04-16,68.5602518895122,68.7774868927129,67.89911441169802,68.58859252929688,2071200,0.0,0
2021-04-19,68.88139051270551,69.03250458323613,68.29580637548406,68.97583770751953,1429400,0.0,0
2021-04-20,68.8247224596984,70.21311133201934,68.78694214124725,69.97698974609375,2100500,0.0,0
2021-04-21,70.10922105729367,70.97814672187626,69.55197039453707,70.71369171142578,1626800,0.0,0
2021-04-22,70.72313991602316,70.93092807954066,69.78810038605388,69.87310791015625,1688200,0.0,0
2021-04-23,69.94865949140085,70.75147868476344,69.4669766224144,70.4397964477539,2009000,0.0,0
2021-04-26,70.83647651040975,71.24260593063713,70.49646084669106,70.572021484375,1609200,0.0,0
2021-04-27,70.60034751801058,70.60034751801058,69.79753564292392,70.25088500976562,2088500,0.0,0
2021-04-28,70.10922381074867,70.2697847582768,69.32529842336946,69.54252624511719,1747400,0.0,0
2021-04-29,69.95810377404987,70.45868038745523,68.95695054723917,69.45752716064453,3295500,0.0,0
2021-04-30,69.3536304769136,70.23200303908872,69.05139514400703,70.10922241210938,1872900,0.0,0
2021-05-03,70.58147074591186,70.62869074166254,69.1269608478083,69.32530212402344,1641400,0.0,0
2021-05-04,69.37250958490779,69.83531301831209,67.88022684218684,68.31468963623047,2865100,0.0,0
2021-05-05,68.00301866491641,68.05024586577737,67.03964573774145,67.93690490722656,1971900,0.0,0
2021-05-06,68.27692715197944,69.67476307941986,68.18247994702153,69.49531555175781,1499600,0.0,0
2021-05-07,69.22140497511776,70.2697853928003,69.2119580940429,69.93921661376953,1593000,0.0,0
2021-05-10,70.39256544395677,71.09148331470621,70.0525497866497,70.45867919921875,1089600,0.0,0
2021-05-11,70.05254026157087,70.60979087088847,69.37250903942095,70.0714340209961,1464100,0.0,0
2021-05-12,70.3736722819652,70.3736722819652,67.64410760459009,67.98412322998047,2618700,0.0,0
2021-05-13,68.0030124843229,70.25088724733452,67.91801217752958,69.72197723388672,1951000,0.0,0
2021-05-14,69.84475841607714,70.23200125463708,69.44807590281468,69.95809936523438,1652100,0.0,0
2021-05-17,69.93922336390025,70.21311808877553,69.48586670471774,69.86366271972656,1709300,0.0,0
2021-05-18,69.4386367753514,70.71369917669564,69.15529517960996,70.35478973388672,2147900,0.0,0
2021-05-19,69.94866413408954,70.00533822103606,68.62638886966647,69.41975402832031,1792500,0.0,0
2021-05-20,69.37251759759579,70.5436858272726,69.20250977108522,70.38311767578125,1304700,0.0,0
2021-05-21,70.45866801276726,70.99702485038745,70.29810709060247,70.83646392822266,2522700,0.0,0
2021-05-24,71.33705591579466,72.4798835835047,71.18594184037364,71.95097351074219,2591900,0.0,0
2021-05-25,71.9793031233784,72.23431847051849,71.6298405833882,71.93208312988281,2043500,0.0,0
2021-05-26,71.78095817365936,72.5932169610405,71.69595786621318,72.14930725097656,1902000,0.0,0
2021-05-27,72.42322371080317,72.6876787727628,72.23432929679201,72.43267059326172,8639200,0.0,0
2021-05-28,72.8104436532773,73.45269461003183,72.4420945816241,73.15045928955078,2286500,0.0,0
2021-06-01,73.88717272014523,74.85054565771698,73.50937672675778,74.82221221923828,2165200,0.0,0
2021-06-02,75.20000434314788,75.63446719113709,74.73720085227906,75.55890655517578,2736600,0.0,0
2021-06-03,75.31333529591272,75.50223687880474,74.83165247271992,75.09610748291016,2279100,0.0,0
2021-06-04,75.22832651722612,75.37000088697782,74.4066209373525,74.50106811523438,2774400,0.0,0
2021-06-07,74.78443411869455,75.34167764093749,74.51053219550653,75.04888916015625,2459400,0.0,0
2021-06-08,75.3133366541305,76.002814833868,75.13388915447013,75.24722290039062,1471500,0.0,0
2021-06-09,75.61557652384805,75.61557652384805,74.78443111183498,74.94499206542969,1510000,0.0,0
2021-06-10,75.10554282872103,77.49509907503004,74.81275439943741,76.31449127197266,3180300,0.0,0
2021-06-11,76.31450014917796,76.41839422440104,75.73836289779874,76.26727294921875,1974000,0.0,0
2021-06-14,75.75724364724394,76.4467218021593,75.58723582862498,76.41838836669922,1285100,0.0,0
2021-06-15,76.15393706408874,76.36172522837195,75.23779129425922,75.2850112915039,1640600,0.0,0
2021-06-16,75.30389246217986,75.67224152604389,74.7277552687806,74.79386901855469,3237000,0.0,0
2021-06-17,74.77498066619293,74.78442754708912,74.00050216745758,74.60497283935547,2450900,0.0,0
2021-06-18,74.26495906678142,75.11499822249984,73.2354724046428,73.32047271728516,4093000,0.0,0
2021-06-21,73.77382181002716,75.34166524321012,73.556586801225,74.95442962646484,1898200,0.0,0
2021-06-22,75.0299909341585,75.14332467381142,74.40662654263419,74.67108154296875,2144700,0.0,0
2021-06-23,74.73720673865546,75.03000242460168,74.4633048161171,74.65220642089844,1571400,0.0,0
2021-06-24,74.59553035688037,74.82220504884639,73.69826405783996,74.14217376708984,1921200,0.0,0
2021-06-25,74.14504264202807,74.81129813060421,73.88805319526286,74.78274536132812,2378700,0.603,0
2021-06-28,74.78273820785873,74.90646928343283,73.32648902095643,73.99274444580078,1358700,0.0,0
2021-06-29,73.89756431220617,74.40201587308168,73.76431323052734,73.82141876220703,1593800,0.0,0
2021-06-30,73.99274218068746,74.50671374767886,73.1075701366977,73.28841400146484,2074900,0.0,0
2021-07-01,73.40263478084157,74.91598950512201,73.18371813397835,74.25924682617188,1867600,0.0,0
2021-07-02,74.43056866879293,75.07779132076675,74.24973206452154,74.66851806640625,1661800,0.0,0
2021-07-06,74.6304473682067,75.24910994970935,73.8785264525903,75.1063461303711,2081300,0.0,0
2021-07-07,74.8112903776232,75.95345186178169,74.5543082191302,75.73453521728516,2264800,0.0,0
2021-07-08,75.38236157343063,76.50548295081717,74.7732117343368,76.4864501953125,1388200,0.0,0
2021-07-09,77.0480169448421,77.81897798007766,76.60067814864345,77.7713851928711,1431400,0.0,0
2021-07-12,77.60957841903671,78.51378324887021,77.36210900581216,78.4376449584961,1266500,0.0,0
2021-07-13,78.27583474558706,78.27583474558706,76.82910554888157,77.33355712890625,1054700,0.0,0
2021-07-14,77.42873668124895,78.91354593985702,77.42873668124895,78.7707748413086,1556100,0.0,0
2021-07-15,78.76125684051027,79.36088675574011,78.52330742407369,79.20860290527344,1165900,0.0,0
2021-07-16,79.42750251931001,79.97954684024478,79.37991699886743,79.72256469726562,1985100,0.0,0
2021-07-19,78.86594949750622,79.28474276406564,77.67620250081639,78.4281234741211,1890600,0.0,0
2021-07-20,78.76125546958305,81.1502696022821,78.47571327017336,80.78858184814453,2260800,0.0,0
2021-07-21,80.93134494669167,81.35013819465189,80.47448618677056,80.62677001953125,1300400,0.0,0
2021-07-22,80.20798016497854,80.42689680703025,79.4846192208933,79.85581970214844,1587100,0.0,0
2021-07-23,80.23653666796467,80.82664650370965,79.92244173250354,80.7314682006836,1191900,0.0,0
2021-07-26,80.47448644863184,81.09314905213647,79.8177438097643,80.41737365722656,1210200,0.0,0
2021-07-27,80.5030413965822,81.20736957547506,79.86533875810301,80.75050354003906,1425100,0.0,0
2021-07-28,80.74099706054297,81.69279471842047,79.95100326171107,80.1032943725586,2267800,0.0,0
2021-07-29,80.44593147117772,80.92183028013595,80.1223237666731,80.39834594726562,1256400,0.0,0
2021-07-30,80.73147259081304,81.61664465420468,80.06521717176102,80.0747299194336,2843600,0.0,0
2021-08-02,80.6838815713811,81.36917702405246,79.68449842093501,79.8748550415039,1906400,0.0,0
2021-08-03,79.95099710419507,80.31267757214295,79.34184723099901,80.27460479736328,1066500,0.0,0
2021-08-04,80.1889457929702,80.37930240355006,79.7035269958606,79.95099639892578,975800,0.0,0
2021-08-05,80.73147142077366,80.83616973677007,79.69401553162285,80.5411148071289,1218500,0.0,0
2021-08-06,81.17881794044608,81.45484011504394,80.36979143511547,80.59822082519531,875200,0.0,0
2021-08-09,80.19847600286445,80.36027986860195,79.37992940230518,79.59883880615234,816000,0.0,0
2021-08-10,79.53220168944861,79.69401279329,78.10450535125139,78.142578125,1430400,0.0,0
2021-08-11,78.53282741845328,78.5709001964724,77.56198973306573,77.99030303955078,1436600,0.0,0
2021-08-12,78.27582933394739,78.4090804114721,77.74282502384851,78.03787994384766,1057300,0.0,0
2021-08-13,78.18065929428862,78.8183619843706,77.87608433323156,78.67559814453125,735600,0.0,0
2021-08-16,78.41859669163645,79.31328867959454,77.99980346124947,78.64702606201172,707200,0.0,0
2021-08-17,78.19017797843561,78.63752403338708,77.6762063788088,78.5613784790039,758000,0.0,0
2021-08-18,78.29487977392048,78.53282919569493,77.72380261398985,77.7904281616211,1026100,0.0,0
2021-08-19,77.43825772265316,78.85643419407894,77.15271552175196,78.40908813476562,1119100,0.0,0
2021-08-20,78.19968635207141,79.04678554902702,77.66667481234077,78.5328140258789,1418800,0.0,0
2021-08-23,78.61847923253495,79.03727249453242,77.95222382630202,78.37100982666016,959100,0.0,0
2021-08-24,78.50426624195089,78.50426624195089,77.13367542662313,77.82848358154297,942300,0.0,0
2021-08-25,77.82847926932608,78.65654571797938,77.35258051388736,78.00932312011719,1876600,0.0,0
2021-08-26,78.36150559882172,79.27523051027183,78.1997017342362,78.79933166503906,1282500,0.0,0
2021-08-27,79.3418488056804,79.81774760741234,78.59944783684088,79.33232879638672,1013100,0.0,0
2021-08-30,79.36088290383353,80.45545161864318,79.19907905130363,80.29364776611328,1172200,0.0,0
2021-08-31,80.1699073589627,80.34123120100716,79.80821965818068,80.01761627197266,2131600,0.0,0
2021-09-01,79.9510042337969,81.4929190724962,79.70353480648072,81.43580627441406,2072400,0.0,0
2021-09-02,81.6642474087282,81.89267682862716,80.75051520585174,81.8355712890625,2007800,0.0,0
2021-09-03,81.52146826432657,81.70230487567352,80.38882676364594,81.46435546875,1227900,0.0,0
2021-09-07,81.35966082625552,81.35966082625552,78.61847913180512,79.32280731201172,1468700,0.0,0
2021-09-08,78.88497552144638,80.41737010332312,78.6184733787963,79.97002410888672,1452900,0.0,0
2021-09-09,79.50364640378092,79.64641748540173,78.39004503808864,78.49474334716797,1273700,0.0,0
2021-09-10,78.76126054910647,78.76126054910647,77.47633509217417,77.48585510253906,1411000,0.0,0
2021-09-13,77.99029651765736,79.00871964417382,77.80945265259953,77.99980926513672,1338800,0.0,0
2021-09-14,78.28536643764178,78.60897419325545,77.41922698295694,77.83802032470703,1322400,0.0,0
2021-09-15,77.89511536796012,78.59945084990406,77.62861319063634,78.02837371826172,1384500,0.0,0
2021-09-16,78.0283842353392,78.43765756614752,77.40019422271406,77.83802032470703,1602200,0.0,0
2021-09-17,77.57150042885637,78.22824306296013,76.36272073385916,76.39127349853516,4448400,0.0,0
2021-09-20,75.86777802379856,76.905241077178,75.47754482397524,76.73391723632812,2692600,0.0,0
2021-09-21,77.23837951578521,77.95222774188001,76.75296068878164,76.81006622314453,1508400,0.0,0
2021-09-22,77.60958829621985,78.17114547509951,77.34308609189455,77.44778442382812,1649400,0.0,0
2021-09-23,78.16161775043486,79.25617912824833,78.00932665620468,78.45667266845703,1639000,0.0,0
2021-09-24,78.08561597330579,79.20742374554236,78.08561597330579,78.1814956665039,1283400,0.603,0
2021-09-27,78.44995340518801,79.05400199184625,76.76244318647255,76.79120635986328,1810700,0.0,0
2021-09-28,76.27345959699615,77.46238383752761,75.61187730513645,77.05968475341797,1662400,0.0,0
2021-09-29,77.2418571020401,79.11154403722884,77.2418571020401,78.19108581542969,1426400,0.0,0
2021-09-30,78.49789614173697,78.6129488341823,76.81997610216821,77.58702087402344,1999900,0.0,0
2021-10-01,78.25820233217073,78.43078870595504,76.90627451833494,78.19108581542969,1804700,0.0,0
2021-10-04,77.99932681192558,79.91695012538487,77.93221028856061,79.57177734375,1796100,0.0,0
2021-10-05,79.95530159173346,80.25253085749048,78.90061025713061,79.75395202636719,2115600,0.0,0
2021-10-06,79.42794642553915,80.46346466997029,77.67332682348555,80.29087829589844,1496600,0.0,0
2021-10-07,80.5401801259694,81.18258218800422,79.9936577677207,80.18541717529297,1605800,0.0,0
2021-10-08,80.0511707269657,80.6743996699802,79.18823890703416,79.32247924804688,1092600,0.0,0
2021-10-11,79.71559549836522,79.87859171403268,78.36367495201758,79.33206939697266,1225600,0.0,0
2021-10-12,79.35124491900297,80.45387965053708,79.2361849010089,79.80188751220703,1389700,0.0,0
2021-10-13,79.64848093216462,80.75111575752183,79.06360525910954,80.56893920898438,1064700,0.0,0
2021-10-14,81.03874996423815,81.85374564368402,80.98122361139319,81.72909545898438,982600,0.0,0
2021-10-15,82.11262858995991,82.3331584867013,80.62646761600645,81.0962905883789,1540300,0.0,0
2021-10-18,80.62646507569941,81.67157353839404,80.54976570612762,81.31681060791016,2212900,0.0,0
2021-10-19,81.4031006048324,81.4031006048324,80.45387923552023,80.54016876220703,803800,0.0,0
2021-10-20,80.79904707384858,81.76744879926491,80.4442914777691,81.72909545898438,941200,0.0,0
2021-10-21,81.84414931187693,81.84414931187693,81.10586036863114,81.58526611328125,792600,0.0,0
2021-10-22,81.93044349756595,82.54408230043013,81.59486092024201,81.89209747314453,1341700,0.0,0
2021-10-25,82.04550499996188,82.19891836102796,81.11545661516585,81.74827575683594,1037800,0.0,0
2021-10-26,81.70992232802718,82.90843677823844,81.19216320771771,82.4673843383789,947000,0.0,0
2021-10-27,82.11261737209742,84.16447342430524,82.11261737209742,83.5604248046875,2257500,0.0,0
2021-10-28,83.66590107583933,84.4521262840656,83.37825467386432,84.385009765625,2357500,0.0,0
2021-10-29,84.17407914586808,84.41378206837648,82.4673955080327,82.8413314819336,1978200,0.0,0
2021-11-01,82.65913722461863,82.83172358448415,80.68398790683086,81.63320922851562,1272200,0.0,0
2021-11-02,81.92086299296389,82.14138555787855,80.2141795664691,80.94287109375,1571200,0.0,0
2021-11-03,81.06751940945625,81.52774485657905,80.59769648344759,81.13463592529297,1292700,0.0,0
2021-11-04,81.25927449974907,81.39350752433008,79.71558740191638,80.09911346435547,1145600,0.0,0
2021-11-05,81.02917519837419,81.91128016736334,80.65523923727764,80.98123168945312,1543100,0.0,0
2021-11-08,81.09627353855298,81.2592697280941,79.94569541879923,81.24967956542969,977700,0.0,0
2021-11-09,81.42227956682986,82.17974161097816,80.9716369430193,82.13180541992188,967400,0.0,0
2021-11-10,82.01674691285778,82.43862636681632,81.77704400768172,81.96880340576172,791700,0.0,0
2021-11-11,82.13180175535008,82.48655735091555,81.58527214350813,82.4673843383789,621500,0.0,0
2021-11-12,82.7070828252049,83.3782479555306,82.23725991882564,82.87966918945312,927500,0.0,0
2021-11-15,82.90843905969682,84.39459262976345,82.78378887174767,84.37541961669922,768500,0.0,0
2021-11-16,84.37541794894,84.46170747875132,82.95637361022288,83.11937713623047,1227900,0.0,0
2021-11-17,82.82214306356495,83.69466512756175,80.30047119848803,83.57960510253906,1512300,0.0,0
2021-11-18,83.656310911733,84.44253611995926,83.27278481415027,84.385009765625,1275900,0.0,0
2021-11-19,84.26036470007448,84.26036470007448,81.9496324403009,82.49615478515625,1511300,0.0,0
2021-11-22,82.45780234049265,82.83173830077804,81.69075009033408,81.70993041992188,1581800,0.0,0
2021-11-23,81.95921637158041,83.55083977680113,81.68116013795563,83.09061431884766,881800,0.0,0
2021-11-24,83.03308375136453,84.45212814921508,82.94679421795742,84.20283508300781,1067900,0.0,0
2021-11-26,82.88925110707555,83.20566065717031,80.55933887345712,80.79904174804688,1231100,0.0,0
2021-11-29,81.6044427695868,83.2056561290711,81.17298054486615,82.6687240600586,1837300,0.0,0
2021-11-30,82.06466965264676,83.18648462449686,81.53732773679334,81.79620361328125,3748200,0.0,0
2021-12-01,82.83173429804684,82.93720416022578,79.19783742291928,79.25537109375,2299000,0.0,0
2021-12-02,79.66765402287211,82.30438597881025,79.28413522685736,81.98798370361328,2023400,0.0,0
2021-12-03,82.0071462129869,82.29479258830521,80.64563564213606,81.5373306274414,1395500,0.0,0
2021-12-06,82.30437933838746,83.47413059125095,81.63321418435999,82.6112060546875,1081600,0.0,0
2021-12-07,82.8700896216117,83.40702179452259,80.25253064836662,82.60162353515625,2564600,0.0,0
2021-12-08,82.78378537216153,84.21241984264162,82.31396976285379,83.9822998046875,1475900,0.0,0
2021-12-09,83.9343582045691,83.9343582045691,82.87966703498078,83.06183624267578,1573400,0.0,0
2021-12-10,83.53166457134887,83.82889380993961,82.70708605607948,83.2823715209961,1344600,0.0,0
2021-12-13,83.19607850145329,84.72059273445514,82.82214256631454,84.3466567993164,1853800,0.0,0
2021-12-14,84.53841782391778,84.71100420617249,82.61121175641755,83.47413635253906,2905400,0.0,0
2021-12-15,83.85766313556118,85.86158321874468,83.56043387517333,85.55476379394531,2099100,0.0,0
2021-12-16,86.29304130460659,86.29304130460659,83.82889586218113,84.50006103515625,1673700,0.0,0
2021-12-17,84.52882900321636,84.97946428295836,83.69466032872289,84.03983306884766,2847200,0.0,0
2021-12-20,83.09061358571505,83.90560195147856,82.37150491324986,83.15773010253906,1338200,0.0,0
2021-12-21,83.617957927095,85.05617531280043,83.617957927095,84.35624694824219,1195300,0.0,0
2021-12-22,84.49048249090369,85.21917405435799,84.2028360791729,84.806884765625,1307400,0.0,0
2021-12-23,84.96029341622018,85.4396991990382,83.9631285101405,84.54800415039062,1276000,0.0,0
2021-12-27,84.73976628414519,85.72734837348845,84.27954081420748,85.69857788085938,986100,0.0,0
2021-12-28,85.58352001376893,86.42727153457903,85.43010665626626,86.19715881347656,752500,0.0,0
2021-12-29,86.39851696334367,86.94503930236043,85.54517519391666,86.82039642333984,668800,0.0,0
2021-12-30,86.72450180161067,87.38608411218935,86.51356940526463,86.81079864501953,793800,0.0,0
2021-12-31,86.96812766305112,88.029890252914,86.92951717706737,87.3542251586914,1113400,0.603,0
2022-01-03,87.6244940852366,88.02024605646952,86.08976587882007,87.89476013183594,1430500,0.0,0
2022-01-04,88.33876750839819,89.79628206852087,88.20363448843422,89.04339599609375,1551500,0.0,0
2022-01-05,89.04340890223672,89.2847189534623,87.11292849243213,87.31562805175781,1949500,0.0,0
2022-01-06,87.87545825883544,88.2712028644682,87.112917707663,87.56658172607422,1509700,0.0,0
2022-01-07,87.10327112608591,87.64381063047504,86.32142894270987,86.53378295898438,1426700,0.0,0
2022-01-10,86.22490393326906,87.46041014078385,85.84846086579809,86.56273651123047,1698900,0.0,0
2022-01-11,86.80404480877644,87.56658539187107,85.6747156289847,87.40249633789062,1969900,0.0,0
2022-01-12,87.22875358811874,88.3773843402854,86.93917860214856,87.81755065917969,1095900,0.0,0
2022-01-13,88.15537906168898,88.92756671407192,88.02024603841703,88.29051208496094,1509300,0.0,0
2022-01-14,87.8561659117331,88.04921838376147,86.67857897125475,87.67277526855469,1379600,0.0,0
2022-01-18,87.50867466082398,87.52797622338434,86.0318510601306,87.11292266845703,1363400,0.0,0
2022-01-19,87.31561664403047,87.97198019217849,86.05115449735307,86.11872100830078,1650700,0.0,0
2022-01-20,85.8677659126007,87.15153712514187,85.25966724759613,85.27896881103516,1902300,0.0,0
2022-01-21,85.70366719168656,85.98358769729941,84.79633916412749,84.99903869628906,1070900,0.0,0
2022-01-24,84.97008791222916,85.53958342130527,82.5762965011982,85.2693099975586,2786400,0.0,0
2022-01-25,84.20754486659267,85.41409500025509,82.7403831443061,84.5743408203125,3154000,0.0,0
2022-01-26,84.8156515643393,86.27315883590752,83.88902193755366,84.35233306884766,2131100,0.0,0
2022-01-27,84.960444398443,86.01256011065041,83.52223847380597,83.6573715209961,2949800,0.0,0
2022-01-28,83.70561704782423,85.80984061955569,82.19984494914932,85.80018615722656,2692600,0.0,0
2022-01-31,85.25000000207824,86.07045256289088,84.36198093306214,85.645751953125,3499500,0.0,0
2022-02-01,85.16313698769213,86.05115610941144,84.59364150115208,85.03765106201172,1971400,0.0,0
2022-02-02,85.72297508101506,89.32332406883665,85.65540856530677,88.80209350585938,3965700,0.0,0
2022-02-03,88.84070403752014,89.1881910796696,88.1264283905231,88.40634155273438,2247000,0.0,0
2022-02-04,87.90441718229862,88.25190421364012,86.22490144027981,86.98744201660156,1718900,0.0,0
2022-02-07,86.75578716031178,87.53763673569311,86.15734294501553,86.43726348876953,2600200,0.0,0
2022-02-08,86.74612239226273,86.82333599631092,84.11101392342655,84.1592788696289,1830400,0.0,0
2022-02-09,85.43341377737042,87.29632769311915,85.40445774909533,87.18049621582031,2114600,0.0,0
2022-02-10,85.94498438975481,86.87161405598152,83.358140476631,83.94693756103516,1953800,0.0,0
2022-02-11,84.23649684158505,84.61294724025043,82.73072470371248,83.37743377685547,2174400,0.0,0
2022-02-14,83.6477088647177,84.39094048604511,82.3156728412775,82.93342590332031,1588400,0.0,0
2022-02-15,83.57049116496191,84.20754581331515,83.06856217976464,83.31952667236328,1370800,0.0,0
2022-02-16,83.6766679555843,83.89866905816238,82.23845488150167,83.23265838623047,1048100,0.0,0
2022-02-17,82.82725289849077,83.02030534230958,81.70757818113266,81.97784423828125,1453300,0.0,0
2022-02-18,81.8041011431973,82.75968681139025,81.31182661416551,81.42765808105469,3433500,0.0,0
2022-02-22,81.34078892445679,82.47012556233813,80.97400029726528,81.71723937988281,2123800,0.0,0
2022-02-23,82.05506334542841,82.67281642317191,80.75199067719439,80.8195571899414,1096500,0.0,0
2022-02-24,79.81570970096492,82.03575760911411,79.13039008382769,81.68827056884766,2081900,0.0,0
2022-02-25,82.40254923382702,84.32337495326914,82.19984969838616,84.22685241699219,1513200,0.0,0
2022-02-28,83.02995051471196,83.83110156852504,81.5145238458378,82.3349838256836,1969800,0.0,0
2022-03-01,82.49908357090034,83.04927020699576,80.2018071122364,80.72303771972656,1919400,0.0,0
2022-03-02,81.1091262385064,83.0878714334345,80.98364767381155,82.52803039550781,2354100,0.0,0
2022-03-03,83.02994979880249,83.74423277190236,82.23845321483029,83.67666625976562,1346300,0.0,0
2022-03-04,82.89482127010994,85.65540868289148,82.82725475430891,85.5299301147461,2325200,0.0,0
2022-03-07,85.69401844362433,87.20944516872726,84.61295420000309,84.71912384033203,1720600,0.0,0
2022-03-08,84.30406493368183,84.75772894891463,82.85620481572047,83.0878677368164,1364500,0.0,0
2022-03-09,84.35233197355161,85.56853656475208,84.0724114601056,84.72877502441406,1157700,0.0,0
2022-03-10,83.85040514744884,84.64190168777215,83.39674114917871,84.45850372314453,718200,0.0,0
2022-03-11,85.15348373306394,85.63610378835068,83.657358615996,83.78284454345703,931000,0.0,0
2022-03-14,83.97588526549066,84.66120482475824,82.85620326046944,83.37743377685547,1286300,0.0,0
2022-03-15,84.50677502207742,85.00869664167885,83.64771190878041,84.35233306884766,1291800,0.0,0
2022-03-16,84.97008255913197,85.98358758278744,83.34847893980164,85.15348052978516,1613700,0.0,0
2022-03-17,84.7480863507124,86.2538585968098,84.7480863507124,86.21524810791016,1129400,0.0,0
2022-03-18,86.87160449081593,87.27700354436574,85.72296647489426,85.90636444091797,2992800,0.0,0
2022-03-21,85.99323121862696,86.55307220656401,85.4140886702287,85.80018615722656,815400,0.0,0
2022-03-22,86.59168820711926,86.85230715722663,84.69016403800026,85.03765106201172,1434300,0.0,0
2022-03-23,85.02800447779394,85.25001296089393,84.1979046926242,84.40060424804688,1342100,0.0,0
2022-03-24,84.26546340302875,85.11487203716928,84.04345494050017,85.03765106201172,1102700,0.0,0
2022-03-25,85.8202251188837,86.56877451760205,85.10084605075566,86.53960418701172,854400,0.625,0
2022-03-28,86.67571200201952,87.6672881757094,86.28685583744556,87.57007598876953,1195300,0.0,0
2022-03-29,88.42555255529719,90.43787520972182,88.20196526970243,90.29205322265625,2144400,0.0,0
2022-03-30,89.71849700127781,90.07819025060466,88.19224267778917,88.95050811767578,916900,0.0,0
2022-03-31,89.43657395379634,89.73793394917314,87.38536497955435,87.4145278930664,2414000,0.0,0
2022-04-01,87.92975710968754,89.73793187375824,87.43397275782051,89.59211730957031,1141500,0.0,0
2022-04-04,89.61155802542075,89.84486874818012,87.57978853998262,88.51304626464844,870300,0.0,0
2022-04-05,88.41582646774633,89.83515252147328,87.84226939707122,88.27001190185547,1139500,0.0,0
2022-04-06,88.27001808795143,90.11707194227866,87.5700784553659,90.039306640625,1136100,0.0,0
2022-04-07,89.12548805351746,89.60183293362513,87.96864307072767,89.10604858398438,1162900,0.0,0
2022-04-08,89.26158434617126,89.60183068054967,88.52275843665396,89.21297454833984,1177400,0.0,0
2022-04-11,89.29075473017829,89.80598599632606,87.17149641994536,87.34648132324219,992100,0.0,0
2022-04-12,87.22010905479699,88.18252234578199,86.54933233423625,87.74506378173828,1335700,0.0,0
2022-04-13,88.0464177076852,88.63942166839986,87.28815229347673,87.84226989746094,860800,0.0,0
2022-04-14,88.0853013587903,88.67830530129027,87.5506232411874,87.91031646728516,1650100,0.0,0
2022-04-18,88.07557639302827,88.60053105846814,86.59793199227498,87.12288665771484,1121200,0.0,0
2022-04-19,87.7547756791706,88.81440852724452,87.7547756791706,88.42555236816406,1261100,0.0,0
2022-04-20,88.6588617517235,90.55453271717361,88.59081248117796,90.19483947753906,1361000,0.0,0
2022-04-21,90.8072900501426,91.69193056451542,90.3309377409738,90.64202117919922,1410100,0.0,0
2022-04-22,90.49620012860534,90.54480992941026,88.49360093792238,88.61026000976562,1620500,0.0,0
2022-04-25,88.61025740780579,88.90189395362884,86.5590484765498,87.76449584960938,1512000,0.0,0
2022-04-26,87.55062449585978,88.41582552269702,86.46183619250364,86.60765075683594,1398900,0.0,0
2022-04-27,85.10084095826303,85.83966686923944,83.52597695726925,83.69123840332031,2333300,0.0,0
2022-04-28,83.99261300240943,84.09954863356819,82.23304051858815,83.6523666381836,2154600,0.0,0
2022-04-29,83.35099877628635,83.47738129434325,78.986107059783,79.22914123535156,2796400,0.0,0
2022-05-02,79.66659081856051,80.2012689113617,75.87526403983793,77.77092742919922,2658300,0.0,0
2022-05-03,77.61538513856955,78.67501792418952,77.22653641922189,77.9653549194336,1454700,0.0,0
2022-05-04,77.83898429400514,78.2375638960665,75.53501767390945,77.9945297241211,1803000,0.0,0
2022-05-05,77.99452520516236,77.99452520516236,75.02950551249413,75.65167236328125,1909500,0.0,0
2022-05-06,75.13644622875405,75.17533258666607,73.15328647612768,74.33929443359375,1828300,0.0,0
2022-05-09,73.67823933722873,73.83377734816648,70.84931805870713,71.21873474121094,2214200,0.0,0
2022-05-10,71.84089780461949,72.37556849629968,69.85773820695144,70.76182556152344,3045800,0.0,0
2022-05-11,70.99513775653686,73.14355884467244,70.781266508673,71.7728500366211,2020000,0.0,0
2022-05-12,71.75340401733857,72.27835870021615,70.9173659020314,72.05477142333984,1979000,0.0,0
2022-05-13,72.4922280870571,73.04634566860267,71.50065198943328,72.8713607788086,1569500,0.0,0
2022-05-16,72.82275573070616,73.09495279001489,71.91866840268011,72.24919128417969,1069200,0.0,0
2022-05-17,73.13384799123216,73.72684456114284,71.93811657396915,73.70740509033203,2010400,0.0,0
2022-05-18,73.75601245131729,73.86294807927345,71.49093221088454,71.70480346679688,1347900,0.0,0
2022-05-19,71.09235334514321,71.90895202005656,70.37297427251107,71.29650115966797,1910800,0.0,0
2022-05-20,72.24919400439003,72.69637596392147,70.92708759498673,71.95755004882812,2265900,0.0,0
2022-05-23,72.46307128763479,73.85322708026379,71.5589838502353,73.70740509033203,2051200,0.0,0
2022-05-24,73.59074483604469,74.2323586147395,72.20058906568703,74.09626007080078,1931000,0.0,0
2022-05-25,73.64907830651012,74.39762030046326,73.00746452585223,74.1156997680664,2027500,0.0,0
2022-05-26,74.63092536959147,75.03922838849654,74.1351410314009,74.23235321044922,1556100,0.0,0
2022-05-27,74.44622609674167,76.09885542746188,74.28096464703245,75.95303344726562,1164100,0.0,0
2022-05-31,75.0295010782808,75.77804297686575,74.53370934883112,74.68925476074219,3846500,0.0,0
2022-06-01,74.96144978756837,75.42807117705564,73.20188500958635,74.79618835449219,1783100,0.0,0
2022-06-02,74.43650930319193,75.70029002203773,74.01849021158735,75.6711196899414,2177800,0.0,0
2022-06-03,75.04894352591435,75.27253821021016,73.72683713943466,73.95043182373047,1601400,0.0,0
2022-06-06,74.41706312489013,74.42677915123188,71.67563808327368,71.79228973388672,1833400,0.0,0
2022-06-07,71.52008682427555,73.7948902441967,71.27705268291037,73.73655700683594,2265900,0.0,0
2022-06-08,73.33799584574696,73.85322711584818,71.76313170399128,72.08393859863281,1443400,0.0,0
2022-06-09,71.86033960948207,72.11309721596916,70.09105119770061,70.20771026611328,1859800,0.0,0
2022-06-10,69.19668393984202,71.07290788685619,68.76894145964799,70.23686981201172,1910100,0.0,0
2022-06-13,69.29389488848,69.39110706403306,66.98993591893662,67.39823150634766,1829600,0.0,0
2022-06-14,67.46628328600305,67.98151451077392,66.55247248474824,66.86355590820312,1539800,0.0,0
2022-06-15,67.34962643818274,68.1662250871445,66.348326867748,67.22325134277344,2153400,0.0,0
2022-06-16,65.79420644505018,67.24268792568692,65.59978208864219,66.82466888427734,1594300,0.0,0
2022-06-17,68.14677517058138,68.64256692052051,66.9899376431418,68.42869567871094,4488700,0.0,0
2022-06-21,68.77866049527253,70.32435404032562,68.6036756206615,69.27445220947266,2555500,0.0,0
2022-06-22,68.95365451788952,70.3535337004982,68.70089690618201,69.37167358398438,2335600,0.0,0
2022-06-23,69.6049899002307,71.16040721873576,69.38140260087847,70.63545989990234,1980700,0.0,0
2022-06-24,71.10122579033826,71.14044953937892,70.07162295122492,70.42462921142578,3067200,0.625,0
2022-06-27,70.2481314420358,72.58188857930831,69.91474077149648,71.78762817382812,1932300,0.0,0
2022-06-28,72.05238111571902,72.93488928486425,71.02277827682934,71.14044952392578,1343200,0.0,0
2022-06-29,70.87568356276101,71.05218667408222,70.29715015858639,70.99335479736328,1065200,0.0,0
2022-06-30,70.43444178609883,72.11121789495729,69.82648485656868,70.81686401367188,1946900,0.0,0
2022-07-01,70.88549652226688,71.75820433580618,70.45404277852523,71.5130615234375,1165800,0.0,0
2022-07-05,71.0227744150113,71.09141410179403,69.16949539071288,70.8560791015625,2014500,0.0,0
2022-07-06,71.09141652465082,71.73859714879997,70.27754058137177,70.90510559082031,1023700,0.0,0
2022-07-07,70.98355955162506,71.83665932083038,70.1794913424714,70.52268981933594,1270100,0.0,0
2022-07-08,70.42462963664916,70.58152463375917,69.45386615581796,69.9833755493164,1644800,0.0,0
2022-07-11,69.78726092857946,70.18929877156742,69.27736712015871,69.82648468017578,1067500,0.0,0
2022-07-12,69.23813376305019,70.46384777601855,69.23813376305019,69.90492248535156,968000,0.0,0
2022-07-13,69.35580282778395,69.93433623281375,68.51251101479876,69.41463470458984,865900,0.0,0
2022-07-14,68.11047732858998,69.12046450726038,68.11047732858998,68.68901824951172,1126900,0.0,0
2022-07-15,69.69900642478483,70.26773954672751,68.90473862304937,69.93434143066406,1134600,0.0,0
2022-07-18,70.15987652344158,70.38540372339693,69.16949745783788,69.49308776855469,1213000,0.0,0
2022-07-19,69.9735667238552,71.22869675781698,69.6990079640717,71.1600570678711,1018800,0.0,0
2022-07-20,70.48345571764663,71.35616349402368,70.11084135193255,70.767822265625,1507200,0.0,0
2022-07-21,70.75802767015973,71.27772925535146,70.23831860380278,71.2679214477539,1523600,0.0,0
2022-07-22,71.47384299298166,72.26810336906077,71.3953954918178,71.88568115234375,1087400,0.0,0
2022-07-25,71.75820085205072,72.79760393205964,71.50325024483858,72.07198333740234,1393100,0.0,0
2022-07-26,72.1602377599643,72.52305183108625,71.83665491941257,72.11121368408203,1065300,0.0,0
2022-07-27,73.53303928972618,74.74895308150883,72.88586612547502,74.23905181884766,2112800,0.0,0
2022-07-28,74.72933734084444,76.36688960465405,74.72933734084444,76.23941802978516,1761600,0.0,0
2022-07-29,76.43552775217417,77.3376590091883,76.29824837242171,76.86698150634766,1817400,0.0,0
2022-08-01,76.4845599037627,77.1317405400615,74.90583954315335,74.99409484863281,1730800,0.0,0
2022-08-02,74.96466953650106,75.57262640850344,73.86643451761286,74.06254577636719,1897900,0.0,0
2022-08-03,74.26846882044775,75.13137635998262,72.83683560759671,73.06237030029297,2073100,0.0,0
2022-08-04,72.55246563613221,73.50362095798593,71.91509281911182,73.47420501708984,2387600,0.0,0
2022-08-05,73.13101039695755,73.80759951645614,72.52305348903009,73.75857543945312,1402600,0.0,0
2022-08-08,74.16060328919274,74.85680800096651,73.89585233503405,74.27827453613281,1139700,0.0,0
2022-08-09,74.39594292155161,76.02368729520552,74.26846387197851,75.95504760742188,1601300,0.0,0
2022-08-10,76.7591193549226,77.21998905803318,75.96485900429856,77.1023178100586,1149400,0.0,0
2022-08-11,77.49454782214197,78.33783972971338,77.0238777925741,77.1023178100586,1194500,0.0,0
2022-08-12,77.49454728950522,78.4358948233361,77.49454728950522,78.40647888183594,914800,0.0,0
2022-08-15,78.44570218901036,78.73006875718535,77.90638499399486,78.42609405517578,758300,0.0,0
2022-08-16,78.17114216501832,79.08307373747452,78.13191841681788,78.61239624023438,847700,0.0,0
2022-08-17,77.93580436725165,79.30859809930217,77.87696500647466,79.00462341308594,808600,0.0,0
2022-08-18,78.9555991224271,79.3184132027956,77.31804681915354,77.59260559082031,1032700,0.0,0
2022-08-19,77.28862943483601,77.72008320007251,76.5826169030546,76.93562316894531,1031500,0.0,0
2022-08-22,76.32766986341203,76.71009957043186,73.67032241760941,75.23924255371094,966700,0.0,0
2022-08-23,75.12156992024586,75.22943336465208,73.5232413513005,73.86643981933594,891700,0.0,0
2022-08-24,73.79779090313,75.4745667641249,73.79779090313,75.20980834960938,1444700,0.0,0
2022-08-25,75.56281890321284,76.31786296288108,75.3078757620463,76.19038391113281,900700,0.0,0
2022-08-26,76.317864861543,76.4061126861811,74.53322542315328,74.5528335571289,1250800,0.0,0
2022-08-29,74.1508033119846,74.1508033119846,73.24867204352644,73.2682876586914,895300,0.0,0
2022-08-30,73.21925949865266,73.52324169848995,72.12102439575318,72.2877197265625,950800,0.0,0
2022-08-31,72.94469186799581,73.16041873163934,71.73859346659196,71.7582015991211,1831600,0.0,0
2022-09-01,71.23850373600536,72.80741626019405,70.65016247458023,72.75838470458984,1327600,0.0,0
2022-09-02,73.25847343327713,73.78798277886521,72.17003880309572,72.36615753173828,1103900,0.0,0
2022-09-06,72.77800431595473,73.68993593965082,72.4446061781005,73.46440124511719,1205100,0.0,0
2022-09-07,73.43498473806063,74.77837012471159,73.43498473806063,74.76856231689453,972000,0.0,0
2022-09-08,74.41555357597211,75.47457235008427,74.00371543531688,75.28826141357422,785200,0.0,0
2022-09-09,75.38632079231303,76.33747617479595,74.88623480287261,75.71971893310547,1443700,0.0,0
2022-09-12,75.96486038861687,76.40611448452343,75.7099097539419,76.05310821533203,1339200,0.0,0
2022-09-13,75.10194776791043,75.26865056458944,73.2682843349252,73.53303527832031,1049300,0.0,0
2022-09-14,73.14081051099116,73.24867395371572,71.70917729438797,72.76819610595703,1955400,0.0,0
2022-09-15,72.8956630949911,72.8956630949911,71.4640299684978,71.5130615234375,947800,0.0,0
2022-09-16,71.62092787490717,71.76801506454896,70.33638187977695,71.68956756591797,2838700,0.0,0
2022-09-19,70.85608210574446,71.08160930852193,69.48328083072062,70.885498046875,1078200,0.0,0
2022-09-20,70.15006844179774,70.25793187828152,68.12028624431245,68.5027084350586,2127900,0.0,0
2022-09-21,69.06163002849361,69.1891015914834,67.34563042567972,67.35543823242188,1643500,0.0,0
2022-09-22,67.14952654097499,67.9241712917626,66.40429025130943,67.50252532958984,1753200,0.0,0
2022-09-23,67.21060505236076,69.3777339263477,66.95332606847052,67.67569732666016,1989600,0.625,0
2022-09-26,67.39862643350651,67.39862643350651,64.90494231886238,65.58773803710938,2452900,0.0,0
2022-09-27,65.89449194142377,66.62676838965301,64.91483418734956,64.97421264648438,1370100,0.0,0
2022-09-28,65.7757550670085,66.96321864304575,64.98410764984415,66.6762466430664,1823300,0.0,0
2022-09-29,66.17157867057881,66.46844078926236,64.89505117602447,65.52836608886719,1298100,0.0,0
2022-09-30,66.28043024335129,66.97311606857112,65.83512574167345,66.5179214477539,2496000,0.0,0
2022-10-03,67.33925438004269,67.81423678927936,66.48823605130862,67.37882995605469,3118900,0.0,0
2022-10-04,67.47779088204109,68.34859699022289,66.8642637639551,67.76476287841797,1727600,0.0,0
2022-10-05,66.953323615787,67.00279685716478,64.94451976318905,65.83512115478516,1218500,0.0,0
2022-10-06,65.32055952615093,65.795541930004,63.54925430617438,63.77684783935547,2078600,0.0,0
2022-10-07,63.33155131106505,63.598727971286536,61.49097749711048,61.87690353393555,2391700,0.0,0
2022-10-10,62.25293441644187,62.431054702886414,61.36233298421913,61.451393127441406,2514000,0.0,0
2022-10-11,61.223796101820284,62.757606331108434,61.05557348321883,62.39147186279297,2322200,0.0,0
2022-10-12,62.411262488308466,62.42116015681559,61.16442427108092,61.34254455566406,1924000,0.0,0
2022-10-13,60.42225782461801,63.44040122654679,60.11549427267402,63.27217483520508,2133900,0.0,0
2022-10-14,63.945076168861654,64.3013167363535,61.08525773532073,61.1842155456543,1816100,0.0,0
2022-10-17,62.431054646125716,63.71747599994655,62.11439719825765,63.50967025756836,1984700,0.0,0
2022-10-18,64.3013158264855,64.97421382781424,63.72737185923565,64.33100128173828,1483800,0.0,0
2022-10-19,63.489882923435694,64.00444844875474,62.52011523570358,62.965415954589844,1472500,0.0,0
2022-10-20,63.36123679892868,63.9351807948975,62.62896785045319,62.94562530517578,1281900,0.0,0
2022-10-21,62.89614743696233,63.83622589448381,62.16387472351325,63.53935623168945,1266600,0.0,0
2022-10-24,64.17267008572195,64.39037349492513,62.95551732262636,63.479984283447266,1560500,0.0,0
2022-10-25,63.836229382303856,65.92419215549924,63.747165458715706,65.51847076416016,1937400,0.0,0
2022-10-26,64.5487068673714,66.10230865899692,62.58938370769333,63.173221588134766,3778800,0.0,0
2022-10-27,63.658106425954756,63.757060464923256,61.28317174216465,61.589935302734375,2897100,0.0,0
2022-10-28,61.273273279946125,62.609175437850354,61.02588441087363,62.470638275146484,2671600,0.0,0
2022-10-31,61.965962192530824,62.876355183713414,61.6987817638638,62.361785888671875,2219100,0.0,0
2022-11-01,62.846664927526895,63.183113931301385,62.41126188875881,62.58938217163086,1600200,0.0,0
2022-11-02,62.24304249046156,63.420608402236624,61.1644268439385,61.20400619506836,1848900,0.0,0
2022-11-03,60.362882362332975,61.44149795226064,59.432701599631514,60.738914489746094,1671100,0.0,0
2022-11-04,61.1743192038869,61.1743192038869,58.70043051471369,60.62016677856445,2285400,0.0,0
2022-11-07,61.09515819059958,61.09515819059958,59.056672502997756,59.561344146728516,2022600,0.0,0
2022-11-08,59.98685359183608,60.19466311655287,59.0566727770809,59.43270492553711,1742200,0.0,0
2022-11-09,59.45249484314053,59.7196714999374,58.79938460475619,59.056671142578125,2375400,0.0,0
2022-11-10,61.00609623560564,63.37113320493526,61.00609623560564,63.30186462402344,2137300,0.0,0
2022-11-11,63.509669617919194,63.85601251839459,61.68888742358889,62.124290466308594,2304800,0.0,0
2022-11-14,61.86700791744737,62.57948905781308,60.92692947387695,60.92692947387695,1581900,0.0,0
2022-11-15,61.96596471081649,62.262830607559586,60.85766360137675,61.64930725097656,1989400,0.0,0
2022-11-16,61.688888556874005,62.34199502037903,60.8576618056081,60.90713882446289,2077500,0.0,0
2022-11-17,60.21444822768507,61.14463277593985,60.01654015557976,61.134735107421875,2170600,0.0,0
2022-11-18,61.97586207104441,62.58938542457102,61.49097821472433,62.272727966308594,1999500,0.0,0
2022-11-21,62.064920112082845,62.90604074927926,61.69878187131564,62.15398025512695,2046700,0.0,0
2022-11-22,62.4112618290339,62.5102158639328,61.97585879068248,62.30241012573242,1496300,0.0,0
2022-11-23,62.06492240921884,62.80708903710387,61.65920480363588,61.857112884521484,1148200,0.0,0
2022-11-25,62.29251867318016,62.866458892822266,62.045129801384256,62.866458892822266,801200,0.0,0
2022-11-28,62.57949115395669,63.05447733849231,61.34254678541975,61.54045486450195,1797600,0.0,0
2022-11-29,61.46129156517242,62.965416350162975,61.213902694776365,62.91593933105469,1542100,0.0,0
2022-11-30,62.312312088721576,64.26173766439167,62.04513164625501,64.18257141113281,2310000,0.0,0
2022-12-01,64.53880827278441,65.12264236999508,63.044577415107916,63.974761962890625,1211100,0.0,0
2022-12-02,63.291968151372096,63.81643135243033,63.0148938224892,63.44040298461914,1234400,0.0,0
2022-12-05,62.975309619290584,63.26228161206818,62.20345755926559,62.31230926513672,1330500,0.0,0
2022-12-06,62.47063711660579,62.53000802817521,60.49152620072914,61.055572509765625,1838100,0.0,0
2022-12-07,60.91703485181771,61.83732172216814,60.91703485181771,61.3128547668457,1551500,0.0,0
2022-12-08,61.44149985322759,62.7477127837557,61.31285658397502,62.055023193359375,1870700,0.0,0
2022-12-09,61.98575369996325,62.79718887896516,61.90659122571782,62.07481384277344,1704200,0.0,0
2022-12-12,62.203456209342264,62.896145779517674,61.19410919706172,62.8763542175293,2251000,0.0,0
2022-12-13,64.91483818478727,64.91483818478727,62.79719005482009,63.48988342285156,1860200,0.0,0
2022-12-14,63.47998674283292,64.67734799013044,62.88625117878163,63.26228332519531,1722300,0.0,0
2022-12-15,62.64875834686114,63.0742675021871,61.916485635995336,62.10449981689453,1802300,0.0,0
2022-12-16,60.1451793940952,60.77849428181494,59.19520706251558,60.19466018676758,6664000,0.0,0
2022-12-19,59.96705984305102,59.96705984305102,58.314504023636346,59.02698516845703,2854600,0.0,0
2022-12-20,58.55199682215579,58.85876038452693,58.01763972379153,58.33429718017578,3096300,0.0,0
2022-12-21,58.79938597918001,59.05667252301597,58.14627950038401,58.49262619018555,2961600,0.0,0
2022-12-22,58.24523572848342,58.581684740203606,57.54265224881481,58.403564453125,3978600,0.0,0
2022-12-23,58.20565238637532,59.19520785540564,58.0275320999615,58.819175720214844,2517100,0.0,0
2022-12-27,58.819176277779775,58.97750500333129,58.18586137557371,58.8488655090332,2641500,0.0,0
2022-12-28,59.09625358386481,59.323850887855805,58.086906556477885,58.16606903076172,2040300,0.0,0
2022-12-29,58.63116226762077,59.31395419077706,58.24523623388659,59.21500015258789,4038800,0.0,0
2022-12-30,58.9900016784668,59.36000061035156,58.400001525878906,59.0,2267100,0.625,0
2023-01-03,59.439998626708984,59.630001068115234,58.29999923706055,58.84000015258789,2186500,0.0,0
2023-01-04,59.279998779296875,60.349998474121094,59.15999984741211,59.849998474121094,2646700,0.0,0
2023-01-05,59.16999816894531,59.470001220703125,57.380001068115234,57.470001220703125,2632900,0.0,0
2023-01-06,57.630001068115234,59.70000076293945,57.59000015258789,59.36000061035156,2691000,0.0,0
2023-01-09,58.88999938964844,59.63999938964844,58.380001068115234,58.599998474121094,7408900,0.0,0
2023-01-10,58.75,59.06999969482422,58.25,58.75,2802400,0.0,0
2023-01-11,59.09000015258789,61.439998626708984,59.0,61.38999938964844,2258100,0.0,0
2023-01-12,61.779998779296875,61.900001525878906,60.900001525878906,61.52000045776367,2077900,0.0,0
2023-01-13,60.7599983215332,61.18000030517578,60.16999816894531,60.619998931884766,2144300,0.0,0
2023-01-17,61.38999938964844,61.97999954223633,60.779998779296875,61.369998931884766,3148500,0.0,0
2023-01-18,61.560001373291016,61.779998779296875,60.43000030517578,60.72999954223633,2376000,0.0,0
2023-01-19,60.5099983215332,61.599998474121094,60.400001525878906,60.709999084472656,1932700,0.0,0
2023-01-20,60.70000076293945,61.380001068115234,59.91999816894531,61.33000183105469,2211700,0.0,0
2023-01-23,61.47999954223633,61.72999954223633,60.79999923706055,61.599998474121094,1965100,0.0,0
2023-01-24,61.66999816894531,63.0,61.20000076293945,62.599998474121094,2325000,0.0,0
2023-01-25,62.349998474121094,62.790000915527344,61.84000015258789,62.13999938964844,2118000,0.0,0
2023-01-26,62.459999084472656,62.93000030517578,62.040000915527344,62.22999954223633,4090300,0.0,0
2023-01-27,62.150001525878906,63.689998626708984,62.150001525878906,63.36000061035156,2430600,0.0,0
