Date,Open,High,Low,Close,Volume,Dividends,Stock Splits
2013-01-31,181.21890208448818,182.2428879720026,180.0117775722337,181.33546447753906,562300,0.0,0
2013-02-01,182.61755378812612,184.85698515285466,181.71845052442657,182.83399963378906,398600,0.0,0
2013-02-04,180.91093293693285,182.59258983985083,179.17932796710087,180.7694091796875,692200,0.0,0
2013-02-05,181.3937452978947,182.10137663056108,180.51961621135518,182.0680694580078,469900,0.0,0
2013-02-06,180.9442140599965,182.03478904046085,180.09505893583986,181.37710571289062,420000,0.0,0
2013-02-07,181.1264604085819,182.3296829027043,179.7226965821782,180.3660888671875,428800,0.8,0
2013-02-08,180.71702284381644,182.35474514862105,180.14884153895068,181.07632446289062,414200,0.0,0
2013-02-11,180.8172784149224,182.14584393095154,180.80057620072515,181.8283233642578,438900,0.0,0
2013-02-12,183.57469109440078,186.4991855311566,182.864464381059,186.4072723388672,583000,0.0,0
2013-02-13,185.8808345066775,189.10613394475266,185.8808345066775,188.52122497558594,560900,0.0,0
2013-02-14,188.08670713463948,189.2899165533456,187.69398843382052,189.08102416992188,388900,0.0,0
2013-02-15,189.61584600283322,193.03333612796547,189.5490116395559,191.74655151367188,590500,0.0,0
2013-02-19,191.50421844492436,192.52361448220282,191.078069745047,191.45408630371094,369200,0.0,0
2013-02-20,191.71308215301914,192.3648253907433,189.26485670892848,189.3818359375,268400,0.0,0
2013-02-21,188.85545639760542,189.18132805203675,186.4824288950536,186.95870971679688,279200,0.0,0
2013-02-22,187.1843396772379,188.76356600075604,187.1843396772379,187.88621520996094,282400,0.0,0
2013-02-25,188.45439228280102,188.93902425871693,185.06198120117188,185.06198120117188,286700,0.0,0
2013-02-26,185.5633513913256,187.5018667880875,184.71943044378398,186.4072723388672,285800,0.0,0
2013-02-27,186.53256603936254,190.98615363153618,185.52152119207412,190.19235229492188,246400,0.0,0
2013-02-28,190.2341461794931,190.67699708680018,188.5964367580734,189.22311401367188,340200,0.0,0
2013-03-01,188.36244542474353,190.90258410299455,187.0338928445542,190.03358459472656,332100,0.0,0
2013-03-04,189.76629481815766,191.73824044094584,188.41267555794897,191.65467834472656,248900,0.0,0
2013-03-05,192.3731994367366,195.3729042088531,191.9888445326447,193.6683349609375,282600,0.0,0
2013-03-06,194.2615880013689,195.4815125221253,192.072386899422,192.70742797851562,378700,0.0,0
2013-03-07,193.23383519365225,193.57642181457553,192.22280304382062,192.37319946289062,240200,0.0,0
2013-03-08,193.4511166715186,193.66836022174195,192.59883193639448,193.01661682128906,251200,0.0,0
2013-03-11,192.7993176287628,194.2281343828642,192.0222313372406,192.6572723388672,364100,0.0,0
2013-03-12,188.83875751290932,189.36517051864993,184.6358428236444,188.67164611816406,609100,0.0,0
2013-03-13,186.58272881584935,189.67433435896854,185.27924203819347,188.09510803222656,477400,0.0,0
2013-03-14,188.05331628764998,188.72177460345586,187.19268050910128,188.0867462158203,425400,0.0,0
2013-03-15,188.00321257650754,189.10617087685262,187.26790704294413,188.0533447265625,587600,0.0,0
2013-03-18,187.393243475992,188.48783787905037,185.5884096397606,186.56602478027344,522600,0.0,0
2013-03-19,187.1843505605004,187.98649043031256,185.18733924428227,186.883544921875,243500,0.0,0
2013-03-20,188.13688071616633,189.16462789910153,187.16761678358935,189.05599975585938,262400,0.0,0
2013-03-21,187.710761335374,188.98083107482896,185.9560723036771,186.44070434570312,217600,0.0,0
2013-03-22,186.5743830232069,187.8193866684533,186.31535841407805,187.73582458496094,209500,0.0,0
2013-03-25,188.00322482367744,188.00322482367744,182.638867672016,182.92295837402344,375600,0.0,0
2013-03-26,183.95067814739096,185.17061561076375,182.88114987118212,184.5940704345703,290500,0.0,0
2013-03-27,183.80025010575065,186.09806655792985,182.396486515988,185.5048065185547,191700,0.0,0
2013-03-28,185.88083901326436,188.1368746283223,184.97842221728484,187.98646545410156,245700,0.0,0
2013-04-01,187.50182662120898,187.76921503232836,183.34904439064726,183.66656494140625,354000,0.0,0
2013-04-02,184.39349899703245,185.44632488594468,182.55524836927768,182.73907470703125,357700,0.0,0
2013-04-03,183.04827617346328,183.298936905376,181.01783499649,181.3019256591797,378200,0.0,0
2013-04-04,181.67788021886713,187.77754045301086,181.63611194140174,187.710693359375,411700,0.0,0
2013-04-05,185.3209801823979,186.47407033651217,183.84203113665546,185.5048065185547,214000,0.0,0
2013-04-08,194.98850542850863,194.98850542850863,185.5298522582306,187.6856231689453,344600,0.0,0
2013-04-09,187.3347089734009,189.54061229223063,186.36544514018368,189.03091430664062,318200,0.0,0
2013-04-10,188.43764861921537,191.06968760366513,185.51315519214694,189.9500274658203,557100,0.0,0
2013-04-11,190.0587032518624,194.3368163438603,189.465443112257,191.23684692382812,589600,0.0,0
2013-04-12,190.68539348430727,191.67971085638968,189.67434839616743,190.50991821289062,378900,0.0,0
2013-04-15,188.6715900015114,190.21738588036615,186.90853789930244,188.58802795410156,721300,0.0,0
2013-04-16,199.56746592915695,205.09894606403913,197.36156241079772,202.10760498046875,1465300,0.0,0
2013-04-17,198.0634057288839,200.11891248582305,196.30035342204474,198.99925231933594,832000,0.0,0
2013-04-18,197.72087302672264,201.4976390978597,197.72087302672264,201.0380859375,428700,0.0,0
2013-04-19,202.06585463627235,204.55584917350225,199.53407905735466,203.0852508544922,480500,0.0,0
2013-04-22,202.7593588614462,204.3636512535809,201.42244215977598,203.65341186523438,404300,0.0,0
2013-04-23,204.7145456426525,206.30212273343867,203.06847256178838,205.43313598632812,315400,0.0,0
2013-04-24,206.57796202090245,207.39682977891053,204.36370667986822,205.80088806152344,213300,0.0,0
2013-04-25,205.0571560969556,207.0792331715601,204.87332974928415,205.165771484375,217500,0.0,0
2013-04-26,208.5079771917932,208.5079771917932,203.7285320744865,204.9150390625,227300,0.0,0
2013-04-29,202.70920941539487,206.57788836294114,198.4227328781753,205.19920349121094,267900,0.0,0
2013-04-30,202.11594524890492,205.9595707981577,202.11594524890492,205.94285583496094,349400,0.0,0
2013-05-01,205.7506940959156,205.9345204557752,201.21354384997318,201.2887420654297,262600,0.0,0
2013-05-02,202.141015942485,204.37198546348452,201.48927261049778,202.5755157470703,251200,0.0,0
2013-05-03,204.28006916763337,208.46628137042225,203.91241647319956,207.78945922851562,305600,0.0,0
2013-05-06,206.05151051548475,208.85066159692957,206.05151051548475,207.66415405273438,183900,0.0,0
2013-05-07,208.24072016484442,211.57464847432374,208.07360874389616,211.53286743164062,257700,0.0,0
2013-05-08,211.49104932077546,211.7166567118946,210.0622195100637,211.02313232421875,271400,0.0,0
2013-05-09,210.56186239221344,213.0191240985524,210.05028051931316,210.99795532226562,278400,0.93,0
2013-05-10,211.73601623971902,215.21644231336018,211.10702265073033,215.15773010253906,490500,0.0,0
2013-05-13,215.67771639888178,217.6317785247428,214.9396931705313,215.9376983642578,269100,0.0,0
2013-05-14,215.72804076716525,219.82906572878568,215.21644599724715,219.68650817871094,275000,0.0,0
2013-05-15,219.0155158855626,220.0889970248795,217.37175348962938,219.56063842773438,343000,0.0,0
2013-05-16,218.88132502413777,219.6445068119161,216.2731111461099,216.759521484375,281600,0.0,0
2013-05-17,216.75953070594826,220.91089787478646,216.75953070594826,220.86058044433594,199400,0.0,0
2013-05-20,220.58387914908246,221.33029726121177,219.32589180004328,220.81033325195312,174400,0.0,0
2013-05-21,220.69285372048523,225.72480186046428,220.6089827993899,224.2068328857422,234900,0.0,0
2013-05-22,223.9132703266617,225.74156404727856,217.17047906367577,217.98397827148438,432600,0.0,0
2013-05-23,217.08663473626515,218.2523560814074,214.8641960903515,216.83502197265625,544900,0.0,0
2013-05-24,215.11577356165284,217.27949990579162,213.5558691947097,216.1892547607422,254400,0.0,0
2013-05-28,218.428480050032,218.54587885787092,215.60218117258609,217.91688537597656,322100,0.0,0
2013-05-29,216.029929577398,217.5562934101207,213.7403966252206,213.84942626953125,314300,0.0,0
2013-05-30,214.9396488572321,215.20799994455018,211.9036984372782,212.2643280029297,449600,0.0,0
2013-05-31,212.0965843605451,219.17485930328647,212.0965843605451,215.9040985107422,398200,0.0,0
2013-06-03,215.7280626938477,217.00281397181112,211.82829430084666,216.80154418945312,257400,0.0,0
2013-06-04,216.92728915847331,217.2543524814626,212.4656222953832,215.30868530273438,290200,0.0,0
2013-06-05,214.3274656240527,214.3274656240527,210.9225157278009,211.04830932617188,414200,0.0,0
2013-06-06,211.15733577945582,212.45725839620866,209.68130212764967,212.36500549316406,266100,0.0,0
2013-06-07,214.54549913123515,218.6884717649502,213.8494114444821,218.56265258789062,207300,0.0,0
2013-06-10,218.88969661059184,218.88969661059184,214.03387333940805,214.76348876953125,267500,0.0,0
2013-06-11,211.92890238614166,215.45126389787694,211.34184426700367,213.85781860351562,351500,0.0,0
2013-06-12,214.8725302173437,215.16606559676742,211.39210510253906,211.39210510253906,245100,0.0,0
2013-06-13,211.4676207700056,213.56426588093925,210.88056269832543,212.80947875976562,381300,0.0,0
2013-06-14,211.7443565410772,214.00873045640856,211.50115136517215,213.3378143310547,246800,0.0,0
2013-06-17,214.72998162717124,215.0486757327069,212.21399506295433,213.32102966308594,209200,0.0,0
2013-06-18,212.63332781401388,214.71319591559597,211.66049433229446,214.58740234375,171100,0.0,0
2013-06-19,214.41133217363654,214.8558199413424,211.05669978527106,211.09024047851562,180300,0.0,0
2013-06-20,209.22001217247714,210.6960456448061,208.2136251323935,209.26194763183594,294900,0.0,0
2013-06-21,210.79669258337188,212.21401384835437,208.44005286331063,210.696044921875,338800,0.0,0
2013-06-24,209.19484811579153,212.37335622231973,207.4839786741105,210.4528350830078,289600,0.0,0
2013-06-25,208.0207396756483,214.56227510629645,208.0207396756483,214.23519897460938,241600,0.0,0
2013-06-26,215.58540134376733,216.48277145433806,212.78428698202484,212.94363403320312,422700,0.0,0
2013-06-27,214.27711182223328,215.56025749549855,212.60817785125255,213.58102416992188,352200,0.0,0
2013-06-28,213.06108186067416,213.74877481276604,210.1760960981664,211.49278259277344,365900,0.0,0
2013-07-01,212.57463728251224,215.36735706925595,211.68566187929594,213.45523071289062,241200,0.0,0
2013-07-02,213.4636174580756,214.64612829682346,211.78630147581944,212.90171813964844,302400,0.0,0
2013-07-03,211.35860339490452,214.18487690232953,210.4780098911444,213.9919891357422,193600,0.0,0
2013-07-05,216.05503946314252,216.2898626463473,212.54106089010165,214.78028869628906,224700,0.0,0
2013-07-08,214.79709365191027,216.38216963654068,213.70684843468354,214.6629180908203,507300,0.0,0
2013-07-09,215.56868065021746,221.6657156950359,215.4093335670683,219.5187530517578,356000,0.0,0
2013-07-10,219.04909994834117,219.6277760551577,217.67368844987493,219.43487548828125,310100,0.0,0
2013-07-11,222.2444183273058,223.03275906623628,220.63418335588148,221.73284912109375,286900,0.0,0
2013-07-12,221.58176822159842,223.35134947280295,221.15407015114994,222.4539794921875,197600,0.0,0
2013-07-15,223.56943986484248,224.16490547634461,221.078624564533,222.07662963867188,267800,0.0,0
2013-07-16,222.2444144047434,223.2172609503768,219.30911081826565,220.29872131347656,258100,0.0,0
2013-07-17,217.69047355121637,221.69086318761734,215.41769183562755,220.27352905273438,478000,0.0,0
2013-07-18,220.273464068806,222.47074339002197,218.08457951553206,220.7347412109375,353000,0.0,0
2013-07-19,221.1038082083076,221.58182381874786,219.62776193292555,220.16448974609375,347700,0.0,0
2013-07-22,218.97360009404753,220.7934735481718,218.3026583648001,219.39292907714844,337900,0.0,0
2013-07-23,220.14774391593332,220.14774391593332,215.93768960796137,216.14735412597656,347700,0.0,0
2013-07-24,216.73439418795752,217.5059708569046,213.3546032628968,213.9835968017578,183300,0.0,0
2013-07-25,213.06946235921717,214.57066743656094,212.03791653976782,214.24359130859375,288500,0.0,0
2013-07-26,214.2436000354285,216.1138039819379,213.09462975702453,215.24159240722656,199200,0.0,0
2013-07-29,214.0674411382318,216.51633360665247,212.6249484445176,215.79507446289062,182700,0.0,0
2013-07-30,216.90215923903781,219.4600563331796,215.22484295597684,218.17691040039062,263800,0.0,0
2013-07-31,219.08268894488322,221.85025074392445,218.43690575630785,219.8458709716797,205600,0.0,0
2013-08-01,222.4959550290717,226.831828108774,222.4959550290717,226.04348754882812,349800,0.0,0
2013-08-02,225.21321943990208,225.83381815046556,223.78749064698522,224.71841430664062,246900,0.0,0
2013-08-05,223.1836517569876,223.83780394067753,221.82502995961687,223.1584930419922,180500,0.0,0
2013-08-06,222.32831704907062,223.13342183848985,220.1981178333745,221.02838134765625,146100,0.0,0
2013-08-07,220.09740699470382,220.6760830607027,218.36137879670716,219.02392578125,129700,0.0,0
2013-08-08,220.1012647104132,223.03863320770847,219.42792512352446,219.67201232910156,156400,0.93,0
2013-08-09,219.07443573865822,221.1869727912924,218.11493649688404,218.687255859375,146100,0.0,0
2013-08-12,216.6841230556216,218.51050030028364,214.6220577171697,217.17227172851562,226500,0.0,0
2013-08-13,217.34061202554952,217.92135611622106,215.18596411921965,216.43161010742188,182000,0.0,0
2013-08-14,216.16226467832794,216.717760117944,213.6120636349358,213.6793975830078,118800,0.0,0
2013-08-15,212.07180318704368,213.14912051802602,208.06553016511788,212.0465545654297,203600,0.0,0
2013-08-16,211.07868357044433,213.53632784188454,210.4642789239033,213.28382873535156,189000,0.0,0
2013-08-19,212.93873841598213,214.45372015110556,211.76042642346252,211.78567504882812,131300,0.0,0
2013-08-20,212.13076209627158,213.3427475884677,210.20337741954208,211.516357421875,126700,0.0,0
2013-08-21,211.27228515735268,212.49268258987684,208.97455728798263,209.9929656982422,206700,0.0,0
2013-08-22,210.26229786873228,211.70152099794305,208.99139036006147,211.55844116210938,258000,0.0,0
2013-08-23,211.4910972269854,213.93189193447716,210.5063622790951,213.80564880371094,236800,0.0,0
2013-08-26,213.66252960491192,215.58151473742942,211.5499802693112,212.30746459960938,290000,0.0,0
2013-08-27,211.01136077401503,211.8277544251419,208.20864768345714,208.4695587158203,326800,0.0,0
2013-08-28,207.9897652522563,210.43898421682576,206.21387281012093,209.4290008544922,272800,0.0,0
2013-08-29,208.65470965145647,210.27909775780913,207.82987844340957,208.05712890625,207000,0.0,0
2013-08-30,208.6968514028224,209.17658824004968,207.04720138331544,208.18344116210938,214000,0.0,0
2013-09-03,209.9003807161442,212.1223498341272,209.46271643517585,211.48269653320312,391300,0.0,0
2013-09-04,212.0970965236779,215.86772081968732,211.3227753314541,215.31222534179688,414300,0.0,0
2013-09-05,215.40478128362003,219.1669805679487,215.36270880317838,218.45156860351562,312800,0.0,0
2013-09-06,218.66199700695717,219.97497698199825,216.30537286849284,217.3826904296875,265200,0.0,0
2013-09-09,217.92973002484428,222.516760197118,217.2227428842407,222.1632537841797,265600,0.0,0
2013-09-10,222.92919798865455,226.75031960468843,222.76088236791963,226.70822143554688,349700,0.0,0
2013-09-11,226.7924024893764,227.24690348823077,224.94077646471334,226.98599243164062,280300,0.0,0
2013-09-12,225.3110825273943,228.35786990656936,223.50150349824537,225.63088989257812,549900,0.0,0
2013-09-13,226.36320005510265,226.36320005510265,223.10597251385056,224.96604919433594,350600,0.0,0
2013-09-16,229.29212119567575,229.32579459573344,226.4641720375115,227.28057861328125,302900,0.0,0
2013-09-17,227.85288387987853,228.6861142614467,225.89183867635364,226.71664428710938,318000,0.0,0
2013-09-18,226.85136874915025,230.6219940185547,226.3379713071379,230.6219940185547,295500,0.0,0
2013-09-19,230.5545763407758,232.61664161849214,229.7129212372631,230.2010955810547,339700,0.0,0
2013-09-20,229.7129541824495,231.64035183779606,227.37315368652344,227.37315368652344,618800,0.0,0
2013-09-23,227.82760295410282,227.96227084162535,225.09222409665458,225.60562133789062,399300,0.0,0
2013-09-24,225.46262232572386,227.74350096095273,224.64621567015973,225.78245544433594,355800,0.0,0
2013-09-25,226.48939561252325,227.47411770909702,224.79766061933802,224.85658264160156,157700,0.0,0
2013-09-26,225.70670685109513,228.89656185634271,225.53836552164518,226.4473419189453,261900,0.0,0
2013-09-27,226.4473391300539,226.86816676321533,221.81823516527817,222.12966918945312,401700,0.0,0
2013-09-30,220.27797127898074,221.96128145972023,219.70565198199532,220.26954650878906,405700,0.0,0
2013-10-01,220.32006283371118,222.74403381347656,219.67199760471888,222.74403381347656,413600,0.0,0
2013-10-02,221.48997583954292,223.03861825766478,219.6972462322049,222.74403381347656,255500,0.0,0
2013-10-03,221.95283975553252,223.37523880455677,220.00861869993565,221.97808837890625,479200,0.0,0
2013-10-04,222.91229715771178,223.76235110928977,221.72556071037056,222.9375457763672,259900,0.0,0
2013-10-07,220.77459543465596,221.49843233505658,218.7967003807065,219.7814483642578,426000,0.0,0
2013-10-08,219.36060908477614,220.72408646252626,217.02920763379993,217.18072509765625,344300,0.0,0
2013-10-09,215.58992171012463,217.19748583189704,211.4321568249931,212.40005493164062,719500,0.0,0
2013-10-10,214.24335073212467,215.85932730326127,213.4858532864218,215.37957763671875,646600,0.0,0
2013-10-11,216.16230419758494,217.66044949882857,215.64048205792295,217.06288146972656,367500,0.0,0
2013-10-14,215.7414581504525,218.93133843257704,214.68099010358858,217.66043090820312,312200,0.0,0
2013-10-15,217.3911144171011,217.58467866171662,214.78197833266807,214.97555541992188,486300,0.0,0
2013-10-16,219.12491476052884,224.19166931614686,213.14915829515925,216.95343017578125,1142700,0.0,0
2013-10-17,215.70777105270082,220.88394425949141,214.46211238341877,220.429443359375,443400,0.0,0
2013-10-18,221.33849752843477,222.51680969153276,219.51209441167384,222.449462890625,406400,0.0,0
2013-10-21,221.45631114536792,222.41581039810322,219.59626035338457,221.72564697265625,352500,0.0,0
2013-10-22,223.3584728112765,224.1496307956321,221.31325673237575,223.3668975830078,299800,0.0,0
2013-10-23,223.1648783157682,223.42578938133198,221.0186677608974,222.34007263183594,177800,0.0,0
2013-10-24,222.45783917581244,223.08908044902563,221.38894653320312,221.38894653320312,212400,0.0,0
2013-10-25,221.92762035423686,225.10907574460757,220.62306516602948,225.05857849121094,302600,0.0,0
2013-10-28,224.9828373098137,227.07855042537204,222.98811870315788,226.57357788085938,396400,0.0,0
2013-10-29,226.0517413232474,229.8644383351177,223.79611156160507,229.8055419921875,330100,0.0,0
2013-10-30,230.27689121854982,230.9249565415956,226.2369304375305,227.29742431640625,341700,0.0,0
2013-10-31,227.19645741266763,228.30744868891009,226.0938909095931,226.3800506591797,276300,0.0,0
2013-11-01,226.7924260081187,228.8123935559879,225.10911543734755,227.29742431640625,242500,0.0,0
2013-11-04,227.8949881856604,229.07332611175272,227.07018245973234,228.82923889160156,295100,0.0,0
2013-11-05,226.56515670778288,228.19796978837402,225.2774253282731,226.37156677246094,350000,0.0,0
2013-11-06,227.6468727578176,229.91032876551367,226.6249179113721,229.83432006835938,258200,0.93,0
2013-11-07,230.56908062784177,230.56908062784177,222.520278221516,222.6976318359375,359500,0.0,0
2013-11-08,223.32262755476432,226.4390869140625,223.01011302174066,226.4390869140625,462200,0.0,0
2013-11-11,226.1773330265696,228.19588106136612,226.1435685604888,228.0522918701172,142900,0.0,0
2013-11-12,227.00498236661457,227.46106031428386,225.43408444321548,226.5489044189453,219600,0.0,0
2013-11-13,225.61152678579796,227.3175605414031,221.91228083484577,223.8125762939453,598700,0.0,0
2013-11-14,223.8125396334972,225.7719612606735,222.06426191163555,224.3192901611328,419200,0.0,0
2013-11-15,222.84970119024055,223.28044298582657,219.19270025278698,220.22308349609375,621700,0.0,0
2013-11-18,219.41229690558993,220.9071864017741,217.7400279802304,217.951171875,397700,0.0,0
2013-11-19,218.0187508716249,219.843011428549,216.11844294442744,216.33802795410156,314100,0.0,0
2013-11-20,217.37685220791187,219.167348192556,213.2975508858408,213.88031005859375,354300,0.0,0
2013-11-21,213.67760783178477,216.97990122756758,213.3904552462036,215.5525665283203,566300,0.0,0
2013-11-22,216.0931040621877,216.95457474485391,215.55257621736192,216.54074096679688,444600,0.0,0
2013-11-25,216.96301459655075,217.73155562727004,215.69613844749887,216.93765258789062,242500,0.0,0
2013-11-26,217.15725489564633,218.9646588911207,216.12687172402065,218.01028442382812,403100,0.0,0
2013-11-27,217.9004728117036,219.58116976116477,217.05589733568922,218.29742431640625,199900,0.0,0
2013-11-29,218.80423420132854,219.555893176504,216.63366845241978,217.83297729492188,92300,0.0,0
2013-12-02,217.82448204180113,219.56430560365075,216.54073649137237,218.17076110839844,335400,0.0,0
2013-12-03,217.77375233909063,218.70279034990352,214.61503598952353,215.2738037109375,407500,0.0,0
2013-12-04,215.27387665033416,216.4478362323803,211.9884780439459,215.4090118408203,516800,0.0,0
2013-12-05,215.50188908453183,217.30926726368332,214.53061952085005,215.5103302001953,233500,0.0,0
2013-12-06,218.52547649902584,219.5896499736295,216.3042386080807,217.71469116210938,321800,0.0,0
2013-12-09,218.66908720660507,219.36164543360835,216.52385781353806,217.2079620361328,308500,0.0,0
2013-12-10,217.1910281286124,218.97306997538536,216.69273170073183,216.8109588623047,275700,0.0,0
2013-12-11,216.63364554839472,218.43259573474776,214.01545598337773,214.56443786621094,310300,0.0,0
2013-12-12,214.52216735228194,215.19783029933518,208.49189906896953,212.8583526611328,904900,0.0,0
2013-12-13,212.73166859845256,213.96474153936643,212.0053331955257,212.4529571533203,311300,0.0,0
2013-12-16,212.9596877367496,215.60321293442183,212.14890254756847,214.45458984375,368600,0.0,0
2013-12-17,215.62855540033203,216.9207548037978,211.05095802217255,211.1945343017578,349500,0.0,0
2013-12-18,211.92935589534105,215.45124760063644,210.03751473868698,215.2147674560547,496500,0.0,0
2013-12-19,215.48501103594344,216.8109879833244,213.39046722471724,214.0070037841797,397400,0.0,0
2013-12-20,211.98842546424902,213.73670272863384,209.26889164444896,209.74185180664062,1036100,0.0,0
2013-12-23,213.67760248464177,213.73672895576993,211.5999410747,213.17930603027344,347700,0.0,0
2013-12-24,213.72825838751086,215.16403405540464,213.255298203941,214.80087280273438,139900,0.0,0
2013-12-26,215.8819527366359,216.33801785457598,214.42084067139834,215.7214813232422,193900,0.0,0
2013-12-27,215.92416216877726,217.0727724065603,215.00357802321366,215.74679565429688,169700,0.0,0
2013-12-30,215.9833073408194,216.4562804862163,215.1302906528009,215.68771362304688,168800,0.0,0
2013-12-31,216.1775593283822,216.5322795061578,214.73332949503876,215.7214813232422,240500,0.0,0
2014-01-02,215.11340548814377,215.77217343357583,213.5256121031747,213.72830200195312,285100,0.0,0
2014-01-03,213.73680321607893,214.72495535249018,212.74863819246374,213.54254150390625,204800,0.0,0
2014-01-06,214.26036595461207,214.28570218926257,210.96651369085083,211.96311950683594,323100,0.0,0
2014-01-07,213.06951855064403,214.327940758518,212.1320391754145,213.61004638671875,381300,0.0,0
2014-01-08,213.61001151357604,214.496818273022,211.83641088188222,214.0491943359375,368400,0.0,0
2014-01-09,214.89384656212127,216.4309805462426,213.30604009715245,214.94451904296875,421100,0.0,0
2014-01-10,215.78062294121418,225.91551717218573,215.68771911047622,222.7230224609375,928900,0.0,0
2014-01-13,221.92072239831572,223.1284594809743,220.34979817084212,220.99168395996094,915900,0.0,0
2014-01-14,221.48995579536017,223.33957846052243,217.9005094192676,223.18756103515625,387200,0.0,0
2014-01-15,222.52875741597663,224.8090957541706,221.18588549168058,222.78211975097656,461300,0.0,0
2014-01-16,222.739894989341,224.91043432953708,221.38856910061668,224.6063995361328,396000,0.0,0
2014-01-17,225.1469448654422,225.46788770702344,222.02203071059577,223.0524139404297,384800,0.0,0
2014-01-21,222.70612689579036,223.80406479143815,221.86155135316895,223.01861572265625,405900,0.0,0
2014-01-22,223.81251325528328,224.52195360059852,220.46800140611165,221.3041229248047,486500,0.0,0
2014-01-23,219.89365148904943,221.9206531857904,216.22819713399855,216.76873779296875,622000,0.0,0
2014-01-24,209.96147421818256,212.9428246988456,203.01906258503303,204.26058959960938,1658400,0.0,0
2014-01-27,204.1169700946561,205.53586342356937,200.07990084004416,201.7943878173828,824700,0.0,0
2014-01-28,202.24204242425216,202.25892465442715,200.44309259632382,200.89071655273438,641800,0.0,0
2014-01-29,199.9532646254299,203.11198187178763,199.22692912545247,201.1441192626953,495400,0.0,0
2014-01-30,201.15254363269608,202.52920581026754,200.09682426638653,200.30796813964844,402700,0.0,0
2014-01-31,197.6391050088186,199.41271868581802,196.16109790705215,198.0360565185547,538500,0.0,0
2014-02-03,198.0529851799614,198.0529851799614,192.72371501809462,193.65274047851562,702300,0.0,0
2014-02-04,194.78441745481655,195.81480041469885,193.21350678542197,195.34182739257812,634800,0.0,0
2014-02-05,194.44657861641375,197.4701599064594,194.22699366548866,194.9871063232422,612800,0.0,0
2014-02-06,196.2930486755361,198.57414764699877,195.31786372622898,198.38758850097656,449500,0.93,0
2014-02-07,198.9557738150828,200.15144500899342,196.42028735544625,198.43002319335938,842500,0.0,0
2014-02-10,197.7770496786786,200.736544608339,197.17498297261704,198.67591857910156,643800,0.0,0
2014-02-11,196.64921232860254,202.6784320633199,195.13131332447995,201.7032470703125,715600,0.0,0
2014-02-12,202.25444872818258,203.18724455723876,201.35557980526852,201.8643798828125,508300,0.0,0
2014-02-13,201.15207902807197,203.28053313670537,199.55785079124712,203.2126922607422,645000,0.0,0
2014-02-14,205.75663684702607,208.57197456157064,204.36593144109938,208.3260498046875,712700,0.0,0
2014-02-18,208.74159475064693,210.33581000249586,207.79183545368357,210.09837341308594,607900,0.0,0
2014-02-19,209.70830367059887,211.44668885943247,208.6313508265002,210.30189514160156,625600,0.0,0
2014-02-20,209.5895308562375,212.37094125911838,209.30969217713226,210.33575439453125,593900,0.0,0
2014-02-21,210.82769094052549,212.54063778638235,210.191697169667,211.35345458984375,546100,0.0,0
2014-02-24,212.2013693436987,213.9991069435783,211.64169192283447,213.3631134033203,712000,0.0,0
2014-02-25,213.32919628357226,214.4146242077343,211.86216188944638,212.11656188964844,624600,0.0,0
2014-02-26,212.57450998897434,213.77866934511732,211.4806066113585,213.2444305419922,635900,0.0,0
2014-02-27,208.24975123401038,214.4994443617351,201.1944558410017,214.4655303955078,267900,0.0,0
2014-02-28,214.95735016082514,216.81444050545514,214.48246409560727,216.25477600097656,667200,0.0,0
2014-03-03,214.6775201535759,215.20327071582815,212.67625979940317,214.78775024414062,489600,0.0,0
2014-03-04,217.08579558154784,217.49284076457488,214.89797624523393,216.1529998779297,416000,0.0,0
2014-03-05,216.30569789017022,218.48502956374125,215.7121063607535,217.9084014892578,320900,0.0,0
2014-03-06,218.13733052639773,219.95204480263533,217.25543797740414,218.3408660888672,422600,0.0,0
2014-03-07,219.18035617446253,219.9096164165412,217.53525065320838,217.89141845703125,407500,0.0,0
2014-03-10,215.31354326316114,217.6709587993927,215.31354326316114,216.89080810546875,310500,0.0,0
2014-03-11,218.46809174914168,218.46809174914168,214.75388420163483,215.2541961669922,337100,0.0,0
2014-03-12,212.6423407733654,214.0669732009878,210.802200797984,213.54969787597656,591300,0.0,0
2014-03-13,215.05066825404037,215.11849619332696,208.21584530136744,208.47024536132812,675600,0.0,0
2014-03-14,207.75788761975616,210.74282089346636,206.9014209860917,209.47930908203125,635000,0.0,0
2014-03-17,209.86942699280957,213.5242683920008,209.86942699280957,213.42250061035156,441000,0.0,0
2014-03-18,213.42247548364182,215.0336669536067,212.60841096223248,214.64358520507812,361700,0.0,0
2014-03-19,214.81321066698354,214.92344076205111,210.20861014334884,211.96395874023438,417700,0.0,0
2014-03-20,211.02267039828908,213.01544247505345,209.53019721540815,212.8797607421875,358200,0.0,0
2014-03-21,214.77926266969573,215.83077667321646,212.58296802957258,213.66839599609375,887400,0.0,0
2014-03-24,214.62659075386065,214.9996960351853,212.63380613874673,213.2358856201172,372800,0.0,0
2014-03-25,214.050046521366,216.44138913810912,214.050046521366,215.9071502685547,426600,0.0,0
2014-03-26,216.78897414384124,217.02641067650111,212.59990792373043,212.60838317871094,429800,0.0,0
2014-03-27,213.27835599768082,213.99915401090203,211.39581366932202,212.201416015625,427000,0.0,0
2014-03-28,212.75258872248796,213.65994584606153,211.3025175518828,211.53147888183594,505700,0.0,0
2014-03-31,213.52428202287544,214.84714681484965,212.1590150641175,214.25355529785156,559100,0.0,0
2014-04-01,215.347446233687,216.21240121640622,214.04154497213545,214.58425903320312,542100,0.0,0
2014-04-02,214.5163975611591,217.21300415398713,214.4655201445884,216.22085571289062,347900,0.0,0
2014-04-03,216.66183193317465,218.10342785914,215.79687696546017,217.7133331298828,354300,0.0,0
2014-04-04,218.30694834777424,219.91812712918878,215.72904677032184,215.89016723632812,543100,0.0,0
2014-04-07,215.2626404952419,215.36439533137053,208.97053238194556,209.13165283203125,395200,0.0,0
2014-04-08,209.0214648921281,215.28812262084924,207.95298714000836,214.89804077148438,533800,0.0,0
2014-04-09,216.50069784422655,219.61283789279562,216.15301823976844,219.27362060546875,641300,0.0,0
2014-04-10,219.45167346007858,219.8163035043617,213.7446827549175,213.8888397216797,447800,0.0,0
2014-04-11,213.6853595114455,216.16149286952336,211.99785195175363,212.19288635253906,513500,0.0,0
2014-04-14,213.31227705593116,213.31227705593116,209.4115107490025,211.0905303955078,475700,0.0,0
2014-04-15,211.96396208177694,213.07482888198007,209.23342840312455,212.6508331298828,687800,0.0,0
2014-04-16,217.08581837027714,218.78180132629493,210.77675970359925,212.16746520996094,745900,0.0,0
2014-04-17,211.60778665790212,215.89863438393874,210.84459950728652,213.821044921875,596900,0.0,0
2014-04-21,213.54969208626207,214.83864273548457,213.11722109746557,213.87193298339844,299800,0.0,0
2014-04-22,214.8471048445538,216.83988984017685,214.11783171204087,216.28021240234375,372800,0.0,0
2014-04-23,215.72905618342918,217.01800702839736,215.72905618342918,216.21241760253906,270600,0.0,0
2014-04-24,216.88230424625002,216.9162311527192,212.74411447033606,214.14329528808594,308100,0.0,0
2014-04-25,213.28679065008345,213.30374116098483,209.87786175731824,211.4296875,486000,0.0,0
2014-04-28,212.39644904864727,213.30379329785833,209.04688494328212,212.02333068847656,370100,0.0,0
2014-04-29,212.91370528041966,213.5836128655342,210.34429209581512,210.4884490966797,287000,0.0,0
2014-04-30,210.37821007952394,216.085202243734,208.70766577389406,215.72903442382812,739900,0.0,0
2014-05-01,216.44130648551536,216.44130648551536,213.5666164640083,214.32980346679688,323900,0.0,0
2014-05-02,213.95666964089992,215.7459316911532,213.77011053125688,213.90579223632812,278900,0.0,0
2014-05-05,212.52357519308794,214.06692556798404,211.99782472834414,213.4394073486328,200100,0.0,0
2014-05-06,212.8628327109453,213.47338763400177,212.06571862032584,212.73562622070312,237600,0.0,0
2014-05-07,212.37096245048025,214.37222261705983,212.184403312461,213.94822692871094,327300,0.0,0
2014-05-08,212.21941504612064,216.29023865431125,211.48700674450336,214.85948181152344,334400,1.08,0
2014-05-09,214.5529025702835,214.61252339769183,212.5345270443318,213.66720581054688,305000,0.0,0
2014-05-12,214.20369888564778,217.06519915111252,214.20369888564778,216.84376525878906,379500,0.0,0
2014-05-13,217.116326308601,217.8572462973877,214.95316117647292,216.2902374267578,346400,0.0,0
2014-05-14,216.7841395696794,217.11627738584139,215.1234504888695,215.9495391845703,256600,0.0,0
2014-05-15,215.62595730100014,216.91192439257637,213.7353222687805,214.80838012695312,451400,0.0,0
2014-05-16,215.02133571069697,216.5713215015676,214.14415051958267,216.4691162109375,330400,0.0,0
2014-05-19,216.3413687411006,218.2490275042391,215.1916534726407,218.11276245117188,282500,0.0,0
2014-05-20,217.29518282935237,217.86579107454295,211.65734985373302,212.7644805908203,448100,0.0,0
2014-05-21,213.05401092952232,215.24272409477277,212.36418708987478,214.91909790039062,343600,0.0,0
2014-05-22,214.9531741431141,216.06030484489088,214.22076580147245,214.74026489257812,200100,0.0,0
2014-05-23,214.86801800613102,215.99217209036428,213.30952073450933,215.6600341796875,194400,0.0,0
2014-05-27,216.5286816016218,217.30367429860976,215.0298053373493,215.3023223876953,299700,0.0,0
2014-05-28,215.92406356531515,217.6273377570253,214.92764972255884,216.75015258789062,234800,0.0,0
2014-05-29,217.78060000886663,218.64076163768968,216.03474167748604,218.56411743164062,242500,0.0,0
2014-05-30,218.38526722766315,220.86353398870747,217.82319669011684,220.03744506835938,406400,0.0,0
2014-06-02,220.3525176529817,222.76266457376948,219.29649624028036,221.4766845703125,306400,0.0,0
2014-06-03,221.06788069290374,224.41483324460998,220.74428052345613,224.07415771484375,530400,0.0,0
2014-06-04,223.89537073009726,225.68381369699676,222.52424758241074,222.6775360107422,314100,0.0,0
2014-06-05,222.7371555103054,225.70936042032363,221.03388145484058,225.6923370361328,528300,0.0,0
2014-06-06,225.9989380513929,228.79230676138445,225.69236116378642,228.04286193847656,284800,0.0,0
2014-06-09,228.04280796069287,229.28621657252143,226.4076796340221,227.71920776367188,343200,0.0,0
2014-06-10,227.88097190729837,229.1924999048064,227.24224428375723,229.18397521972656,335800,0.0,0
2014-06-11,228.19614034720166,229.67798038316857,227.2763578497822,229.2777099609375,337500,0.0,0
2014-06-12,225.34316066241624,225.6838102723947,220.86354162099641,221.60446166992188,938600,0.0,0
2014-06-13,221.885544180291,222.51574733703225,220.61658718887352,221.2638397216797,432300,0.0,0
2014-06-16,220.9657282585679,221.7321963589084,219.8671352437026,221.519287109375,216500,0.0,0
2014-06-17,220.60803729470905,221.2041675508803,219.08359991511603,219.96078491210938,285900,0.0,0
2014-06-18,219.8160228323628,221.04238224309103,217.4229378359374,220.90614318847656,407200,0.0,0
2014-06-19,220.94024217152875,224.0742609663127,220.25894277784735,222.36248779296875,479900,0.0,0
2014-06-20,223.35040264417083,224.29570755520996,222.23475988019672,222.6520538330078,361000,0.0,0
2014-06-23,223.23114595739003,223.23114595739003,220.94876442482288,221.36605834960938,180200,0.0,0
2014-06-24,220.78689948682566,221.41710257071452,218.01907914610365,218.104248046875,328100,0.0,0
2014-06-25,218.10428051206233,218.68338753966933,217.15896275056716,217.70401000976562,235000,0.0,0
2014-06-26,217.8146936302762,217.89135084319082,215.9496193517293,217.0652618408203,321600,0.0,0
2014-06-27,216.31584446543192,217.1504452661214,215.44717090025185,216.656494140625,311000,0.0,0
2014-06-30,216.75011514174716,217.16742192480376,216.077327670032,216.5457305908203,484200,0.0,0
2014-07-01,217.16740952529756,217.16740952529756,214.3655298417482,214.4166259765625,552600,0.0,0
2014-07-02,214.18670439810919,215.2938350914034,213.079573704815,214.22076416015625,490100,0.0,0
2014-07-03,215.25976956601164,218.37677718842843,215.25976956601164,217.66139221191406,209500,0.0,0
2014-07-07,215.87292200842242,215.87292200842242,211.7765505182512,213.360595703125,489300,0.0,0
2014-07-08,213.36060275363167,213.87159011852097,211.7595211389305,213.59906005859375,409000,0.0,0
2014-07-09,212.61116812456038,213.70978711247122,212.11723010877543,212.96034240722656,286400,0.0,0
2014-07-10,211.2229513495815,211.66579310526694,209.860327345307,210.9078369140625,284800,0.0,0
2014-07-11,204.98905157111494,209.50273089258775,204.98905157111494,208.4722442626953,757800,0.0,0
2014-07-14,210.03069860579518,210.54168596928633,208.45517805910305,208.54885864257812,512600,0.0,0
2014-07-15,208.5488603661424,209.86888724199844,207.72277148547528,209.36642456054688,763600,0.0,0
2014-07-16,210.34581311109238,210.35432480233615,207.92715431817595,208.54885864257812,550800,0.0,0
2014-07-17,206.89668478215742,210.77163554241537,204.3928700449154,205.57664489746094,1290200,0.0,0
2014-07-18,206.30908091763598,206.9818684874736,204.63135484436506,206.820068359375,681100,0.0,0
2014-07-21,206.6922845611893,208.67660020827665,204.07776588971313,204.61428833007812,548700,0.0,0
2014-07-22,205.73849148255502,206.70084556068915,205.3552573878395,205.95140075683594,369200,0.0,0
2014-07-23,205.88327559666152,206.0025042747271,204.0522609703077,205.2700958251953,366800,0.0,0
2014-07-24,205.35522780791362,206.0280152999529,204.25660883369957,204.8101806640625,381400,0.0,0
2014-07-25,205.900282173489,206.69229834993263,204.0692548172273,205.3807830810547,238800,0.0,0
2014-07-28,205.40636625692852,205.83218483186477,203.09842386299547,204.35885620117188,416400,0.0,0
2014-07-29,204.16292121887858,204.6568722064513,202.8258579723882,203.31980895996094,310100,0.0,0
2014-07-30,204.18845040358758,205.21893672967664,202.05935823765324,204.41839599609375,492100,0.0,0
2014-07-31,202.76620443059872,203.63487761305524,199.96432505098556,200.26239013671875,507400,0.0,0
2014-08-01,199.12976272817215,200.92670426121197,198.54213113919286,200.31353759765625,523000,0.0,0
2014-08-04,200.51792608900817,200.51792608900817,196.90699357911555,200.14320373535156,610700,0.0,0
2014-08-05,198.8146334496161,201.1225751866338,198.26107465774052,200.02395629882812,446000,0.0,0
2014-08-06,199.36826085609465,201.58250963627492,197.85234777748727,200.6712646484375,407800,0.0,0
2014-08-07,201.9117940281552,202.7160210592365,199.08844853460096,199.40501403808594,331200,1.08,0
2014-08-08,200.20064156698268,202.52776118000722,199.58463854854773,202.41653442382812,377400,0.0,0
2014-08-11,203.4860051217916,205.274119030574,203.1780035780236,203.2892303466797,296500,0.0,0
2014-08-12,203.05825605089956,204.81215362826507,202.4935842944193,204.2731475830078,261600,0.0,0
2014-08-13,204.49560549380857,205.78749418700662,202.81015412885918,204.97471618652344,358400,0.0,0
2014-08-14,205.32547133935088,205.7960180297855,203.75979785331947,204.00790405273438,365500,0.0,0
2014-08-15,204.54693031247277,205.30837686483312,201.36425160816535,202.96414184570312,347700,0.0,0
2014-08-18,204.58971558892304,207.78949613813143,203.23793154407318,207.75527954101562,528000,0.0,0
2014-08-19,207.7381305589129,210.61280727111378,207.09646176650008,210.18502807617188,399400,0.0,0
2014-08-20,210.2278799097257,210.458884408684,209.25254353664423,209.7915496826172,449700,0.0,0
2014-08-21,209.64603474912266,212.52071163459047,208.6364820545073,212.0587158203125,337400,0.0,0
2014-08-22,211.7250866475966,212.27264362646,211.04918804655063,211.340087890625,244300,0.0,0
2014-08-25,212.52924720528884,214.45425344160105,212.27257709615708,213.52169799804688,498400,0.0,0
2014-08-26,213.65859710771616,214.18905219677126,211.99881171105667,212.8543701171875,405800,0.0,0
2014-08-27,212.409513427044,212.49506144456535,209.98828129433628,210.46739196777344,315700,0.0,0
2014-08-28,209.29526404609555,210.3561481499994,208.76480893935795,210.09092712402344,256300,0.0,0
2014-08-29,210.0994806010071,211.00637040781012,209.6374717586227,210.6384735107422,256300,0.0,0
2014-09-02,211.29724636881534,211.94746601393877,210.15935219876107,211.6907958984375,372300,0.0,0
2014-09-03,212.17848794778607,213.89815567054333,212.17848794778607,213.7612762451172,404100,0.0,0
2014-09-04,214.8648844769043,216.73000812968192,213.76122014993715,215.29266357421875,455600,0.0,0
2014-09-05,214.89914879139434,215.1472680336239,212.98270636482906,213.4447021484375,403200,0.0,0
2014-09-08,212.6832813985081,214.37729660419228,212.6832813985081,212.8971710205078,239300,0.0,0
2014-09-09,213.23083041843512,213.23083041843512,211.16894446029158,211.22027587890625,332700,0.0,0
2014-09-10,211.54539657864115,211.54539657864115,209.81717775442735,210.963623046875,245900,0.0,0
2014-09-11,210.11657397761533,211.69079822295888,209.3380127387999,210.92935180664062,300500,0.0,0
2014-09-12,210.39036402485615,212.60625709238903,209.8684728916935,212.5634765625,510500,0.0,0
2014-09-15,212.93138916540616,213.28215820489493,211.0748289133382,212.53782653808594,229300,0.0,0
2014-09-16,212.4950236091493,213.0425804319814,210.31336025639902,212.75169372558594,444800,0.0,0
2014-09-17,213.76982296609586,215.16438733967118,212.9655959789981,214.14627075195312,502400,0.0,0
2014-09-18,214.83068700001436,216.87547074484678,214.0093453160174,216.52468872070312,317700,0.0,0
2014-09-19,217.63693930202697,217.7994974788248,215.74614958659882,216.8155975341797,418300,0.0,0
2014-09-22,216.27664099684407,216.8840933139403,214.42864444290817,215.01898193359375,297200,0.0,0
2014-09-23,214.6852820697583,216.0028494331925,213.98373090807956,215.27561950683594,423500,0.0,0
2014-09-24,214.91624239211436,217.60269493246142,214.91624239211436,216.15679931640625,336800,0.0,0
2014-09-25,215.44671974049112,215.8916007032355,214.00082397460938,214.00082397460938,426500,0.0,0
2014-09-26,214.32594201694016,216.62739632983997,214.18049864741678,215.6178436279297,236400,0.0,0
2014-09-29,213.71850282980049,216.7300722208104,213.71850282980049,215.6178436279297,370100,0.0,0
2014-09-30,215.84027550927604,217.95350583496352,214.77082749242146,215.30126953125,413600,0.0,0
2014-10-01,215.1045201258306,215.31840975443254,213.75273610649185,214.4286346435547,609100,0.0,0
2014-10-02,214.6595875313928,216.73860113690165,214.61682005717475,216.28515625,474800,0.0,0
2014-10-03,217.57704993320175,220.12662330978287,216.42205395092716,218.3983917236328,522700,0.0,0
2014-10-06,218.78338656694794,220.8966167769835,217.63694148877042,218.62937927246094,464600,0.0,0
2014-10-07,217.11509980495694,218.02198979137157,213.5303073435429,213.67575073242188,511200,0.0,0
2014-10-08,213.9751158252919,215.86589217888192,211.62233072269578,215.7632293701172,506000,0.0,0
2014-10-09,215.39537085122737,216.44771704733452,210.1593577965857,210.59568786621094,417500,0.0,0
2014-10-10,209.69737802096284,209.911267630101,204.48701722072022,205.9243621826172,702400,0.0,0
2014-10-13,205.35115233008963,205.89870924124472,199.8926849888845,200.37179565429688,601300,0.0,0
2014-10-14,201.05624393810106,205.16292727630466,200.25201687358282,204.2132568359375,998300,0.0,0
2014-10-15,202.82725759225414,206.66015597403495,198.7462399375685,204.61537170410156,862400,0.0,0
2014-10-16,195.5806733352834,203.1865876841674,191.576652868883,196.5388946533203,1526700,0.0,0
2014-10-17,199.13120626093334,200.03809602452696,196.91531326426067,198.4039764404297,1407600,0.0,0
2014-10-20,197.2147992613898,198.71202674363332,196.23946302371982,197.13780212402344,776000,0.0,0
2014-10-21,197.90779404250435,201.25301778075328,197.90779404250435,200.6284637451172,1208200,0.0,0
2014-10-22,201.0733457763934,201.1161263088298,198.0018810925464,198.0959930419922,758600,0.0,0
2014-10-23,200.63704855123177,202.48505831532242,199.5847150972865,201.3813934326172,611300,0.0,0
2014-10-24,201.7150094243917,203.8881220356893,200.4145569894405,203.43467712402344,286200,0.0,0
2014-10-27,203.314889031426,204.29022504387154,201.44121412612105,203.9822235107422,304300,0.0,0
2014-10-28,205.17147111103301,208.01193144940123,204.52980226945073,207.5841522216797,386700,0.0,0
2014-10-29,207.61832116938064,208.70488381377768,206.13820903647576,207.20765686035156,443800,0.0,0
2014-10-30,206.40346663467992,209.29525824112403,205.84735888949544,208.636474609375,285600,0.0,0
2014-10-31,211.5368083504155,212.19559195491527,210.2705856099671,211.1518096923828,455100,0.0,0
2014-11-03,211.15185425510433,212.51218922614572,210.4246242605089,211.8363037109375,409800,0.0,0
2014-11-04,211.5196907137308,213.80402997944003,211.33146682923478,213.40191650390625,361300,0.0,0
2014-11-05,215.07027724089892,216.62738675830335,213.66716197096716,216.59317016601562,376600,0.0,0
2014-11-06,217.25481707222372,219.17088312784404,215.77695058399877,218.90452575683594,379800,1.08,0
2014-11-07,218.9646337025085,218.9646337025085,216.7220586129562,218.93885803222656,313900,0.0,0
2014-11-10,216.0003388982104,216.75646027686938,212.51189126421008,213.74917602539062,584900,0.0,0
2014-11-11,214.10140541279017,214.14436922999442,210.8019887786783,211.63543701171875,492800,0.0,0
2014-11-12,210.89650358392404,213.26796993823223,210.6129581237039,212.0306854248047,803100,0.0,0
2014-11-13,211.81589098736703,211.99632067415197,209.6076791514553,209.9685516357422,405700,0.0,0
2014-11-14,209.77090798349704,212.23687621134061,209.34988358161738,211.60105895996094,234500,0.0,0
2014-11-17,211.2315947065608,211.33471048705414,209.58188643654205,210.0286865234375,284900,0.0,0
2014-11-18,210.42395657895403,211.58391424652166,208.7656605188163,209.07498168945312,328900,0.0,0
2014-11-19,209.22104976648444,210.37240681164553,207.91502557948726,209.9427947998047,323100,0.0,0
2014-11-20,209.10929659595695,211.73851938389666,209.10929659595695,210.39813232421875,311700,0.0,0
2014-11-21,211.9791389741103,213.9037921631637,211.9791389741103,213.26797485351562,516900,0.0,0
2014-11-24,213.94673134665547,215.69954217210622,212.72663509459085,215.5363006591797,362600,0.0,0
2014-11-25,215.10670841290954,215.32151438771342,213.3796599846278,214.15296936035156,299200,0.0,0
2014-11-26,213.9811310937796,214.21312523600142,211.97915078697048,212.3657989501953,329200,0.0,0
2014-11-28,212.95004293537,213.80926681400922,210.79339571984332,211.0941162109375,290000,0.0,0
2014-12-01,210.43256517182388,210.77624954743808,208.03532273100785,208.3274688720703,555400,0.0,0
2014-12-02,207.08152624282368,209.87400363226277,205.95594514664108,209.7966766357422,592500,0.0,0
2014-12-03,210.18335597435035,213.57730102539062,209.62486565772483,213.57730102539062,798600,0.0,0
2014-12-04,213.42263086971442,215.75113348241754,212.0650554907086,215.29574584960938,444500,0.0,0
2014-12-05,216.34399434728095,218.663909519572,216.10341268819727,217.2375946044922,561200,0.0,0
2014-12-08,216.26664818096253,217.77889060206894,214.58257671655073,214.90907287597656,538800,0.0,0
2014-12-09,213.39685891686335,214.50525203414503,212.460307965965,214.34201049804688,267200,0.0,0
2014-12-10,213.68041228592014,213.69760043640858,207.14171731647056,208.49069213867188,517500,0.0,0
2014-12-11,207.9751354732815,212.34858172234001,207.31352943791276,211.5065460205078,466000,0.0,0
2014-12-12,211.73858901612792,214.7716621559499,210.0029657710074,211.34335327148438,673500,0.0,0
2014-12-15,211.72134269478218,213.20779621877574,208.6625080212956,209.7966766357422,431300,0.0,0
2014-12-16,209.581939747319,214.14441759553873,208.2931036043996,209.84829711914062,323700,0.0,0
2014-12-17,209.8740367775192,210.6988975361531,207.9321953752776,209.66783142089844,712200,0.0,0
2014-12-18,211.57527321024259,216.78216733999628,211.57527321024259,216.72201538085938,568700,0.0,0
2014-12-19,217.52977160277902,224.74726216731474,217.22905102345658,221.51657104492188,881700,0.0,0
2014-12-22,221.61101775830187,222.5647436060461,220.07299978845037,221.8687744140625,377200,0.0,0
2014-12-23,222.71941286068414,223.30370502282827,221.0439420405736,221.50790405273438,609500,0.0,0
2014-12-24,221.55089586873558,222.02345854224654,220.3737632786094,220.80337524414062,158900,0.0,0
2014-12-26,221.6797698331914,222.65929768153285,220.59713931058937,220.8978729248047,133200,0.0,0
2014-12-29,220.64009723363878,223.11466608847002,220.64009723363878,222.41867065429688,294400,0.0,0
2014-12-30,221.99769845627765,222.89129874931012,220.64871049667352,221.2415771484375,319600,0.0,0
2014-12-31,221.88597587287538,222.53899444047045,218.6810743343665,219.00758361816406,445100,0.0,0
2015-01-02,219.9785063671384,220.79477960868644,217.66720495329733,219.2911376953125,314300,0.0,0
2015-01-05,217.98510333353417,218.53500611147695,213.2421836795799,213.9295654296875,394100,0.0,0
2015-01-06,214.40213465260035,214.75441959149217,208.65392477288464,210.89649963378906,427300,0.0,0
2015-01-07,211.36910152023304,212.2884774825915,208.88594471379395,211.08555603027344,339500,0.0,0
2015-01-08,212.55487488730904,215.8628800056119,212.55487488730904,215.78555297851562,453000,0.0,0
2015-01-09,215.40744044354122,215.47617993244455,212.1252117903884,213.28515625,335900,0.0,0
2015-01-12,213.98111334196167,214.7630102340793,209.73655830771486,210.63873291015625,367500,0.0,0
2015-01-13,212.09083554024946,213.07035031359658,207.35651632085788,209.1694793701172,399500,0.0,0
2015-01-14,207.8634558501497,208.79141928693323,206.21374744388467,207.8462677001953,753800,0.0,0
2015-01-15,208.8172410917468,210.33807148615236,204.28912621603396,204.42660522460938,489900,0.0,0
2015-01-16,204.42654795903144,207.57989808708882,201.9519789407497,207.32212829589844,654300,0.0,0
2015-01-20,207.93218697548107,209.45301697270733,206.05048450802965,208.45631408691406,365200,0.0,0
2015-01-21,207.21047129189,212.20256083426585,206.99566528328023,209.8139190673828,470500,0.0,0
2015-01-22,210.69885967950225,211.47215584932448,208.9460357988571,210.64730834960938,404800,0.0,0
2015-01-23,209.22100158666836,212.82115151455997,209.22100158666836,211.3604736328125,791900,0.0,0
2015-01-26,203.13774575868388,207.8291147810695,200.62881313769992,201.75439453125,1164100,0.0,0
2015-01-27,198.10266060848127,200.49990263538126,196.7966366073566,199.0649871826172,672800,0.0,0
2015-01-28,199.9929571502736,200.1390236450316,197.0887891832743,198.5150909423828,698800,0.0,0
2015-01-29,198.9018036995409,203.50724567945846,198.59248248034046,202.70816040039062,660400,0.0,0
2015-01-30,201.3334082927561,204.80466807575672,200.43122031682415,202.63941955566406,673100,0.0,0
2015-02-02,200.84361268255304,207.08157428601152,200.44836386855812,206.65196228027344,563700,0.0,0
2015-02-03,207.79475069011716,210.71612046129866,207.73461182141682,210.14044189453125,472300,0.0,0
2015-02-04,208.12122760129367,208.31884544010651,202.94869571690973,205.49200439453125,1554100,0.0,0
2015-02-05,206.84710940507128,208.35757237472708,205.39707127589384,207.16647338867188,833300,1.08,0
2015-02-06,206.75217639543533,209.54006910613938,206.75217639543533,207.4081573486328,506700,0.0,0
2015-02-09,206.4328004704432,208.75459978266113,204.88781853412746,205.9667205810547,508800,0.0,0
2015-02-10,206.85571361306472,207.14917177890598,204.2663489658284,206.18247985839844,446100,0.0,0
2015-02-11,205.1899098734921,206.26018548009486,203.31693743958078,205.0777130126953,889000,0.0,0
2015-02-12,204.35268257435374,205.0690751434233,198.9581721176776,202.238037109375,1278100,0.0,0
2015-02-13,202.30706458632585,204.23182200282508,202.26390587371944,202.7213592529297,663700,0.0,0
2015-02-17,202.77318172709454,203.74851349655177,200.06298002143643,201.83238220214844,800500,0.0,0
2015-02-18,202.26392031197045,205.2934856726567,202.15172345541274,203.3946075439453,711400,0.0,0
2015-02-19,203.49819164639288,204.3613132817101,202.41064995697099,203.3083038330078,528700,0.0,0
2015-02-20,202.5832616580702,205.63007962877037,201.32309841970232,205.54376220703125,608800,0.0,0
2015-02-23,204.43900088842616,205.22444477514006,203.11842577657129,203.84344482421875,487700,0.0,0
2015-02-24,203.69670632821206,205.67324908202127,202.86810376182342,205.00001525878906,579500,0.0,0
2015-02-25,204.70655062929617,207.95188314108884,203.26513912125833,206.79530334472656,555200,0.0,0
2015-02-26,206.76081076076852,207.7447689952402,205.78547900223185,207.47720336914062,559200,0.0,0
2015-02-27,207.27005730986946,207.97782346926533,204.482177734375,204.482177734375,762900,0.0,0
2015-03-02,204.4821516895943,206.6313161526419,203.69670783328957,206.4586944580078,546500,0.0,0
2015-03-03,205.8545153881436,208.4179877654603,204.9568746589034,208.2626190185547,694600,0.0,0
2015-03-04,205.80271989670265,206.05301937005794,201.20228011036681,203.6967010498047,1158800,0.0,0
2015-03-05,204.31814484020651,206.41552399249883,203.23061637274276,205.45745849609375,540200,0.0,0
2015-03-06,203.86931662889378,204.1627748082234,202.54874165172032,203.06661987304688,483500,0.0,0
2015-03-09,203.3082842943427,204.8877983155991,202.58326535119906,203.54995727539062,520800,0.0,0
2015-03-10,201.59068671970076,202.58328450086557,198.69059750279854,198.7510223388672,946600,0.0,0
2015-03-11,198.51795797875232,200.66713539552973,196.9211778312821,200.39093017578125,974100,0.0,0
2015-03-12,201.11592859828642,202.00494265706885,198.64740067200623,199.99388122558594,602200,0.0,0
2015-03-13,199.22573698501895,200.40820938007514,197.99146623023546,199.13941955566406,665000,0.0,0
2015-03-16,200.16654787022048,202.11719808580202,199.19984265268835,201.97909545898438,445900,0.0,0
2015-03-17,200.32192046243168,202.85950047242622,199.36385480907032,202.38478088378906,510200,0.0,0
2015-03-18,201.9618440144639,206.58817668582614,200.39958273104713,205.77684020996094,704200,0.0,0
2015-03-19,204.62028820635726,205.4143586693554,202.64373194035903,204.6116485595703,533100,0.0,0
2015-03-20,205.48337702866704,205.7509426322743,203.54997979618292,203.826171875,1248500,0.0,0
2015-03-23,202.19486230207377,202.3243384448459,200.40820742949487,201.5993194580078,645600,0.0,0
2015-03-24,201.56477338166923,203.92109151223363,201.56477338166923,202.15170288085938,535300,0.0,0
2015-03-25,203.44645634703295,204.1801020148512,202.1517735765598,202.68690490722656,606300,0.0,0
2015-03-26,202.35025397264423,203.09253916334993,201.40945447808465,202.25531005859375,504000,0.0,0
2015-03-27,202.08265883197453,202.98892595075088,201.2626827985063,202.4883270263672,382900,0.0,0
2015-03-30,203.39458864312192,205.58692476247418,202.79040619021805,204.9827423095703,395200,0.0,0
2015-03-31,204.38724066700917,204.5598623894173,202.63510450268996,203.53274536132812,500100,0.0,0
2015-04-01,202.73003596390262,203.5068402520863,199.6486850690431,200.1406707763672,782300,0.0,0
2015-04-02,200.1406258833054,201.58203726729087,198.38849021970583,198.88046264648438,609400,0.0,0
2015-04-06,197.48228822744457,203.94706266169572,196.8349468192494,202.96310424804688,560800,0.0,0
2015-04-07,201.80652014045154,202.78185205749227,200.451425667671,200.98655700683594,513200,0.0,0
2015-04-08,200.52905988435361,203.3083127252485,200.52905988435361,202.238037109375,498400,0.0,0
2015-04-09,201.10733656333227,203.3773506282721,199.6486589248055,202.70411682128906,530900,0.0,0
2015-04-10,203.109802487394,203.67082631802418,201.61659248060525,202.5832977294922,340300,0.0,0
2015-04-13,203.23063309825767,204.9050780659116,202.61781092103507,202.799072265625,527300,0.0,0
2015-04-14,204.26638628505424,206.01852229618214,202.96306407890847,205.55242919921875,627400,0.0,0
2015-04-15,205.75955831038976,209.12572729234532,205.1553758226273,208.72869873046875,843600,0.0,0
2015-04-16,215.86676159151338,218.25759943010954,208.41801644513933,208.7632598876953,1883400,0.0,0
2015-04-17,207.07155032541044,209.18619606181565,205.21583058800707,206.57093811035156,1154500,0.0,0
2015-04-20,207.82243415464083,208.2281023921912,205.64736386376103,206.242919921875,710500,0.0,0
2015-04-21,207.26997708890448,210.5757337050069,206.95925285117144,209.74713134765625,943600,0.0,0
2015-04-22,210.5671535746125,211.594257226597,208.27124693330242,210.126953125,709100,0.0,0
2015-04-23,209.78170215944647,212.54368857490982,209.03941707558536,210.8433380126953,695200,0.0,0
2015-04-24,211.64604452071356,213.40680671653467,210.61028810767655,213.27734375,590400,0.0,0
2015-04-27,214.54617692478897,216.75576646877886,212.55235464529605,215.29708862304688,764500,0.0,0
2015-04-28,215.14171049870887,215.75453270144212,212.7249802715152,215.081298828125,540700,0.0,0
2015-04-29,214.38216100426533,216.85068946576513,212.043095523012,215.8926239013672,564300,0.0,0
2015-04-30,215.30572665355035,216.6953532543329,213.79526352966468,214.4253387451172,710200,0.0,0
2015-05-01,214.93452981932512,216.505404175387,213.48447878200153,214.865478515625,477900,0.0,0
2015-05-04,214.92594126532848,215.7286513377399,214.18365603683944,214.79647827148438,427300,0.0,0
2015-05-05,214.18365361999219,215.6941166586951,211.74965717183966,212.31932067871094,462300,0.0,0
2015-05-06,212.90620280860247,213.67438050333064,211.36122094444235,212.4142303466797,442200,0.0,0
2015-05-07,211.8678943948197,213.62840017304748,210.28083491941692,213.17742919921875,416400,1.17,0
2015-05-08,215.06802787869233,217.02799622755904,215.06802787869233,216.08270263671875,530600,0.0,0
2015-05-11,215.51895299902353,216.94123362832974,214.33083211939464,215.7791290283203,389100,0.0,0
2015-05-12,215.01595999241164,218.36352487493627,214.56500230168007,217.8865509033203,446600,0.0,0
2015-05-13,216.7331687707598,218.4589775939316,210.7491712242206,213.28152465820312,962800,0.0,0
2015-05-14,213.9406128975352,215.59705357232613,213.30752792523526,214.244140625,507500,0.0,0
2015-05-15,214.27016769505562,215.24147758481692,211.6771011170121,213.3855743408203,486700,0.0,0
2015-05-18,213.533036296227,214.3482486040989,212.2408366557592,213.69781494140625,361300,0.0,0
2015-05-19,214.1314058569694,214.33953612920004,212.5443463656868,213.48097229003906,306800,0.0,0
2015-05-20,212.93455708155605,214.20073996959024,212.65704570184423,213.3421630859375,305700,0.0,0
2015-05-21,213.11671785500522,214.59103120193393,212.4662843284393,213.862548828125,506500,0.0,0
2015-05-22,213.81922611849188,214.56505723871376,213.082062683083,213.2988739013672,239500,0.0,0
2015-05-26,213.34215853553005,213.34215853553005,211.2954608755399,212.40553283691406,472700,0.0,0
2015-05-27,212.8738693805005,213.3248270532293,211.0873343547727,212.9432373046875,333100,0.0,0
2015-05-28,212.2407692110734,212.68307243034008,210.79247230368227,212.18006896972656,335800,0.0,0
2015-05-29,212.77853014618628,213.37691797942338,207.86992109835302,208.42495727539062,552000,0.0,0
2015-06-01,208.8672191115614,210.43692996694526,207.73113062432137,209.0059814453125,478900,0.0,0
2015-06-02,208.6243961560057,210.835872927988,208.47696613562084,209.8385467529297,295900,0.0,0
2015-06-03,210.5496685044934,211.1567371516126,209.30951492774304,210.66241455078125,313500,0.0,0
2015-06-04,209.46556717291662,210.1506977520159,207.09799334631654,207.48825073242188,390800,0.0,0
2015-06-05,207.79183012665106,209.40490575693573,206.55166335598904,209.0926971435547,470000,0.0,0
2015-06-08,208.52029084474754,209.85584168763037,207.57499741982315,207.6964111328125,341700,0.0,0
2015-06-09,207.99996042181877,210.64505933667323,207.77448156942762,209.44825744628906,487000,0.0,0
2015-06-10,209.66508668144277,211.6510845759733,209.01465311681662,210.12472534179688,422000,0.0,0
2015-06-11,210.56700255193513,211.49494744130917,209.55232790477893,211.03530883789062,461200,0.0,0
2015-06-12,210.384901089327,210.393582006029,205.84921474427532,206.53433227539062,635500,0.0,0
2015-06-15,204.84320358230386,206.30884930047645,203.1780952805239,205.46762084960938,585600,0.0,0
2015-06-16,204.55702954129808,206.91593648823425,204.0193419925322,206.29151916503906,474400,0.0,0
2015-06-17,206.803196385948,208.52033734777365,206.46497145054136,208.12139892578125,519800,0.0,0
2015-06-18,208.7978022463236,211.76377714935907,207.87852510032516,211.0699920654297,549000,0.0,0
2015-06-19,210.7404451592108,211.64237375214174,209.55232425031352,210.03797912597656,821000,0.0,0
2015-06-22,211.41693194219016,212.20612786992294,210.50632227427582,211.7117919921875,398100,0.0,0
2015-06-23,212.28413702589847,213.22943048575803,212.0933421508494,212.83050537109375,526800,0.0,0
2015-06-24,212.74378412600635,213.34218505504262,211.0960245753266,211.2868194580078,319800,0.0,0
2015-06-25,211.33885053323758,211.59034565876453,207.42756869889135,207.73110961914062,536500,0.0,0
2015-06-26,207.54904473708157,209.15343977654507,207.16745488416078,208.42495727539062,664900,0.0,0
2015-06-29,207.5143347160524,207.96530571738865,204.88658403031206,205.2855224609375,595700,0.0,0
2015-06-30,206.96796431542748,207.5750462563055,204.95596327922297,205.2334747314453,568200,0.0,0
2015-07-01,206.83788348667008,207.04602700126642,205.01666412499185,205.27684020996094,577600,0.0,0
2015-07-02,206.0486988220423,206.39560469868442,203.09139073506043,204.2361602783203,554900,0.0,0
2015-07-06,202.7531743637251,204.513693641901,201.98132695102532,202.8225555419922,592600,0.0,0
2015-07-07,203.1000312563172,206.09202271930675,201.63438564764638,205.51963806152344,874300,0.0,0
2015-07-08,204.19277586241066,205.11205318966506,202.78784358740714,203.27349853515625,714400,0.0,0
2015-07-09,205.51966393279363,207.05469089622565,204.4095916748047,204.4095916748047,441900,0.0,0
2015-07-10,206.07467282620152,206.72510632420506,204.15806952928907,205.10336303710938,619600,0.0,0
2015-07-13,206.1093453477497,208.1386944426208,204.92121130179717,206.40420532226562,425700,0.0,0
2015-07-14,205.3722101382313,205.97927876638306,201.6430553751511,202.3021697998047,1017200,0.0,0
2015-07-15,201.74720022480852,202.29355555365544,199.379611945076,200.14279174804688,808200,0.0,0
2015-07-16,201.7817984191856,202.36285071011818,200.39421500643837,201.51295471191406,770200,0.0,0
2015-07-17,198.81587233148556,203.34289129011376,197.02066922615464,202.3802490234375,1071100,0.0,0
2015-07-20,202.28484358346194,205.7017901111289,202.1460812436438,203.88925170898438,667100,0.0,0
2015-07-21,203.65508718225308,204.94728662970985,198.94594128653048,199.4142608642578,592300,0.0,0
2015-07-22,199.14541170843938,199.46628802414568,192.24213783077693,194.86988830566406,1235600,0.0,0
2015-07-23,194.71378048573325,197.83585341354282,194.34953930581065,196.1533966064453,1110700,0.0,0
2015-07-24,196.39628317012898,197.13343338510649,195.13876749597256,195.79788208007812,596800,0.0,0
2015-07-27,194.41893666196572,196.56103241792985,194.22815497674307,195.88458251953125,587500,0.0,0
2015-07-28,195.88456780650978,197.26349701869376,195.67643753531578,195.95394897460938,477600,0.0,0
2015-07-29,195.90186075312013,197.46290350912278,194.86983767462115,196.82981872558594,697100,0.0,0
2015-07-30,194.81785659304347,196.6043786284893,192.36355240688584,195.13873291015625,832600,0.0,0
2015-07-31,196.50898159922514,199.46628932560637,195.43360659552613,198.34754943847656,539100,0.0,0
2015-08-03,197.11606621167405,198.1654382499184,194.17610684748743,195.0,461700,0.0,0
2015-08-04,195.54634461212748,197.46296135265285,194.99998941230652,196.1100616455078,414600,0.0,0
2015-08-05,197.31548869785826,197.88786005813705,194.91321752850092,196.9078826904297,553400,0.0,0
2015-08-06,197.57044572624716,198.424744143213,195.7659573035587,197.0735626220703,438100,1.17,0
2015-08-07,196.6812452637657,198.13704406956646,196.0361685687489,196.97764587402344,377200,0.0,0
2015-08-10,198.16317591225362,201.36244772871586,197.31759032216019,201.2839813232422,403700,0.0,0
2015-08-11,199.18314211802743,200.4035682922312,197.4745321724945,198.79957580566406,486600,0.0,0
2015-08-12,197.60526981445273,201.37989134157814,197.12582526823869,200.8568572998047,724300,0.0,0
2015-08-13,198.75598861529224,200.62150481847513,196.06232511987523,196.89047241210938,734500,0.0,0
2015-08-14,197.18685448392412,198.6339407128335,195.05981463933878,195.94898986816406,714900,0.0,0
2015-08-17,195.16446090896144,197.91913939637433,194.43219180565728,197.41354370117188,733300,0.0,0
2015-08-18,196.70738748303157,198.581629430463,196.60278333212918,197.64886474609375,338700,0.0,0
2015-08-19,197.23044193266628,197.997574537926,195.225444724513,196.663818359375,378000,0.0,0
2015-08-20,194.9813709381854,197.70118553222926,194.67627103529608,195.3039093017578,504700,0.0,0
2015-08-21,194.59782893205258,195.82698118167957,191.39855603176974,191.6513671875,731900,0.0,0
2015-08-24,185.5927521592328,191.2241775202719,169.48306044814498,185.8194122314453,1069500,0.0,0
2015-08-25,190.40472671267486,190.40472671267486,185.95887756347653,185.95887756347656,1026900,0.0,0
2015-08-26,189.3237750035245,190.04731807938094,186.95266335589258,189.7509307861328,763800,0.0,0
2015-08-27,191.9303123056061,195.5131515084102,190.54425382246095,195.04241943359375,738300,0.0,0
2015-08-28,194.38860051174404,195.8443994216571,193.56043988191914,194.59780883789062,569200,0.0,0
2015-08-31,193.80452759180315,195.61772839134863,192.24411130444688,194.78086853027344,520500,0.0,0
2015-09-01,191.50310660481705,195.15568540563348,189.82066120487508,190.68368530273438,997600,0.0,0
2015-09-02,193.7260697976841,194.97266036722837,191.39853408431915,194.4234619140625,768800,0.0,0
2015-09-03,192.47949754180084,195.18187377336855,190.9190811443367,192.38360595703125,824500,0.0,0
2015-09-04,190.67497330421375,191.52055900565094,189.3412171569256,190.38729858398438,621500,0.0,0
2015-09-08,193.49941042972395,196.3761444091797,193.15072104503426,196.3761444091797,484700,0.0,0
2015-09-09,198.0324056597756,198.0585566941503,193.9526846775804,194.283935546875,799400,0.0,0
2015-09-10,194.37116833030402,195.9315714537029,192.26156672973042,194.05734252929688,538400,0.0,0
2015-09-11,193.35125233683786,194.38862140430402,192.30517068872865,193.46456909179688,537200,0.0,0
2015-09-14,193.4645052706545,193.5429716771564,186.41215907679003,190.16062927246094,800400,0.0,0
2015-09-15,190.5180718314452,194.30140618287342,189.97758599435022,193.5517120361328,613200,0.0,0
2015-09-16,193.20302710005274,195.1557089771507,193.20302710005274,193.90040588378906,640000,0.0,0
2015-09-17,193.211801836783,194.3973647728449,190.17816058631504,190.62274169921875,672200,0.0,0
2015-09-18,188.50433774626637,188.7048334510521,186.49934079347216,186.7695770263672,896700,0.0,0
2015-09-21,186.80444063959902,188.29511616193847,185.9065529553659,186.7695770263672,601800,0.0,0
2015-09-22,184.6861680461003,186.5603969374449,183.68367599754828,185.38356018066406,551800,0.0,0
2015-09-23,185.4968552100997,186.32501575512373,182.93396036569715,183.83184814453125,595200,0.0,0
2015-09-24,181.80069265982587,186.67369765298423,181.40841380253457,186.00245666503906,686500,0.0,0
2015-09-25,186.778323552817,187.510592580238,184.89538215820764,186.35118103027344,685200,0.0,0
2015-09-28,184.90409912111974,187.23163485570677,183.84929170650318,184.6077117919922,719700,0.0,0
2015-09-29,184.66002667495783,185.8107124508442,182.82066130827832,184.7471923828125,717600,0.0,0
2015-09-30,186.69985797056512,189.78581351150015,182.5155189142864,187.43211364746094,968200,0.0,0
2015-10-01,186.5604170798303,188.05980567545004,180.990018585032,182.59402465820312,1288000,0.0,0
2015-10-02,181.05100484030677,187.56287932279744,177.9476241882011,187.5541534423828,1057600,0.0,0
2015-10-05,188.60024043247628,191.8169376832329,188.22538673448736,191.6251678466797,602700,0.0,0
2015-10-06,191.72105855226005,197.20429020185568,191.72105855226005,195.03366088867188,760700,0.0,0
2015-10-07,196.22796571263558,198.89547828361415,195.05111567172227,198.61651611328125,627600,0.0,0
2015-10-08,198.1283775299971,202.80088822250192,198.0150474673389,201.7548065185547,652600,0.0,0
2015-10-09,201.37120719724868,203.11468085263613,198.84317571759624,199.8020782470703,739000,0.0,0
2015-10-12,199.64517091222783,199.64517091222783,195.50442100330332,196.21923828125,934000,0.0,0
2015-10-13,194.336250819417,197.0560782939856,191.92154980378982,194.11831665039062,1098100,0.0,0
2015-10-14,193.70864054284007,195.52184138477944,191.7123558181854,193.04611206054688,942400,0.0,0
2015-10-15,193.62147868341927,194.214253376215,189.83814382180185,193.2030487060547,1198000,0.0,0
2015-10-16,184.06726919058417,189.21923824782286,177.7471757015644,181.0161895751953,2539200,0.0,0
2015-10-19,180.17055467941358,181.7484094541439,174.64374658311613,176.05596923828125,1833700,0.0,0
2015-10-20,174.81811727159638,178.87170195812186,173.4233461711117,175.8729248046875,1058400,0.0,0
2015-10-21,175.96006589200653,178.27016292712713,173.60636605800804,175.8031463623047,977500,0.0,0
2015-10-22,176.97127666772286,185.86300235191766,176.16056785742782,182.55911254882812,1328300,0.0,0
2015-10-23,182.68986362757224,184.04977072915443,179.7956914459312,181.1904754638672,853500,0.0,0
2015-10-26,181.3474083207188,182.66372612103632,179.47317949160433,179.82186889648438,538000,0.0,0
2015-10-27,178.02611929419393,179.1419415154134,176.204192278477,176.4918670654297,831400,0.0,0
2015-10-28,177.22407998350383,181.4868720638842,176.4307963662975,180.70230102539062,1018100,0.0,0
2015-10-29,180.5540899151405,182.66369100287233,179.09829131209753,181.5653076171875,509100,0.0,0
2015-10-30,182.0099204037272,183.92775200277435,181.52174992456898,183.06472778320312,866500,0.0,0
2015-11-02,183.09084329766895,184.72098653891214,180.24026079368588,184.0497589111328,595300,0.0,0
2015-11-03,184.65999509648137,185.28764661295796,182.89037057969648,183.98004150390625,753700,0.0,0
2015-11-04,184.6600193192837,186.5255356541743,183.03858823930224,183.63136291503906,701900,0.0,0
2015-11-05,183.76283214023988,185.62123169079865,181.15931249580026,183.89431762695312,763600,1.17,0
2015-11-06,183.0352953715365,186.1297128034635,181.32591672125636,186.00698852539062,623800,0.0,0
2015-11-09,184.97256388539438,185.20048992792758,181.41354688462764,182.99143981933594,458100,0.0,0
2015-11-10,183.2281277620215,185.98943037572866,181.5888660019887,184.9112091064453,717700,0.0,0
2015-11-11,185.00763238790563,186.47156227589971,182.80734355922024,185.12158203125,600500,0.0,0
2015-11-12,183.60504572525056,185.9718782407103,174.52341090313467,175.17210388183594,1879900,0.0,0
2015-11-13,174.44452329043042,176.1714374805165,172.32313923542853,172.7000732421875,1278000,0.0,0
2015-11-16,172.6913458932325,175.03188181875345,172.1741516715959,173.8134002685547,750400,0.0,0
2015-11-17,173.48024553141002,174.3217928056388,168.74658056970097,169.4127960205078,927500,0.0,0
2015-11-18,170.2806859828184,174.12898512069995,169.7196587751071,173.787109375,729000,0.0,0
2015-11-19,173.65562668033522,174.10269085478984,172.26181319349396,173.83970642089844,540000,0.0,0
2015-11-20,174.55847453060338,176.2503168902612,173.97115039339855,174.61106872558594,515400,0.0,0
2015-11-23,174.30429589470845,174.99682197451892,173.08581435493298,173.62054443359375,484200,0.0,0
2015-11-24,172.7877833913898,174.8828708834774,172.69135621075213,173.97120666503906,485900,0.0,0
2015-11-25,174.48833935882956,174.98799757244274,173.16465640288902,174.1639862060547,255300,0.0,0
2015-11-27,174.61985810106327,175.3123841157536,172.62995935598985,175.0143280029297,312800,0.0,0
2015-11-30,175.05813388375032,176.2415567822212,174.22536124731587,175.7944793701172,606600,0.0,0
2015-12-01,175.4000474274018,177.22338905613563,175.20719308559728,176.7587890625,574800,0.0,0
2015-12-02,176.4519642547345,177.38993882089667,174.49713719164947,174.93544006347656,633100,0.0,0
2015-12-03,175.73314068714876,176.49578334387985,172.58612952502318,174.2692108154297,800400,0.0,0
2015-12-04,174.33935186565463,176.30294014028507,173.17346463962184,176.0750274658203,699000,0.0,0
2015-12-07,175.38250085998658,175.38250085998658,172.778980979068,173.94485473632812,793800,0.0,0
2015-12-08,172.44589147276164,173.44522153481148,169.90374004107395,170.99072265625,830100,0.0,0
2015-12-09,169.93879317542138,173.1822318123624,168.69401460128478,169.29010009765625,1450200,0.0,0
2015-12-10,169.58815898425846,171.18357453802034,168.5186988695196,170.47352600097656,587700,0.0,0
2015-12-11,168.5888317671696,170.36834044883,166.20446295092597,167.28268432617188,921300,0.0,0
2015-12-14,167.60702933674864,170.71022141578237,166.38854778759915,170.1754913330078,1360900,0.0,0
2015-12-15,170.30697712745365,171.77090723733878,168.50117128383417,170.56996154785156,624600,0.0,0
2015-12-16,171.98996243949338,172.8841036180733,169.62313073236842,172.5071563720703,511900,0.0,0
2015-12-17,172.4458275231839,172.4458275231839,169.6143956267042,170.80657958984375,784000,0.0,0
2015-12-18,169.88618768350813,171.36765345969621,168.9219160611545,170.00013732910156,1608200,0.0,0
2015-12-21,171.5517139366816,172.25300109469788,169.82479982764175,172.1390380859375,484700,0.0,0
2015-12-22,171.68317166815572,177.7229822943616,171.68317166815572,177.03045654296875,897200,0.0,0
2015-12-23,178.77494928284574,181.47489615224953,177.836974864735,180.23011779785156,730900,0.0,0
2015-12-24,180.2651747575921,182.0446830526406,179.88824077065252,180.09861755371094,301500,0.0,0
2015-12-28,178.9590469225313,180.7297941681195,177.99478868554309,179.1519012451172,411300,0.0,0
2015-12-29,180.02852988779836,181.40480742206472,179.25712587506,180.17755126953125,372400,0.0,0
2015-12-30,180.17747695404017,181.2031170936604,179.37100155121118,179.44113159179688,263000,0.0,0
2015-12-31,178.70486111810288,179.94963976427957,177.28476398496133,177.59156799316406,494100,0.0,0
2016-01-04,174.92668034556718,177.1883247890144,173.36632317834227,177.17955017089844,705100,0.0,0
2016-01-05,177.71426894355093,178.3278902553511,173.35753756585757,175.04061889648438,730600,0.0,0
2016-01-06,173.05077021024601,176.31174515824097,172.095273010007,174.4884033203125,727100,0.0,0
2016-01-07,172.84911743883455,174.2692278665174,170.14040884905467,172.8052978515625,544100,0.0,0
2016-01-08,173.69064741478624,174.29550746896416,170.39461490151223,170.75401306152344,722900,0.0,0
2016-01-11,170.20176097887963,170.35954357984508,164.59147663626007,165.78366088867188,1192400,0.0,0
2016-01-12,166.20441715310832,168.20307673129392,162.18956214052457,164.49502563476562,1166300,0.0,0
2016-01-13,165.37164982615954,167.7998512117039,162.0756174113695,162.69801330566406,868200,0.0,0
2016-01-14,162.7155741611035,167.2914577840512,160.85717403295934,165.64344787597656,693900,0.0,0
2016-01-15,162.39120204169078,166.49371019913437,160.88343920367103,166.04664611816406,1337400,0.0,0
2016-01-19,166.91449993311937,168.29076397103825,161.86524237759053,163.55709838867188,786400,0.0,0
2016-01-20,162.26847547424208,162.55775694932387,155.02771748369335,160.22598266601562,1140100,0.0,0
2016-01-21,160.50648212367432,163.50447151017647,159.5422106648845,162.63662719726562,843900,0.0,0
2016-01-22,164.63534033992593,166.97587632291666,161.88279854288638,164.1269073486328,1095700,0.0,0
2016-01-25,164.08302100951113,164.24957820475115,160.1996648297123,162.63662719726562,1058800,0.0,0
2016-01-26,172.43706480304272,172.69127449938046,160.04186421411453,163.04861450195312,1494400,0.0,0
2016-01-27,163.7235981314918,165.39790431892885,160.4187919509556,162.27719116210938,1071700,0.0,0
2016-01-28,162.92592379741097,168.86054768948517,162.6103452338871,168.466064453125,1051200,0.0,0
2016-01-29,169.2550988210305,173.01573291415272,169.2550988210305,172.41964721679688,1022400,0.0,0
2016-02-01,171.25367766168026,174.44452164313003,169.73715365597567,173.304931640625,826500,0.0,0
2016-02-02,171.07837554272575,171.55173674615924,168.22063233463405,169.12353515625,448500,0.0,0
2016-02-03,171.1397543884465,174.3568962159549,166.17817550003875,173.26113891601562,784700,0.0,0
2016-02-04,177.5732510714366,187.5202446846406,175.79197270333833,183.84303283691406,1500900,1.17,0
2016-02-05,183.41973617552668,187.07049384771977,181.59435061163433,183.69309997558594,1204900,0.0,0
2016-02-08,182.39684325093555,187.7671590849507,181.1093851321268,185.46560668945312,1244000,0.0,0
2016-02-09,183.4109391657581,186.97350920885245,181.8412904364807,184.9982147216797,1481900,0.0,0
2016-02-10,186.10930809995077,186.9470397852285,179.78661973697984,179.96298217773438,1116900,0.0,0
2016-02-11,176.85016717649358,181.61202112220926,174.30169114846086,180.21873474121094,912400,0.0,0
2016-02-12,181.85893355668,186.75306950750675,180.2716444029532,186.1446075439453,740600,0.0,0
2016-02-16,187.1233994575919,191.36497866348753,184.9100219293463,188.68423461914062,940200,0.0,0
2016-02-17,190.69482296779213,192.87293369848445,188.8077163561843,190.7918243408203,903800,0.0,0
2016-02-18,192.0087676471522,192.19394354266421,189.78656271184477,190.3421173095703,634300,0.0,0
2016-02-19,189.64541302668925,191.71770858688538,187.22921947332716,191.59425354003906,695600,0.0,0
2016-02-22,192.74066890794862,197.68769866038866,191.9205639283441,194.4690399169922,900600,0.0,0
2016-02-23,194.61890993771144,195.29791942672773,191.78825725744346,192.14979553222656,669400,0.0,0
2016-02-24,189.15163673244166,191.18865220589598,187.29979714443186,190.4479217529297,861200,0.0,0
2016-02-25,191.82352705655043,192.13217140741904,188.46377357947802,191.7970733642578,702800,0.0,0
2016-02-26,193.10220341717778,193.48139549532408,189.8306373444217,192.1939239501953,732100,0.0,0
2016-02-29,192.29972268740894,192.8905442482011,189.63660550208417,191.26797485351562,688900,0.0,0
2016-03-01,193.1286407528628,199.16915215006978,189.77771387399554,197.24676513671875,864700,0.0,0
2016-03-02,196.6470980530571,197.42310884443648,193.5783489003325,194.53953552246094,617000,0.0,0
2016-03-03,194.9805273680138,196.8676342759288,193.64897508881813,195.50962829589844,836300,0.0,0
2016-03-04,194.69829357705655,196.3737705079024,189.75125078066412,195.73004150390625,715200,0.0,0
2016-03-07,195.43022526589246,199.0104357836095,194.78649621337325,197.78469848632812,456800,0.0,0
2016-03-08,197.4055097208192,199.2485222789853,195.80940729218767,198.22560119628906,609000,0.0,0
2016-03-09,199.29261247136625,199.45133464208376,191.87645494607628,193.06692504882812,907600,0.0,0
2016-03-10,193.44612408143837,194.35440359139213,190.47437540065346,192.18511962890625,816700,0.0,0
2016-03-11,193.55190746545256,194.47781358900437,189.35440896149635,191.59425354003906,902800,0.0,0
2016-03-14,191.79708581891902,192.96991559055172,189.8217914473915,191.7353515625,530800,0.0,0
2016-03-15,189.79535179716214,192.4849230171681,188.78125757014678,192.16746520996094,425700,0.0,0
2016-03-16,192.3349917189838,195.1656579562119,190.66834179032543,194.56600952148438,662500,0.0,0
2016-03-17,194.31032031999908,204.58358550288483,192.52021502329634,199.8217315673828,1321600,0.0,0
2016-03-18,200.64178944937248,200.90633983599358,198.58713406629664,198.93104553222656,981200,0.0,0
2016-03-21,198.93104702349635,201.00334270270616,197.68766961597046,200.5712432861328,406000,0.0,0
2016-03-22,200.43017224278066,203.10211669036167,200.34199773962067,201.47073364257812,541700,0.0,0
2016-03-23,201.23263056454329,203.0756431261928,200.58008813050841,202.03509521484375,469800,0.0,0
2016-03-24,201.10038842918823,203.7017720039202,201.10038842918823,202.0703887939453,503300,0.0,0
2016-03-28,202.62592181183675,202.81992455525008,200.50071850345893,201.23263549804688,324600,0.0,0
2016-03-29,200.34205158472878,203.5607111103917,199.80413718518435,203.35789489746094,309700,0.0,0
2016-03-30,204.8569362478638,206.60294745181642,203.03156395636628,205.90631103515625,469700,0.0,0
2016-03-31,205.75641472709827,207.02624602704634,204.4336760322513,205.84458923339844,461600,0.0,0
2016-04-01,203.15497921257477,206.84983050540947,200.1479507881982,206.68228149414062,488900,0.0,0
2016-04-04,206.21492303947178,206.88510565502503,203.34898982422263,203.9309844970703,392300,0.0,0
2016-04-05,204.2837647753122,207.01741663803693,202.39665813185428,206.03858947753906,706100,0.0,0
2016-04-06,204.5394554999694,205.46537511758325,199.56595940444555,205.32427978515625,621800,0.0,0
2016-04-07,204.60123319454271,206.1885223823798,202.0263033812045,202.79348754882812,512500,0.0,0
2016-04-08,204.00159855317798,206.85871928625326,202.71414028645054,203.3843231201172,579800,0.0,0
2016-04-11,204.6982192566323,207.00859845651257,204.58357760132446,204.94512939453125,511100,0.0,0
2016-04-12,202.37014244355169,203.66642702808775,200.1391249652608,202.50241088867188,688500,0.0,0
2016-04-13,203.96628950674926,206.5588592482215,202.7140986126517,206.15321350097656,465400,0.0,0
2016-04-14,206.8322206443101,207.0526770693295,204.80401884301324,206.7616729736328,372300,0.0,0
2016-04-15,207.1143967021929,208.01386267876006,205.2184768399662,207.27313232421875,725600,0.0,0
2016-04-18,207.2291051972425,207.2291051972425,202.37906230964745,204.57481384277344,1157100,0.0,0
2016-04-19,205.43013464868739,206.2590395590923,200.9945387036806,203.0491943359375,1094400,0.0,0
2016-04-20,203.37544960193495,205.0509129187518,201.2502466016885,201.55006408691406,781400,0.0,0
2016-04-21,201.43546958252497,203.53421938136813,200.87992845475637,200.95928955078125,515000,0.0,0
2016-04-22,200.39491282585337,202.77583979207145,200.39491282585337,202.05274963378906,849200,0.0,0
2016-04-25,201.6558968730697,203.15501134431292,201.11799610742133,202.1056365966797,564100,0.0,0
2016-04-26,202.59063140508894,206.9115717447521,202.59063140508894,206.62939453125,500200,0.0,0
2016-04-27,207.22904335706403,210.95916236992525,205.8622108055053,210.51824951171875,585000,0.0,0
2016-04-28,209.4335976590602,211.59406787010897,207.28194086074188,208.07559204101562,941700,0.0,0
2016-04-29,207.08790226766774,207.67872375248172,205.0067934984233,206.80572509765625,852500,0.0,0
2016-05-02,207.02623977733256,207.85515815397494,204.46012355745296,206.74404907226562,640600,0.0,0
2016-05-03,205.62411548526498,206.17966999615237,203.4019243529008,205.30667114257812,366600,0.0,0
2016-05-04,204.42481913771252,204.68935605594058,201.22378787124325,202.01742553710938,503700,0.0,0
2016-05-05,203.95900780648066,208.77296521962987,203.72851044834744,205.90940856933594,644300,1.22,0
2016-05-06,204.49975305725297,206.82250139353047,204.49975305725297,206.10440063476562,539200,0.0,0
2016-05-09,206.0512566973661,206.0512566973661,202.77103542997094,204.42001342773438,530700,0.0,0
2016-05-10,204.783490181876,207.0619088683243,204.10970582464935,205.81187438964844,589300,0.0,0
2016-05-11,205.76757829887737,207.28356619793098,203.70192202313285,204.86329650878906,487200,0.0,0
2016-05-12,204.9785660445967,205.55481626288415,200.1734687386901,201.9199676513672,752700,0.0,0
2016-05-13,201.75148994482336,202.62916274171099,199.47305785736674,200.71421813964844,484000,0.0,0
2016-05-16,200.99798736750373,203.3916621627274,200.48378835513702,202.88633728027344,354400,0.0,0
2016-05-17,202.70010852069834,203.89695239935787,199.83656545631183,200.24436950683594,328100,0.0,0
2016-05-18,199.65041672129377,202.46076958102816,197.5936343548198,199.4908447265625,395100,0.0,0
2016-05-19,196.60951634253803,198.4801309048844,194.49066972214277,196.59178161621094,495100,0.0,0
2016-05-20,197.779775594495,198.56880191774303,196.6095405379137,197.3365020751953,442800,0.0,0
2016-05-23,197.17693015110444,198.480155380384,195.5102173892755,197.76205444335938,301000,0.0,0
2016-05-24,198.79931833907057,201.37916001220287,198.6397328333108,200.5901336669922,335800,0.0,0
2016-05-25,200.59013113107306,201.21072488962858,200.01388095828233,200.6610565185547,301400,0.0,0
2016-05-26,199.99611077874502,202.66462559014371,199.99611077874502,201.7071533203125,365100,0.0,0
2016-05-27,202.08839546414805,202.3632228826728,199.6237957702601,200.2532501220703,399000,0.0,0
2016-05-31,200.01387990185466,202.70897697374892,200.01387990185466,202.44302368164062,733200,0.0,0
2016-06-01,202.0174804339347,202.32777732551256,199.83658217487115,202.283447265625,424900,0.0,0
2016-06-02,202.01744973953143,203.6664276123047,201.93766376043746,203.6664276123047,301400,0.0,0
2016-06-03,203.01923033510857,203.71073580163772,200.51916170409433,201.94650268554688,458600,0.0,0
2016-06-06,200.900424123343,203.0104103952852,199.51741291329603,202.66465759277344,468500,0.0,0
2016-06-07,203.01924965757925,203.87034067380438,202.37207417784904,202.83306884765625,323600,0.0,0
2016-06-08,203.657643987377,205.0051996522524,202.46967386863957,204.44667053222656,521500,0.0,0
2016-06-09,202.88627173170073,204.59730082506078,201.04225248134986,201.39686584472656,388800,0.0,0
2016-06-10,199.47306525730062,200.3241562878903,194.87188438761095,197.2301025390625,1162200,0.0,0
2016-06-13,195.2619512914465,196.42332554560335,191.8398797765161,192.7796173095703,739400,0.0,0
2016-06-14,193.01898246858343,195.6697624365707,192.7884851560925,195.00485229492188,550400,0.0,0
2016-06-15,195.16444456623483,196.81342243040572,194.34882299749685,194.86302185058594,564500,0.0,0
2016-06-16,194.0739857514027,196.97298438385505,192.24770129593517,196.28147888183594,367500,0.0,0
2016-06-17,195.5811070123665,197.1857546947927,194.73001605856575,196.396728515625,661400,0.0,0
2016-06-20,197.69109085773914,200.25321076376028,197.46945414085968,197.5492401123047,436200,0.0,0
2016-06-21,197.832975398087,198.8525126561894,197.0262278366682,197.60247802734375,403300,0.0,0
2016-06-22,197.93044204481217,200.33298992628548,197.54037279957262,198.59535217285156,396500,0.0,0
2016-06-23,200.65218052665765,201.58305756545215,199.69470816055187,200.33302307128906,386800,0.0,0
2016-06-24,194.73000487987335,198.57762838492306,191.67142103632742,192.70867919921875,1128500,0.0,0
2016-06-27,190.26187808278127,192.57576660852754,188.51537917308286,191.68035888671875,673900,0.0,0
2016-06-28,193.58636542672576,194.33106151378144,191.05970156209202,192.70867919921875,472500,0.0,0
2016-06-29,192.37183224812873,195.17331039753924,192.37183224812873,194.24244689941406,583000,0.0,0
2016-06-30,195.5722718686562,201.61851532041936,194.74777613163232,201.46780395507812,778300,0.0,0
2016-07-01,201.0333820811404,205.1735547260445,201.0333820811404,203.6664276123047,541100,0.0,0
2016-07-05,203.5688875078476,203.60435695804247,198.0457043077673,200.16455078125,481100,0.0,0
2016-07-06,198.8347856961816,199.9518301901564,195.13788585317943,198.14328002929688,943400,0.0,0
2016-07-07,198.8347614061848,201.32595632840685,198.30282779157756,199.8631591796875,537200,0.0,0
2016-07-08,201.78696946712154,204.6327913775096,201.13979392479453,204.32249450683594,475800,0.0,0
2016-07-11,200.91813326824715,206.64521880907952,200.91813326824715,205.28880310058594,477100,0.0,0
2016-07-12,202.38982933516058,205.36862810030294,201.9288345880045,204.29591369628906,701400,0.0,0
2016-07-13,204.95194405335695,205.31543159674555,202.84197123683165,204.41116333007812,392400,0.0,0
2016-07-14,206.16651200660178,206.5743160599313,205.05832823267642,205.3242950439453,266500,0.0,0
2016-07-15,206.2994381859444,206.78704163272673,204.7213859600895,205.067138671875,542200,0.0,0
2016-07-18,205.2711379455844,206.26408003357807,201.88453459000414,202.88633728027344,995600,0.0,0
2016-07-19,199.47307501245407,199.47307501245407,192.46048499538418,193.07220458984375,1699900,0.0,0
2016-07-20,192.48710009013158,196.813454223528,190.4480526027166,192.425048828125,943700,0.0,0
2016-07-21,192.42500674048972,193.59524161041108,190.55439224631476,190.84695434570312,535700,0.0,0
2016-07-22,190.60756129607807,193.38245709867206,190.4213805166082,193.12535095214844,898800,0.0,0
2016-07-25,193.05444497242846,194.54385077486828,192.15903748776168,193.53318786621094,503200,0.0,0
2016-07-26,193.53322193108647,195.48362271752586,193.5243478029825,194.5704803466797,464300,0.0,0
2016-07-27,194.82759340734071,195.83825659956304,193.22294525832098,194.42864990234375,296200,0.0,0
2016-07-28,193.9321265896073,195.95345235825073,193.69275514847985,195.2353515625,348600,0.0,0
2016-07-29,194.50838771056263,195.21762794798195,192.4250105772068,194.0207977294922,735100,0.0,0
2016-08-01,193.68393155013575,193.92330303699146,191.910837482594,193.43569946289062,435700,0.0,0
2016-08-02,193.43567970266707,193.43567970266707,190.74944354696174,191.94627380371094,364300,0.0,0
2016-08-03,191.84876379757463,193.15198895897515,190.8469748946753,192.6909942626953,343700,0.0,0
2016-08-04,194.6256777925875,197.7371835432022,193.95701422729277,194.67916870117188,538100,1.22,0
2016-08-05,195.90951803221063,197.3805724644287,195.32109081772526,197.04177856445312,506800,0.0,0
2016-08-08,197.82637247032366,198.80708461486506,196.32857239938446,196.74758911132812,257400,0.0,0
2016-08-09,197.00608565065343,197.12199166928434,195.35671035595263,195.75791931152344,309300,0.0,0
2016-08-10,195.87386735998547,197.72829616482753,195.7133946153725,195.96302795410156,242900,0.0,0
2016-08-11,198.4593267933645,205.36884943701318,197.63908761770108,204.50404357910156,849400,0.0,0
2016-08-12,204.37030247090283,206.929063974917,203.50549661404685,204.1385040283203,516100,0.0,0
2016-08-15,203.924508129948,206.3941088352806,203.76403543917155,205.93942260742188,321900,0.0,0
2016-08-16,205.5382446462603,206.7596792607564,204.67345234232417,205.9483642578125,357400,0.0,0
2016-08-17,205.63630303390377,206.47436343714998,204.86065775191744,205.84136962890625,341700,0.0,0
2016-08-18,205.95725026206756,206.39411527390754,205.0032974944889,206.233642578125,308500,0.0,0
2016-08-19,205.02115387031336,206.91123837385933,204.6645251688936,206.2871551513672,289900,0.0,0
2016-08-22,205.7076295490712,206.49219905363069,204.50404344529656,205.734375,320400,0.0,0
2016-08-23,206.3406576579789,206.79534397336263,205.07465630573867,205.7700653076172,280300,0.0,0
2016-08-24,205.97511343152425,207.4283465285472,204.8160939212357,205.98402404785156,270200,0.0,0
2016-08-25,205.15487554075688,206.34955104897404,204.281159053075,205.8859405517578,313500,0.0,0
2016-08-26,207.16087659512806,209.25602775337137,206.37630703731875,207.4283447265625,581200,0.0,0
2016-08-29,207.38373469227454,209.3273098675424,206.96470452072737,209.27381896972656,342900,0.0,0
2016-08-30,209.30953932544776,209.9871135351883,208.15943032791958,209.05990600585938,343700,0.0,0
2016-08-31,208.2128762860656,208.59625040380405,205.33316951139497,205.6452178955078,618100,0.0,0
2016-09-01,205.8859431985724,205.8859431985724,201.69565464615457,203.8264617919922,538300,0.0,0
2016-09-02,205.32427016671238,205.8859382433565,203.8888720081891,205.24403381347656,247300,0.0,0
2016-09-06,205.35991764443668,206.0285811014222,204.71799963741114,205.42233276367188,362500,0.0,0
2016-09-07,203.0686500733121,203.24695761836418,200.9645883921128,202.96165466308594,566700,0.0,0
2016-09-08,202.7387722368176,204.86957942639316,201.49951640026936,204.59320068359375,508600,0.0,0
2016-09-09,202.27517153493883,203.0240713924794,198.3166814250903,198.32559204101562,905900,0.0,0
2016-09-12,197.42511723028994,200.42073006933887,196.51573111736627,199.9303741455078,550300,0.0,0
2016-09-13,204.24551341180225,204.9231012037594,197.97790796016974,197.99574279785156,635300,0.0,0
2016-09-14,199.22608723194426,201.01810069709813,198.55742366381287,199.6986083984375,432900,0.0,0
2016-09-15,199.32412487061399,203.78188124089394,198.0759449245399,203.22019958496094,560800,0.0,0
2016-09-16,201.6421992180216,202.4535143403179,191.86187826707646,194.5632781982422,1640500,0.0,0
2016-09-19,195.3121178489939,197.68363357975008,195.14272095308468,196.64944458007812,656700,0.0,0
2016-09-20,197.35380850927737,197.41621003005753,193.10110473632812,193.10110473632812,415200,0.0,0
2016-09-21,193.46664942991217,195.00011889159322,192.3343753683698,194.73265075683594,509300,0.0,0
2016-09-22,196.3017789338612,197.44297723114056,195.71336535425738,196.5870819091797,353300,0.0,0
2016-09-23,196.15911640667574,196.77428896642667,193.02085209240636,193.08326721191406,541100,0.0,0
2016-09-26,191.77269504272445,193.8589218738452,191.28233909421482,193.0386962890625,494200,0.0,0
2016-09-27,193.03869638754784,194.85745510186453,192.6196661771525,194.3938446044922,333600,0.0,0
2016-09-28,194.66129825467854,195.66875552870906,192.72663365880913,195.49044799804688,337300,0.0,0
2016-09-29,195.454819071335,198.12056278377383,195.20518575557432,196.42662048339844,448600,0.0,0
2016-09-30,197.7015001376983,201.7580612604204,197.21114420348033,200.45639038085938,491300,0.0,0
2016-10-03,199.431122347052,202.56046266754146,199.154743607008,201.75807189941406,531000,0.0,0
2016-10-04,201.71352064216092,202.34652817335967,197.60346780999947,198.2008056640625,386900,0.0,0
2016-10-05,199.52919818452375,202.35541437876475,199.40438153759806,200.69712829589844,430700,0.0,0
2016-10-06,200.62579793397802,203.6659912832188,199.68966630159673,203.35394287109375,417600,0.0,0
2016-10-07,202.81005301985854,202.97944991602193,199.19926811971555,200.072998046875,337100,0.0,0
2016-10-10,200.4742479313482,201.6332674697374,198.2899497266886,199.17257690429688,432500,0.0,0
2016-10-11,197.05957830190957,197.58559029207606,191.1218435130001,193.08326721191406,965600,0.0,0
2016-10-12,193.11895056998063,194.75940189182538,192.28980068844282,194.4116973876953,626900,0.0,0
2016-10-13,193.32397881631704,193.49337573836934,189.59730094713888,190.54234313964844,496600,0.0,0
2016-10-14,190.8989523177036,192.45916702989402,189.76669200716012,190.9792022705078,398700,0.0,0
2016-10-17,190.67608982270414,192.5572637839459,190.3016398745321,191.30909729003906,693500,0.0,0
2016-10-18,191.4606344775844,192.1649539923505,181.47526301375456,183.5347442626953,2037300,0.0,0
2016-10-19,183.16923129543346,184.28367053865705,181.2791466922045,182.76803588867188,901500,0.0,0
2016-10-20,182.58081019530144,184.8275235936396,182.54515412408756,183.17816162109375,600900,0.0,0
2016-10-21,181.3059062183911,182.50950613609194,180.40544413741213,181.6625213623047,739300,0.0,0
2016-10-24,183.19598320746127,184.89884969609963,182.2687757101685,182.580810546875,552400,0.0,0
2016-10-25,182.11717679688385,182.3400646083439,180.03986076159725,181.0562286376953,489200,0.0,0
2016-10-26,181.02949520527375,186.21831672641832,181.0116603700552,185.05931091308594,572800,0.0,0
2016-10-27,186.83351274719695,186.83351274719695,182.70562533370972,184.02513122558594,403000,0.0,0
2016-10-28,184.56895994707625,187.5289032854139,184.42630846947128,185.71905517578125,427400,0.0,0
2016-10-31,186.55712476296526,187.1455519339863,185.39810525749803,185.54966735839844,484900,0.0,0
2016-11-01,186.18270422399283,186.34317696652803,181.45747848095044,182.59866333007812,501100,0.0,0
2016-11-02,182.28659575852322,183.06224108294398,180.65505514881534,181.47528076171875,489800,0.0,0
2016-11-03,181.46633643774518,182.26874072955582,180.1468443896027,181.92994689941406,368100,0.0,0
2016-11-04,182.8839087082883,186.11131981723054,182.6788421299027,182.9908905029297,592600,0.0,0
2016-11-07,186.38771211339557,187.6982936092839,185.48725020019054,187.13661193847656,387500,0.0,0
2016-11-08,187.2436088662219,189.5973037670234,186.1737500211291,188.60768127441406,434000,0.0,0
2016-11-09,188.32075245005007,201.92403583925403,188.2848895581188,197.5121612548828,1188800,1.22,0
2016-11-10,199.72706725413022,205.88756225130044,199.25180526038096,203.78025817871094,1268200,0.0,0
2016-11-11,204.15688321009046,206.14760896924395,192.13182688509954,203.17945861816406,2298700,0.0,0
2016-11-14,203.35876135654547,204.88318712409688,199.1621059247285,200.30093383789062,839000,0.0,0
2016-11-15,199.9871284691927,201.15287087947718,196.89343745632945,200.76727294921875,594500,0.0,0
2016-11-16,200.0947212154183,202.1213097787895,200.0947212154183,201.4936065673828,481300,0.0,0
2016-11-17,201.35908214216414,201.7626046148133,197.25209059294545,197.42247009277344,554700,0.0,0
2016-11-18,196.2298157991206,198.7316659295305,194.13148811775721,195.144775390625,723500,0.0,0
2016-11-21,196.84859848811612,199.20697021484375,196.22985754924653,199.20697021484375,656300,0.0,0
2016-11-22,200.363689574057,202.0584946531161,197.81700080562217,201.81637573242188,579900,0.0,0
2016-11-23,202.35445906370504,202.35445906370504,200.3278568914986,201.42185974121094,461500,0.0,0
2016-11-25,201.94195595878315,202.45309448242185,200.94659318166308,202.45309448242188,128300,0.0,0
2016-11-28,201.90612195263247,202.90148487213867,199.7898554608403,200.49826049804688,513600,0.0,0
2016-11-29,200.4712961499514,204.34514423154494,199.62837474240646,202.97315979003906,444800,0.0,0
2016-11-30,204.34518362048811,210.02144024137982,203.29601965021476,206.7573699951172,855300,0.0,0
2016-12-01,207.7617189139892,214.99826518473276,207.7617189139892,213.402099609375,1303200,0.0,0
2016-12-02,213.37516108381945,214.43330097181402,210.5235895009554,212.11077880859375,811800,0.0,0
2016-12-05,212.97170441449794,214.84585212944793,210.36223729966903,210.99891662597656,1012700,0.0,0
2016-12-06,207.46579622430895,212.1377282280042,206.6228745678227,211.90457153320312,955400,0.0,0
2016-12-07,211.78796387816618,213.0164832998699,211.18716130215026,212.6129608154297,785900,0.0,0
2016-12-08,212.94479288230247,214.78307760467015,212.58610918750648,214.3078155517578,780000,0.0,0
2016-12-09,213.74279985316275,215.30310210570696,213.24959968572915,214.87266540527344,675200,0.0,0
2016-12-12,214.8458069107079,215.87704631425532,211.70727719043109,212.44259643554688,756900,0.0,0
2016-12-13,212.07491989039406,213.24066214434248,208.9722533083069,213.09718322753906,982700,0.0,0
2016-12-14,212.65781756487064,213.54557810871194,210.41601044872016,210.76573181152344,722100,0.0,0
2016-12-15,210.99884989731936,211.64449132325512,209.5013246597163,210.2725067138672,509400,0.0,0
2016-12-16,211.0526444779561,213.00749329667238,209.66272162711465,210.39804077148438,834900,0.0,0
2016-12-19,209.94972770839638,212.83717641385257,209.0530048478921,212.46054077148438,626600,0.0,0
2016-12-20,213.45586489799965,214.89062668719814,212.85506233260728,214.23602294921875,526400,0.0,0
2016-12-21,214.3167481751598,214.96238968270472,213.49176484505327,213.68006896972656,506900,0.0,0
2016-12-22,213.78765789228268,214.49606279056172,212.0480136999972,213.5903778076172,517600,0.0,0
2016-12-23,213.84145438134163,214.8547553683073,212.23631315333927,212.5770721435547,607900,0.0,0
2016-12-27,212.76542552009187,214.52299456989292,212.76542552009187,213.44692993164062,284200,0.0,0
2016-12-28,213.87733717598653,214.5678175214689,209.36682285922214,209.76138305664062,382700,0.0,0
2016-12-29,210.44285649440482,210.63117426382914,208.30866597736966,209.42059326171875,265100,0.0,0
2016-12-30,210.48770810794727,210.48770810794727,207.54645885042828,208.2638397216797,319800,0.0,0
2017-01-03,209.31302521046177,211.7700505012098,208.52390480232887,210.2366485595703,751200,0.0,0
2017-01-04,210.4339223293424,212.94474872092627,209.00813646629086,211.9224853515625,649900,0.0,0
2017-01-05,211.7610626874295,212.89990436138606,206.40762700919058,208.27281188964844,539900,0.0,0
2017-01-06,209.0171251543727,209.36684651743846,207.10711479435432,207.59133911132812,504000,0.0,0
2017-01-09,207.48374309507443,208.5149689276606,205.39437715539245,206.56011962890625,509700,0.0,0
2017-01-10,206.08481601083548,208.29970847575606,205.7799198960058,206.89186096191406,636500,0.0,0
2017-01-11,209.59997649709427,214.35259603476098,209.59997649709427,211.58172607421875,873200,0.0,0
2017-01-12,211.56379461882446,212.74747523216695,209.70758561705085,211.7969512939453,800100,0.0,0
2017-01-13,211.90453486434993,212.85505871832044,211.07058933760678,212.5412139892578,513200,0.0,0
2017-01-17,212.19154070748354,215.9129352079729,211.17823946865835,215.82325744628906,842600,0.0,0
2017-01-18,216.91724150594308,221.54433447323066,215.80531398249704,219.3473663330078,1105900,0.0,0
2017-01-19,218.91691116130636,220.7910582693158,218.0739896570221,218.95277404785156,693200,0.0,0
2017-01-20,219.62533578053652,221.2663400661365,218.88105425103026,221.0152587890625,888200,0.0,0
2017-01-23,220.6295882340315,223.05074982450265,219.06032392763666,220.4412841796875,1065900,0.0,0
2017-01-24,220.87178161276088,224.6290521798034,220.81798043623388,223.3646697998047,700900,0.0,0
2017-01-25,225.60647525815608,235.57802794225915,225.60647525815608,226.96949768066406,1691800,0.0,0
2017-01-26,227.15776767946355,234.04459043954765,226.87080988967645,229.86585998535156,970100,0.0,0
2017-01-27,230.39493132639834,230.95987094360387,228.74496502431663,229.9107208251953,482600,0.0,0
2017-01-30,228.66427267178838,228.98709336875874,226.78114965897774,228.35939025878906,499200,0.0,0
2017-01-31,228.17112013433572,229.2113218954592,224.62010540898925,226.48529052734375,1009300,0.0,0
2017-02-01,227.06813653407312,228.4490835527582,225.7499529929675,227.48062133789062,508600,0.0,0
2017-02-02,226.75430888154958,226.7632848673533,224.17175630753292,226.0369415283203,580200,0.0,0
2017-02-03,226.79911490572277,227.552358727235,224.96083054284637,225.61544799804688,564600,0.0,0
2017-02-06,225.35541249249005,227.85727685366354,225.31057361435452,227.27439880371094,524900,0.0,0
2017-02-07,227.62413413444858,229.8480167437732,226.4853059207398,227.22061157226562,537100,0.0,0
2017-02-08,227.14883277801238,228.44907800125392,226.4762907298285,228.14419555664062,339000,0.0,0
2017-02-09,228.7118110328447,229.71196959570065,227.08993042431763,227.9639434814453,544900,1.22,0
2017-02-10,228.18019209199343,229.9642538344158,227.4142998483811,229.82008361816406,336900,0.0,0
2017-02-13,229.98234938210152,231.2798404815024,228.81999556021185,229.17140197753906,430300,0.0,0
2017-02-14,226.94578931297133,228.6757909343555,224.60308479912706,228.63975524902344,754200,0.0,0
2017-02-15,227.918956824658,228.73890973186056,226.9097924766137,228.1171875,565700,0.0,0
2017-02-16,228.14420142863852,230.07243388398456,227.04492730701926,229.58587646484375,319400,0.0,0
2017-02-17,228.8650185507155,229.99132277586665,228.05408500813903,229.7300262451172,282100,0.0,0
2017-02-21,228.93709897854316,232.65839871296345,228.81095345786503,232.6133575439453,447700,0.0,0
2017-02-22,231.6402109948098,233.37022631589056,230.56798096345696,231.95558166503906,346400,0.0,0
2017-02-23,233.06391815282063,233.33422020739977,224.0805132367638,225.20681762695312,868800,0.0,0
2017-02-24,223.28758425298733,225.6122780986756,221.90898881815852,225.4771270751953,469500,0.0,0
2017-02-27,226.07179877809412,227.2071223377684,225.134719628502,225.68435668945312,303800,0.0,0
2017-02-28,225.46808812914338,226.14387068512835,222.8460622610336,223.4227294921875,656000,0.0,0
2017-03-01,223.97237585099722,227.94596699660428,223.97237585099722,227.1620635986328,554500,0.0,0
2017-03-02,226.95480723690847,227.64860072898713,223.06229329962213,223.64797973632812,588900,0.0,0
2017-03-03,223.86424248457178,225.83752984060627,222.67487227952958,225.1437225341797,601900,0.0,0
2017-03-06,224.4228828657835,227.83783125099274,223.1794385928386,227.34225463867188,561400,0.0,0
2017-03-07,226.9908545972319,227.33325549326113,224.94548220325578,225.79246520996094,455100,0.0,0
2017-03-08,226.08082847236105,227.44139921131773,225.23384538034628,225.39602661132812,594200,0.0,0
2017-03-09,225.26087107411507,226.22499420175185,218.78236622221033,219.8726348876953,581600,0.0,0
2017-03-10,220.75562529354,222.16125074865735,218.89045892121297,220.89979553222656,687100,0.0,0
2017-03-13,220.8997868732972,222.25135187313555,219.00759037399146,221.97203063964844,506600,0.0,0
2017-03-14,220.67452366530114,221.4764516732891,219.4040492794055,220.33212280273438,540700,0.0,0
2017-03-15,220.8547602301946,223.51283565372472,220.2240325659584,222.95419311523438,478000,0.0,0
2017-03-16,223.098377009205,223.44076419139483,220.29613116282567,220.82774353027344,367300,0.0,0
2017-03-17,220.75568000086062,222.06219045926215,219.24193336600936,219.82760620117188,733100,0.0,0
2017-03-20,219.92668870403034,220.08886992690228,217.1514732057321,218.07054138183594,562500,0.0,0
2017-03-21,218.91752339884255,219.72845700704116,214.90786903377173,216.3044891357422,691100,0.0,0
2017-03-22,216.38556299526437,218.43994080923727,214.60150094604177,216.2504119873047,608400,0.0,0
2017-03-23,216.2864434232071,218.6291616732351,215.56561972981137,216.8180694580078,484300,0.0,0
2017-03-24,217.66507113762597,218.71929031613757,215.24126207600173,215.82693481445312,387500,0.0,0
2017-03-27,213.34904872048762,214.1870262066182,210.59185819941868,213.8806610107422,692200,0.0,0
2017-03-28,213.9978336334609,216.88117011580835,212.84449904052192,215.52059936523438,469000,0.0,0
2017-03-29,215.21420614692832,217.0523285015489,214.18701729458706,214.22305297851562,1179200,0.0,0
2017-03-30,212.3759495722922,212.3759495722922,209.0420913819161,210.71803283691406,778400,0.0,0
2017-03-31,210.06024781717517,211.6010242993767,207.7625844458041,209.7268524169922,697700,0.0,0
2017-04-03,209.70884254068886,211.4388441914003,207.03274258521137,208.32122802734375,1076500,0.0,0
2017-04-04,208.0779417202069,209.29435578610793,207.27601365973928,207.9608154296875,793500,0.0,0
2017-04-05,208.99696717587372,210.8080728043996,208.33020400812663,208.79873657226562,1295000,0.0,0
2017-04-06,208.8799234831599,209.8260082166783,206.329968573094,207.06881713867188,863500,0.0,0
2017-04-07,206.80747519476935,208.25815554981847,206.00554715681244,206.58221435546875,661900,0.0,0
2017-04-10,206.45609113383952,208.54650479893374,206.13171494025897,206.67233276367188,942600,0.0,0
2017-04-11,205.63612478239813,207.5553516140796,205.38383373161187,206.78945922851562,904300,0.0,0
2017-04-12,202.68968784830068,205.16755692651665,201.3381228965465,201.57240295410156,1170000,0.0,0
2017-04-13,201.81569953434774,203.6268055913991,199.35585486969615,199.58111572265625,892300,0.0,0
2017-04-17,200.55424851909464,201.63549788651352,199.86044122756127,200.90565490722656,1037000,0.0,0
2017-04-18,182.61447848861457,188.8587168876231,175.99181723074568,178.0191650390625,5465000,0.0,0
2017-04-19,176.55946242871727,179.89332046568416,173.45086525571884,176.0188446044922,3658000,0.0,0
2017-04-20,176.79372703074804,177.45148484621137,175.05470616394186,176.56846618652344,1580500,0.0,0
2017-04-21,176.69464065300076,177.29833816455243,174.39697691577192,175.83863830566406,1264700,0.0,0
2017-04-24,178.12728181844358,178.12728181844358,171.5406563991956,172.9102325439453,1528600,0.0,0
2017-04-25,173.74820187822075,175.82060446476154,173.45085590395422,174.2257537841797,1235600,0.0,0
2017-04-26,175.0817424510254,175.63137947999164,172.91924377083473,174.95559692382812,813200,0.0,0
2017-04-27,175.67641562331627,175.79355565349033,173.22557671501025,174.05453491210938,911200,0.0,0
2017-04-28,174.11764416861146,174.51409174428906,171.5496647932028,173.63107299804688,1224300,0.0,0
2017-05-01,173.9914935304816,174.32487520320888,169.71153719621432,170.6035614013672,935900,0.0,0
2017-05-02,171.45954969908234,172.09029110449595,170.26117402599272,171.7659149169922,618600,0.0,0
2017-05-03,171.19822971986432,173.21657169350883,170.3872962365127,173.01834106445312,822900,0.0,0
2017-05-04,173.65330553911826,174.15220778930802,168.53731867764284,170.1156463623047,1147800,1.28,0
2017-05-05,170.02495086342282,171.77562790990362,168.9817890646015,171.6486358642578,773200,0.0,0
2017-05-08,171.3946328928592,172.23823369258182,170.57825752379262,171.42184448242188,549600,0.0,0
2017-05-09,171.6486233300274,172.3017291859699,169.6530282551337,170.32427978515625,1140700,0.0,0
2017-05-10,170.2154498152775,170.96833625074638,169.09066696222226,170.40594482421875,759000,0.0,0
2017-05-11,170.35148942903413,170.98644960364058,167.81163488951464,170.251708984375,701800,0.0,0
2017-05-12,169.98862754976275,170.05213048119268,166.8319588364747,167.4669189453125,685200,0.0,0
2017-05-15,167.44881545523938,167.80257999297334,162.9859205838491,164.52798461914062,1413600,0.0,0
2017-05-16,164.21956657182625,164.3828499682629,161.84299521455262,162.45982360839844,833000,0.0,0
2017-05-17,162.459852300728,162.91339737823856,157.38014189617058,158.5321502685547,1291200,0.0,0
2017-05-18,154.67699085552462,160.5458642696426,154.39579516977255,157.19869995117188,1309300,0.0,0
2017-05-19,157.7338780698276,159.64783850555503,157.46174830415598,158.6046905517578,939300,0.0,0
2017-05-22,159.14896416984485,162.36913697300378,159.14896416984485,161.7341766357422,1013300,0.0,0
2017-05-23,161.60717737538974,162.09699994487673,159.97441240860536,160.2102508544922,978500,0.0,0
2017-05-24,160.67283581105173,162.4144467298826,159.4391930134099,160.8361053466797,1258300,0.0,0
2017-05-25,160.89967527291594,161.8248973755434,159.5662514790775,159.98350524902344,923300,0.0,0
2017-05-26,158.74074862301254,159.1852277019511,155.91969819383976,157.4526824951172,797100,0.0,0
2017-05-30,157.46179132892684,158.12397716925184,155.6839022107932,155.9923095703125,762200,0.0,0
2017-05-31,155.99227232509097,156.36418255629442,153.97853136722753,156.27346801757812,1520600,0.0,0
2017-06-01,155.93782272001334,158.2690364862495,154.3776270378622,157.31658935546875,710000,0.0,0
2017-06-02,157.88808948975688,158.52304974689127,155.9559832834592,156.67259216308594,659300,0.0,0
2017-06-05,155.8924840512851,158.62281990014412,155.62943404795166,157.79737854003906,1091300,0.0,0
2017-06-06,156.7995750806285,156.7995750806285,152.91723105905172,154.09645080566406,1190600,0.0,0
2017-06-07,154.09648177226566,157.24408575440987,153.47058734338142,153.76084899902344,855200,0.0,0
2017-06-08,153.76083405022393,157.1442900048,153.18937671335922,154.74957275390625,1107200,0.0,0
2017-06-09,154.75860363760998,160.29185739403542,154.75860363760998,159.94715881347656,1265500,0.0,0
2017-06-12,160.56399806828364,165.90675768621685,160.56399806828364,162.84986877441406,1384700,0.0,0
2017-06-13,162.64122723804482,162.92242290180582,161.01752851212433,161.53457641601562,804900,0.0,0
2017-06-14,161.6887757912275,162.36002730465518,157.3075298830501,160.57305908203125,1358600,0.0,0
2017-06-15,159.91999603833014,162.37820259112738,159.65693214410337,160.33724975585938,736200,0.0,0
2017-06-16,160.4279299516223,163.56646728515625,158.76795367348925,163.56646728515625,1276000,0.0,0
2017-06-19,163.5937250868669,164.97249224196736,162.10609769450193,162.82269287109375,886700,0.0,0
2017-06-20,162.45980869229672,162.94056523812262,158.2871895627998,158.4323272705078,1007200,0.0,0
2017-06-21,158.35977002217177,158.35977002217177,155.357304409529,157.5433807373047,1063400,0.0,0
2017-06-22,157.9878595183528,158.4051269975512,155.66571139349537,156.7270050048828,839200,0.0,0
2017-06-23,156.9447155018765,160.20116527641105,156.84493504834307,159.99253845214844,824900,0.0,0
2017-06-26,160.21931250719524,161.71600548363028,159.58433842885785,161.2987518310547,591500,0.0,0
2017-06-27,161.38948734830413,161.38948734830413,157.42550758809872,158.8133544921875,663600,0.0,0
2017-06-28,159.72946855901668,161.96091596221632,159.44827288454033,160.51864624023438,577300,0.0,0
2017-06-29,161.11731364607678,163.45760739480275,161.07197022112675,162.33282470703125,830400,0.0,0
2017-06-30,162.68661360134212,164.6549974408334,161.72508647691873,163.75697326660156,680400,0.0,0
2017-07-03,164.84543203386934,168.41936820256802,164.01999080227404,167.9476776123047,782300,0.0,0
2017-07-05,167.92955653089945,168.55545077242954,164.4191092286423,167.06781005859375,1242900,0.0,0
2017-07-06,166.65963487147332,167.71186254943728,163.82951861869583,164.29212951660156,1002000,0.0,0
2017-07-07,164.2921379207321,164.2921379207321,161.67064834964555,162.60494995117188,600900,0.0,0
2017-07-10,162.8317413502802,163.6390509979423,160.2102514749642,161.52554321289062,941400,0.0,0
2017-07-11,161.11734123303282,161.11734123303282,157.47991486741327,160.1286163330078,956000,0.0,0
2017-07-12,161.19896347032432,161.86113526803592,151.88314567159975,153.1258544921875,1919200,0.0,0
2017-07-13,153.0895749832586,155.09423602497043,152.9444372691625,154.20529174804688,1453000,0.0,0
2017-07-14,155.06702621442582,156.6000104645708,154.25065078517548,155.91969299316406,1249600,0.0,0
2017-07-17,155.9741239361671,157.92437575588335,154.66791211150573,156.20997619628906,1090100,0.0,0
2017-07-18,155.77459078141524,158.7679911060771,155.29383409933504,158.2690887451172,1744700,0.0,0
2017-07-19,163.33065327830613,163.6390606132659,145.39747679869868,147.12095642089844,3867100,0.0,0
2017-07-20,148.17314416606112,152.99885534952858,147.55631582226968,150.5406494140625,1888300,0.0,0
2017-07-21,149.70613343819252,150.422742317583,148.17316290400757,149.6154327392578,1340200,0.0,0
2017-07-24,149.59731078068657,152.6088568211281,149.46125279016567,151.37521362304688,969700,0.0,0
2017-07-25,152.39113260904176,155.1305485112112,151.29354752814433,153.35264587402344,976700,0.0,0
2017-07-26,153.3526429110411,153.93317999421492,150.50438068404827,150.74021911621094,982300,0.0,0
2017-07-27,150.03264163885154,152.0826733666552,149.2616236430288,151.9103240966797,895700,0.0,0
2017-07-28,151.48403220275952,152.2097069815307,148.88975421139182,149.87847900390625,718600,0.0,0
2017-07-31,150.38645284511728,151.4386806218016,149.54286574489163,151.24819946289062,1472700,0.0,0
2017-08-01,151.9103869059692,153.9513397216797,150.90351629657482,153.9513397216797,1066300,0.0,0
2017-08-02,153.15306112879458,154.81303736888188,152.35483139884923,154.2234344482422,970700,0.0,0
2017-08-03,154.15996298031487,155.08519877734892,153.09866920184794,153.7245635986328,630100,0.0,0
2017-08-04,153.46148908479853,156.46396879774423,153.25286224735135,154.52279663085938,693000,0.0,0
2017-08-07,154.61350787815658,154.73143402267294,151.68361067189312,151.8378143310547,648600,0.0,0
2017-08-08,152.70861044977016,153.00793797629714,148.91696696765024,149.29794311523438,686100,0.0,0
2017-08-09,149.7424581733846,150.85817529079142,148.1641161762223,150.66769409179688,613000,0.0,0
2017-08-10,150.274601802335,151.0333352722544,149.0039551355034,149.47930908203125,673000,1.28,0
2017-08-11,150.01863294129882,150.9967497307498,149.34216830148011,149.7535400390625,485500,0.0,0
2017-08-14,150.9053664643246,152.9713059813987,150.503144941856,152.6513671875,734300,0.0,0
2017-08-15,152.37710707623617,152.74275535688733,150.8870631328364,150.9053497314453,770800,0.0,0
2017-08-16,150.87792680782587,151.70979268718327,150.04606092846845,150.9053497314453,648400,0.0,0
2017-08-17,150.64937685493106,152.44107276440127,150.26544201718747,150.466552734375,858600,0.0,0
2017-08-18,149.95467839597123,150.56716103550437,147.40424823825228,147.5322265625,1000300,0.0,0
2017-08-21,147.1756493582177,147.51387464785398,144.75319859728353,144.80804443359375,864900,0.0,0
2017-08-22,145.31997141498127,150.96017994902292,145.2102797318604,150.302001953125,1093500,0.0,0
2017-08-23,149.35128365434176,150.07344369740744,147.52301484309442,147.6692657470703,607500,0.0,0
2017-08-24,147.98013594567874,148.6748733255112,144.54298040150232,144.73495483398438,714400,0.0,0
2017-08-25,145.56678673084394,146.53576709522642,144.60694269021732,146.06954956054688,657700,0.0,0
2017-08-28,145.89588300130964,146.43521905013324,141.6908583984375,142.83352661132812,936300,0.0,0
2017-08-29,143.7019339967992,145.49364367171836,141.7822600042982,143.66537475585938,889500,0.0,0
2017-08-30,143.61056857274272,146.39866828038726,142.2393665072433,145.93246459960938,719400,0.0,0
2017-08-31,147.0659504370928,149.23244455607502,145.81357679253432,148.61083984375,800200,0.0,0
2017-09-01,148.60172304833924,151.52695107122238,148.32747986994042,149.72610473632812,664500,0.0,0
2017-09-05,149.7444187205401,150.9236604187445,147.4316588022453,147.50479125976562,702600,0.0,0
2017-09-06,148.72970349581632,150.94190765610378,148.42803739006064,149.8632354736328,1103700,0.0,0
2017-09-07,149.6347003770212,149.6347003770212,145.56680404799994,148.62001037597656,851500,0.0,0
2017-09-08,148.4737631874639,151.57267940627065,148.19038364909287,150.8048095703125,760400,0.0,0
2017-09-11,151.47210269886696,153.2546624058468,150.25630198882757,150.45741271972656,637300,0.0,0
2017-09-12,151.16126004628345,152.78841810969794,149.79005849069256,152.0113983154297,521300,0.0,0
2017-09-13,151.87430766634586,154.27848590279493,151.87430766634586,154.04080200195312,1041600,0.0,0
2017-09-14,153.67514274302118,155.83250060009482,153.61114663628564,154.75381469726562,770300,0.0,0
2017-09-15,154.61671147144665,154.98235969839615,153.2637962934306,154.44302368164062,933900,0.0,0
2017-09-18,154.58929627053791,157.45967823602624,153.8305629105775,156.33529663085938,1086600,0.0,0
2017-09-19,156.28044108484156,156.45411492394928,153.59288340883796,155.97877502441406,760400,0.0,0
2017-09-20,155.73200021371056,161.49105206325083,155.73200021371056,160.13812255859375,1072500,0.0,0
2017-09-21,160.12892836776197,161.5275529467067,159.75412989926446,160.5128631591797,436300,0.0,0
2017-09-22,160.7871496677329,162.3046165970339,160.16554477539566,161.44532775878906,577000,0.0,0
2017-09-25,161.70124518623348,163.71233822238108,160.54944078018343,163.43809509277344,749500,0.0,0
2017-09-26,163.76718545791823,166.04338531995037,162.0486221316236,165.44920349121094,803500,0.0,0
2017-09-27,165.80572189281185,167.35061144653648,162.03034190284,165.3303680419922,1188300,0.0,0
2017-09-28,164.48021154569352,166.5278778180033,163.28269759953284,164.61734008789062,601800,0.0,0
2017-09-29,164.36136807909983,166.36332464893638,164.0505657304397,164.31565856933594,562900,0.0,0
2017-10-02,164.31569481417222,167.25920935037425,163.63009386223547,166.5736083984375,675300,0.0,0
2017-10-03,166.37246439567087,166.95750986637162,165.07439519344686,166.70155334472656,519800,0.0,0
2017-10-04,166.58275942070006,167.15866873468772,164.0780393157268,165.36695861816406,849400,0.0,0
2017-10-05,165.45839051716285,167.2318141721598,164.5533920889746,166.60105895996094,509600,0.0,0
2017-10-06,165.91542104494272,167.1312216718848,164.1054385391475,164.60821533203125,558300,0.0,0
2017-10-09,164.83672753355043,166.18964258779914,161.8383537628015,162.35028076171875,683600,0.0,0
2017-10-10,162.70679734087383,164.03228951639707,158.47435033314585,158.9771270751953,1039500,0.0,0
2017-10-11,155.1926336318484,158.0721520180004,152.16685036327553,157.68821716308594,1424000,0.0,0
2017-10-12,157.59679453524478,162.42342395651278,157.59679453524478,162.30459594726562,807100,0.0,0
2017-10-13,162.74339867036346,166.30851840220356,162.45088282116583,165.50408935546875,1259300,0.0,0
2017-10-16,165.74170941426547,167.24088930472263,164.22424292980955,166.70155334472656,1568400,0.0,0
2017-10-17,172.08580755073106,189.9571385615199,170.42207618214448,187.781494140625,6078300,0.0,0
2017-10-18,191.15466000143934,195.39624339365528,188.476238745165,190.8804168701172,3059700,0.0,0
2017-10-19,189.61891427600432,190.03942228701072,185.42304023245634,187.07762145996094,1782500,0.0,0
2017-10-20,187.93692867014127,192.12366680314548,187.17819527991034,189.96630859375,881400,0.0,0
2017-10-23,189.61893462148763,192.69957772865314,189.125308071641,191.51119995117188,893200,0.0,0
2017-10-24,192.42538190820787,193.54976384463146,181.03525577759157,181.3186492919922,2003300,0.0,0
2017-10-25,180.1485080389124,180.54157921225544,176.09888460382305,180.20335388183594,1994900,0.0,0
2017-10-26,180.88897583090508,187.55301154347583,178.32025959925556,183.90560913085938,1486500,0.0,0
2017-10-27,183.14687871920668,184.02444015289004,180.78840969972802,182.60752868652344,999400,0.0,0
2017-10-30,182.86349960366485,186.081257659482,182.20533545109566,182.26931762695312,1025000,0.0,0
2017-10-31,183.32050354168922,185.1396359904325,180.55067746934628,180.724365234375,766100,0.0,0
2017-11-01,182.59834624156554,183.51248064077237,177.60716628451928,178.78640747070312,928100,0.0,0
2017-11-02,179.38063628581455,182.12304020251565,176.491981427816,181.94021606445312,977900,0.0,0
2017-11-03,181.94018118396318,184.03355691692454,181.00776012543847,182.83602905273438,722200,0.0,0
2017-11-06,182.20526474896315,187.18729415065908,182.17782788585518,186.09947204589844,842100,0.0,0
2017-11-07,186.48347680869233,188.31174618916972,184.11587130863535,187.56214904785156,858300,0.0,0
2017-11-08,187.5438540169566,192.25164153045853,186.3006304286454,190.2588348388672,1068500,0.0,0
2017-11-09,188.16548665293402,191.07244230399408,182.90007570861064,188.37574768066406,1762700,0.0,0
2017-11-10,187.65820317770613,197.30741466330065,186.14045944844943,187.17068481445312,2439500,1.28,0
2017-11-13,186.91313924330055,186.91313924330055,178.64371344748398,180.09706115722656,1298800,0.0,0
2017-11-14,178.91046247518338,180.58459282008928,176.04973421042195,179.90390014648438,1028900,0.0,0
2017-11-15,179.03007594417966,182.35072880969705,177.990642892174,180.04190063476562,880400,0.0,0
2017-11-16,180.21664908146064,184.53073917983465,180.04187568605664,182.58985900878906,581200,0.0,0
2017-11-17,182.32312623931028,184.6319402740651,181.00773595452887,181.96438598632812,588500,0.0,0
2017-11-20,181.87236565275742,183.75805704622644,181.1548852647281,183.6200714111328,650400,0.0,0
2017-11-21,183.96961175123167,185.7633126586527,182.1943117350007,183.6292724609375,822400,0.0,0
2017-11-22,184.36519503519435,188.34814000978452,184.1168460905157,184.3376007080078,378600,0.0,0
2017-11-24,185.744933594598,185.8093297034466,182.3598990777638,184.10760498046875,219000,0.0,0
2017-11-27,184.5951070155603,187.19827878117707,184.27316860717525,186.82115173339844,549000,0.0,0
2017-11-28,187.0051262607562,195.11817940908614,186.03008949585046,194.61227416992188,1036200,0.0,0
2017-11-29,194.6122699646141,200.83043809043738,193.83958689060955,199.39547729492188,1262600,0.0,0
2017-11-30,199.37705898162216,204.58340216029148,198.80675769881796,203.57156372070312,1093000,0.0,0
2017-12-01,203.35082839602146,203.5715829595093,197.76734363167017,200.7384490966797,999900,0.0,0
2017-12-04,203.6635852073391,213.32199092210772,203.6635852073391,209.2654571533203,1487300,0.0,0
2017-12-05,210.8015910886512,211.80422216664581,207.72010832108506,208.5387725830078,1226400,0.0,0
2017-12-06,208.0788635437155,208.0788635437155,202.66095831010014,203.68197631835938,1691000,0.0,0
2017-12-07,203.93953816403456,206.1471680951328,202.87251094850393,204.45465087890625,696000,0.0,0
2017-12-08,205.16291839251335,207.00261463146825,204.43624455386427,205.96319580078125,576400,0.0,0
2017-12-11,205.57689784278207,207.75693378228118,205.20895010807973,205.6228790283203,401200,0.0,0
2017-12-12,205.54006976866685,206.2575502148773,203.50721318299352,204.56503295898438,640500,0.0,0
2017-12-13,205.21813020507375,206.56110065926325,203.7187732121353,206.3219451904297,492500,0.0,0
2017-12-14,206.36796899938176,207.6005623365511,204.55586674940352,204.82261657714844,494500,0.0,0
2017-12-15,206.7358821367533,212.21818356292596,206.59791052160392,211.53749084472656,1333300,0.0,0
2017-12-18,211.83179435408604,213.11959000357064,209.67015992850511,211.491455078125,715700,0.0,0
2017-12-19,211.6754635486694,212.1905762955695,209.22867800089386,210.26809692382812,528900,0.0,0
2017-12-20,211.98824055004957,213.43239504945126,211.0407839097884,212.4297637939453,567800,0.0,0
2017-12-21,212.81607627909605,216.7990205976272,212.3929399389811,216.18272399902344,637700,0.0,0
2017-12-22,216.09069462824522,216.95535401058373,213.7634802663853,216.01710510253906,585000,0.0,0
2017-12-26,215.2444635731558,218.92385611286787,215.2444635731558,217.09335327148438,554900,0.0,0
2017-12-27,217.09335833383267,218.10519692015578,216.20110449928472,218.00401306152344,338500,0.0,0
2017-12-28,218.39956772435275,219.10785482134565,216.4127061309274,218.88710021972656,441800,0.0,0
2017-12-29,218.88707925516562,221.21429402947567,217.13016586144352,217.3141326904297,543000,0.0,0
2018-01-02,218.05000648088952,219.65053327691456,214.32461867108387,216.81741333007812,636700,0.0,0
2018-01-03,216.49547238361347,217.80165514012458,213.7727155425381,215.45603942871094,901200,0.0,0
2018-01-04,216.20107906379164,217.9579922043614,214.4717742775726,217.1393280029297,949800,0.0,0
2018-01-05,217.40614823918648,219.49419374484864,216.45870562647116,219.1538543701172,771100,0.0,0
2018-01-08,218.27079383888872,219.83454715535106,215.90679103998198,219.1538543701172,954800,0.0,0
2018-01-09,219.3929831079769,220.56119421993137,217.47050379132324,218.27076721191406,763800,0.0,0
2018-01-10,212.02502487495363,214.61900371688435,209.394258278198,213.17483520507812,835800,0.0,0
2018-01-11,213.86466718034242,218.92383135019998,213.12878594848246,218.66627502441406,677400,0.0,0
2018-01-12,219.39295903312524,220.48758048668986,216.4770423234187,216.7805938720703,932500,0.0,0
2018-01-16,218.16038233416495,218.4915282269894,212.63210004905238,213.22999572753906,921000,0.0,0
2018-01-17,209.37581981819102,210.047319036263,205.69642742192292,207.17738342285156,1752900,0.0,0
2018-01-18,208.0052935989929,211.95143649799562,207.83052018212715,209.29307556152344,1291700,0.0,0
2018-01-19,210.1668852450135,213.303570564258,208.9158912956362,211.61105346679688,658200,0.0,0
2018-01-22,210.7555866678034,212.02498150404554,205.35608295348445,211.436279296875,970300,0.0,0
2018-01-23,209.32061559126657,212.56767801632475,207.8948483367264,211.0591278076172,1231000,0.0,0
2018-01-24,237.67960055345483,252.26838018672314,236.65855440836947,250.17112731933594,4080700,0.0,0
2018-01-25,252.95825748508483,274.25273790997585,252.27757879329036,263.4813232421875,4860000,0.0,0
2018-01-26,264.8979235576242,266.995176558904,259.69157881068793,262.39593505859375,1377100,0.0,0
2018-01-29,262.6442615704569,264.8979009418201,251.71646020724,252.47994995117188,1548700,0.0,0
2018-01-30,251.5601054952018,254.57720658411944,247.5311657331477,253.37220764160156,1096000,0.0,0
2018-01-31,253.8596962916661,255.17507237660698,246.06858153015443,248.04624938964844,1726000,0.0,0
2018-02-01,245.62700613115533,250.4654155115896,243.0606223948624,244.7991485595703,901900,0.0,0
2018-02-02,243.87010372849926,243.93449982737303,238.67296800513748,238.87533569335938,845500,0.0,0
2018-02-05,237.18286737493958,241.00943931022678,230.27479831129315,233.7426300048828,1348100,0.0,0
2018-02-06,227.35887974535967,242.01206898826692,227.35887974535967,238.24989318847656,1207800,0.0,0
2018-02-07,238.24985538632868,241.46932360150194,236.08820682754816,239.059326171875,1038400,0.0,0
2018-02-08,238.78335176762675,243.78732740192763,236.69530680130714,237.87271118164062,910100,0.0,0
2018-02-09,239.8232419096848,248.98428447485227,237.12394041176697,247.13543701171875,1808100,1.28,0
2018-02-12,249.06753540039065,251.44331169703474,247.6069579880108,249.06753540039062,1331600,0.0,0
2018-02-13,246.98753256356107,251.979415207893,245.85050939788349,250.86087036132812,880700,0.0,0
2018-02-14,248.3094644603648,249.14146845293646,241.76455634071723,244.73194885253906,1160800,0.0,0
2018-02-15,246.5531148639305,251.32314604522065,243.74288624193397,249.18772888183594,807000,0.0,0
2018-02-16,249.08604779559474,250.70378972877143,246.46065891820055,246.52537536621094,507000,0.0,0
2018-02-20,244.50084488003074,247.81029792351302,242.72596696018041,243.68734741210938,478500,0.0,0
2018-02-21,244.35297567917527,246.76573691169637,241.99570583916363,242.0049591064453,549800,0.0,0
2018-02-22,243.69657890449352,246.04462307508263,242.6612288418892,243.6781005859375,683800,0.0,0
2018-02-23,244.852156621751,246.44216687600752,243.26214636749447,246.07240295410156,470000,0.0,0
2018-02-26,247.0430097334881,250.86088457912473,246.10936086983173,250.3524627685547,499000,0.0,0
2018-02-27,251.16597701575944,253.29214063442402,244.76895141601565,244.76895141601562,608700,0.0,0
2018-02-28,246.45139242732395,247.0430089936058,241.7830352783203,241.7830352783203,741400,0.0,0
2018-03-01,241.24689432605632,242.6705149604594,234.8128980952445,236.38442993164062,1043300,0.0,0
2018-03-02,234.24898790825193,236.40289707910966,229.9504228322165,236.00540161132812,902300,0.0,0
2018-03-05,235.58942617643348,241.74609246449305,235.06249780596872,240.1930389404297,701100,0.0,0
2018-03-06,243.02175803130794,252.59877394300864,241.11741927072535,247.52369689941406,1232400,0.0,0
2018-03-07,244.66723689857466,251.2121443834878,243.05872045195125,250.75918579101562,1008800,0.0,0
2018-03-08,252.42314053137062,254.12407680299313,249.5481962829751,253.939208984375,647000,0.0,0
2018-03-09,255.05775983236035,261.9262215129901,254.37369528605035,259.23614501953125,905700,0.0,0
2018-03-12,258.8109552855318,261.40858413618986,257.97897943424533,258.59832763671875,699000,0.0,0
2018-03-13,260.8169423521758,260.8169423521758,254.22579619799257,255.74183654785156,715200,0.0,0
2018-03-14,257.6276619089428,262.0186748026499,254.4661202125569,259.03277587890625,731000,0.0,0
2018-03-15,259.17139893927293,261.0480060167739,258.4965877352167,260.0218811035156,722300,0.0,0
2018-03-16,261.2051528093941,267.54671392510784,260.27147586485654,266.9273376464844,1297300,0.0,0
2018-03-19,267.41730397273477,269.6913785215765,262.0741357722104,264.7364807128906,1072100,0.0,0
2018-03-20,266.2155866291502,270.3662406280489,263.63643622581895,264.11712646484375,548900,0.0,0
2018-03-21,264.11714689983313,266.0584427491944,262.18510431713065,263.8952941894531,473900,0.0,0
2018-03-22,262.1573634652964,265.97523858486477,258.7370120526845,258.995849609375,570800,0.0,0
2018-03-23,260.45641019186576,260.45641019186576,249.61290867275247,249.64064025878906,932900,0.0,0
2018-03-26,251.9610066864557,256.7680228377667,251.4803163557974,255.72341918945312,794100,0.0,0
2018-03-27,255.72334741420633,256.3519487958301,250.89785429306087,252.39541625976562,640600,0.0,0
2018-03-28,252.3676959988298,257.7570743099902,251.4802570548861,256.5091247558594,842500,0.0,0
2018-03-29,257.97899412589436,263.4608212858251,257.97899412589436,260.9371337890625,917300,0.0,0
2018-04-02,259.7908261572272,262.41618643231845,252.57107834793223,255.7326202392578,815200,0.0,0
2018-04-03,257.3410907985406,262.9985596954241,255.74182753786732,262.4161682128906,708000,0.0,0
2018-04-04,260.42867263574766,268.5451124267742,258.97732050702757,266.6500549316406,859000,0.0,0
2018-04-05,268.53576325770314,274.5260374655268,267.43569707771627,271.56787109375,737700,0.0,0
2018-04-06,269.2477724235838,272.4370186422284,260.34556382580223,265.0046691894531,849700,0.0,0
2018-04-09,268.1384188654471,268.7208104898583,262.83223421846725,264.9676513671875,871200,0.0,0
2018-04-10,267.49130044521587,271.60499830433645,267.3434174391569,269.9317932128906,807800,0.0,0
2018-04-11,263.6179540719513,267.509770468451,254.72497319547742,258.0714111328125,1269600,0.0,0
2018-04-12,259.60586050647004,263.5161823900448,258.83860135109353,262.44384765625,581800,0.0,0
2018-04-13,264.6533074255434,264.6533074255434,257.5537109375,257.5537109375,1151900,0.0,0
2018-04-16,260.8261618710443,262.8506521905081,258.6722668931905,262.64727783203125,756200,0.0,0
2018-04-17,264.2835686494094,264.2835686494094,259.4580746472556,262.1203918457031,716500,0.0,0
2018-04-18,263.8305578797562,267.26941568760697,262.2590542809283,263.1742248535156,1079500,0.0,0
2018-04-19,281.02483862970905,286.38648545067394,269.47879425437395,277.2162170410156,3255100,0.0,0
2018-04-20,279.62894888070406,279.9894877074803,264.03392374090794,266.60382080078125,1298500,0.0,0
2018-04-23,267.52829236158686,268.82248028260346,263.5162957008449,264.4591979980469,687000,0.0,0
2018-04-24,267.1030465829237,267.7501546038396,253.8930210212375,258.43194580078125,1071800,0.0,0
2018-04-25,257.4519708085276,259.0512337814202,254.05009875488008,256.3056945800781,1235900,0.0,0
2018-04-26,256.7771991378564,257.6923979204087,249.80706371647,255.96372985839844,959600,0.0,0
2018-04-27,255.91747030914487,263.5069814789069,255.07624130228257,262.4161682128906,825300,0.0,0
2018-04-30,261.8245913677614,264.43144532541237,259.7723691811987,260.086669921875,822600,0.0,0
2018-05-01,258.773918386891,260.88160328480524,255.73258473984387,260.63201904296875,652700,0.0,0
2018-05-02,259.83695220809756,265.207878847045,258.74613921837926,259.6705627441406,608100,0.0,0
2018-05-03,260.2622357957757,260.2622357957757,251.74827388066387,258.6907043457031,691500,0.0,0
2018-05-04,257.78481939518775,266.4097096512322,255.95447824065016,265.0970153808594,593900,0.0,0
2018-05-07,266.00295671011287,269.4325612154822,263.5624642609647,267.5005187988281,452100,0.0,0
2018-05-08,268.93337938323396,270.9578415138732,266.2617811088017,268.1476135253906,447900,0.0,0
2018-05-09,268.8410058219289,275.4413787912923,268.0644930144263,273.47235107421875,550700,0.0,0
2018-05-10,275.48755510309866,277.68768833625785,272.8067034223189,277.48431396484375,814400,0.0,0
2018-05-11,277.7628431156039,281.19878962531163,274.5776451478032,274.9212341308594,523600,1.36,0
2018-05-14,276.58348807819954,277.82785037239375,271.4574545221735,274.6054992675781,346200,0.0,0
2018-05-15,273.87197643301016,279.59232074012994,271.75469804049476,279.3787536621094,709300,0.0,0
2018-05-16,279.09088278561745,285.7027336746419,278.81227636796353,284.5047912597656,744600,0.0,0
2018-05-17,282.6754039868191,286.99353450449564,282.6754039868191,284.90411376953125,462400,0.0,0
2018-05-18,285.14548367675104,286.38984603893067,283.47395891312436,285.6562194824219,708700,0.0,0
2018-05-21,287.0213054758279,294.8496876657689,286.7520228448477,291.497314453125,843000,0.0,0
2018-05-22,290.8565800723461,292.2124020747811,283.5111036307019,284.05902099609375,896700,0.0,0
2018-05-23,281.7560690068436,285.4520323454838,280.344559418311,283.4368896484375,664000,0.0,0
2018-05-24,283.95690340655074,289.4451182855926,283.24186744326937,288.7393493652344,642700,0.0,0
2018-05-25,287.8756734266584,289.50077803471214,286.50128904160016,287.7085266113281,636200,0.0,0
2018-05-29,286.6777494854437,287.76426053340066,277.91146808883644,281.3009948730469,701200,0.0,0
2018-05-30,282.39678024984727,287.06779449326876,280.18663325084856,285.5169677734375,495200,0.0,0
2018-05-31,284.7926083453506,287.87567071710924,281.41240552899325,286.937744140625,947900,0.0,0
2018-06-01,287.6992732956154,293.8282458100319,285.00624807643254,287.5971374511719,534900,0.0,0
2018-06-04,289.7328538752473,291.81297811645936,286.66838310277836,289.7607116699219,472700,0.0,0
2018-06-05,289.83508408778783,293.19675299777293,287.8478279613441,292.1195373535156,462900,0.0,0
2018-06-06,289.73295065725637,289.73295065725637,284.4026163388291,288.5628662109375,583100,0.0,0
2018-06-07,288.99937081488844,291.9988604469838,288.2750394545769,290.0672912597656,459500,0.0,0
2018-06-08,289.99298648389896,292.48171161148565,288.8879129497133,292.13812255859375,433700,0.0,0
2018-06-11,291.645950373593,294.46899752420046,291.2652081312759,293.6053771972656,694100,0.0,0
2018-06-12,294.8404238972836,299.3349957773622,294.06967242391084,296.019775390625,649800,0.0,0
2018-06-13,297.10633339321964,298.42497411553705,292.42602318622556,293.1689453125,636600,0.0,0
2018-06-14,293.3546014390773,295.79690612121385,290.9773077448825,294.73828125,856100,0.0,0
2018-06-15,294.3668078520257,296.8555611145981,291.97095172099336,296.8091125488281,880100,0.0,0
2018-06-18,294.7568286118938,295.92691297675526,290.50368190317283,293.5495910644531,518900,0.0,0
2018-06-19,291.0702090760548,293.48465622464676,289.09221979024517,289.8351135253906,578700,0.0,0
2018-06-20,289.9743740424599,294.7289610301477,289.7329208730687,294.3110656738281,432200,0.0,0
2018-06-21,292.7603349903272,293.2246506756689,287.68072025910556,290.8287658691406,608900,0.0,0
2018-06-22,293.92116553818323,294.07901702323323,289.4265924727476,289.8258972167969,651100,0.0,0
2018-06-25,290.16007919694795,290.16007919694795,281.923125487469,283.7989501953125,590800,0.0,0
2018-06-26,284.82976549762043,286.0648325359151,282.82391868585705,284.6069030761719,401600,0.0,0
2018-06-27,284.33751595900287,288.952812964588,283.1674318805377,283.5853271484375,471100,0.0,0
2018-06-28,283.73403810696175,286.79851030705674,281.756048744894,285.60986328125,451200,0.0,0
2018-06-29,285.64699886014057,290.1508664168154,285.5541300604978,286.389892578125,528400,0.0,0
2018-07-02,285.21053815657496,286.75206952858383,280.13092376829945,284.43975830078125,948900,0.0,0
2018-07-03,288.85073558945385,288.85073558945385,275.2648843665131,276.5092468261719,672200,0.0,0
2018-07-05,277.6143212148831,278.63579290972785,272.01467595752894,276.6299743652344,785200,0.0,0
2018-07-06,277.15930628970494,281.30102253767416,276.1842547027465,277.59576416015625,431600,0.0,0
2018-07-09,278.0786270970605,284.3375923821472,277.67002709760214,283.7897033691406,455200,0.0,0
2018-07-10,285.17343544388456,288.31221435476834,280.05666696255724,283.49261474609375,433800,0.0,0
2018-07-11,282.3595874408315,291.48804758787776,279.6201141907791,288.27496337890625,852400,0.0,0
2018-07-12,289.1757947535723,290.96804644537275,285.78629601706166,287.14208984375,516200,0.0,0
2018-07-13,287.82000330315987,290.9494864228611,286.81706557354215,288.32147216796875,622400,0.0,0
2018-07-16,287.2999449015447,288.80432301442573,279.49015257297765,281.3009948730469,935000,0.0,0
2018-07-17,280.72527155169684,284.9134083935116,280.44669345694336,283.1954345703125,1035400,0.0,0
2018-07-18,305.7331814350398,317.406051074553,299.52990507864945,314.7966003417969,3338100,0.0,0
2018-07-19,317.2482625272199,322.42074480516976,313.46872696644743,317.08111572265625,1695700,0.0,0
2018-07-20,317.0811351352179,317.0811351352179,312.187230565256,315.9667663574219,914900,0.0,0
2018-07-23,315.73463611019565,322.87581294114835,315.73463611019565,318.17694091796875,968500,0.0,0
2018-07-24,318.39048906945266,322.04929837310436,310.9150190236311,313.0880126953125,655700,0.0,0
2018-07-25,312.28008521802855,319.7555547170106,311.28644307575456,318.6969299316406,725900,0.0,0
2018-07-26,319.34703506092137,321.8079023665248,315.7346456590597,316.2361145019531,536400,0.0,0
2018-07-27,316.78401067598094,318.3812576998805,313.83096984305774,315.1124572753906,568100,0.0,0
2018-07-30,315.01024801785945,316.0874635121927,311.5928923155713,312.4565124511719,592600,0.0,0
2018-07-31,314.31382305608133,323.2936997911334,312.5865541794716,321.8264465332031,915100,0.0,0
2018-08-01,321.3621551275747,324.6959381946259,315.01032024426934,317.5640563964844,764200,0.0,0
2018-08-02,314.6017188492774,319.27273327598056,313.23662966924877,316.6725769042969,517100,0.0,0
2018-08-03,318.42771776936735,318.84561325669296,314.1281496319002,314.8060607910156,439100,0.0,0
2018-08-06,315.82746709919996,320.3963165928781,315.586013925943,320.1920166015625,514500,0.0,0
2018-08-07,320.0063256298825,325.02092857425583,318.94767243095845,324.343017578125,455700,0.0,0
2018-08-08,323.2472789186972,328.5683466856285,322.4393741892822,327.37969970703125,394300,0.0,0
2018-08-09,326.8689053261712,333.03503044251136,324.9466601725898,326.5624694824219,626200,0.0,0
2018-08-10,325.8073440551442,328.613385185709,323.6725428308426,327.49468994140625,451400,1.36,0
2018-08-13,327.40149251413453,330.580394160341,326.4039925631842,329.2286682128906,438800,0.0,0
2018-08-14,331.475351834873,340.266335538835,331.4194199186977,336.9102783203125,847300,0.0,0
2018-08-15,333.5356227699097,334.84074837148376,330.60841452420823,333.63818359375,621100,0.0,0
2018-08-16,334.9619181745135,337.0874164065083,334.26274075017835,335.5585632324219,547200,0.0,0
2018-08-17,336.0340629175018,336.72393748282667,332.95769291268357,333.48907470703125,480300,0.0,0
2018-08-20,334.70089019691056,342.69016432487365,334.1229080830317,341.7019958496094,661800,0.0,0
2018-08-21,341.7019776877214,346.8479129712227,340.77904419885834,344.1351013183594,526700,0.0,0
2018-08-22,343.65965838504565,344.8995203450051,341.6553272590259,342.69012451171875,381700,0.0,0
2018-08-23,343.5012013255188,345.0580488755393,341.60876227466605,342.60626220703125,323600,0.0,0
2018-08-24,343.6969522138531,344.0325721537207,338.13149907012075,340.4061584472656,353200,0.0,0
2018-08-27,340.7697519802031,342.61556211723126,338.5230585102393,339.2315673828125,304200,0.0,0
2018-08-28,339.7629107784271,342.67148414034233,334.68223886405605,336.3043212890625,520500,0.0,0
2018-08-29,336.27637201183774,339.40867318785445,333.6754240516654,337.739990234375,517000,0.0,0
2018-08-30,337.5162236985916,338.2433670526975,328.4548835053324,330.3939514160156,557800,0.0,0
2018-08-31,329.53628272904916,332.6686122716568,328.2218258044336,330.0769958496094,416600,0.0,0
2018-09-04,331.13042234795427,332.92030052951895,326.61837256825805,331.7550048828125,686600,0.0,0
2018-09-05,331.4567397784046,334.850094945159,330.17027705928706,331.5220031738281,684800,0.0,0
2018-09-06,332.090598652781,337.4322952685919,324.0080961663342,329.2099914550781,769400,0.0,0
2018-09-07,328.0633350930739,330.9905427751213,322.90806862233535,325.6208801269531,532200,0.0,0
2018-09-10,326.6090899702181,329.3964682275501,325.60225853673467,328.32440185546875,468000,0.0,0
2018-09-11,328.4082757508229,335.679709130074,326.57176869291453,335.02716064453125,580800,0.0,0
2018-09-12,334.1415573742501,334.2627526840648,329.4524084189473,330.06768798828125,452400,0.0,0
2018-09-13,331.9414194536674,332.2024445058574,328.9023197070576,330.0489807128906,413400,0.0,0
2018-09-14,331.09317536795305,337.04084980688873,329.6481914761135,331.5126647949219,499500,0.0,0
2018-09-17,331.6617821110355,332.27706163863667,325.62090756659006,327.8023376464844,394900,0.0,0
2018-09-18,326.8514618997122,330.7948329744032,322.0318145913599,329.7041320800781,550300,0.0,0
2018-09-19,329.2006987664878,332.96694240939837,326.42262359455054,327.49468994140625,457800,0.0,0
2018-09-20,328.51088798333325,332.40763036706585,326.3294291784866,330.962646484375,466400,0.0,0
2018-09-21,332.32366888891295,335.3254714767497,330.88801675135636,331.9600830078125,1351800,0.0,0
2018-09-24,331.10247064173956,331.10247064173956,325.5276857860894,328.67864990234375,461000,0.0,0
2018-09-25,329.45239738558286,332.2957359872635,328.56678971589395,330.916015625,466400,0.0,0
2018-09-26,332.30501638695125,334.80343184039754,329.86256129740036,332.24908447265625,554200,0.0,0
2018-09-27,332.3423093201066,335.7915957195382,330.86938818091585,331.1956481933594,436400,0.0,0
2018-09-28,331.26096765313633,335.39076918293705,330.8507812513461,333.1907043457031,441900,0.0,0
2018-10-01,333.041516421886,336.6958963137455,329.340536081117,331.876220703125,470600,0.0,0
2018-10-02,329.3032170229972,334.3186540190579,329.2659480461586,330.5244445800781,397600,0.0,0
2018-10-03,332.3423726044967,336.2670810163489,331.0558814489295,333.70343017578125,361200,0.0,0
2018-10-04,333.3211693383333,335.65176072917495,324.2598288727568,328.2684631347656,576300,0.0,0
2018-10-05,328.24051146120564,330.8973914523139,323.5326995770587,327.2430114746094,403800,0.0,0
2018-10-08,324.7445877502539,325.9937812358594,318.1443374536518,322.4512939453125,702500,0.0,0
2018-10-09,321.0716297930126,321.61231453513784,312.0475857996603,312.6535339355469,843400,0.0,0
2018-10-10,308.97113178870393,308.97113178870393,294.6706275045635,294.8570861816406,1327900,0.0,0
2018-10-11,293.0578083885912,300.09620997430244,287.7254437225536,288.06103515625,1075100,0.0,0
2018-10-12,294.25116117803617,294.25116117803617,286.2898529972198,290.4289855957031,758300,0.0,0
2018-10-15,290.29847254808436,299.0335249681777,290.29847254808436,296.4605712890625,1640400,0.0,0
2018-10-16,270.3485865635035,271.7096438954868,249.89531535924834,261.0355529785156,4225200,0.0,0
2018-10-17,262.01439768173077,265.3331574631504,258.5185106830779,260.41094970703125,1476200,0.0,0
2018-10-18,259.9541847212038,260.4855664174889,254.0997399408933,256.2998046875,1398400,0.0,0
2018-10-19,256.8218746640065,260.2152298455173,254.63114121891232,257.558349609375,1099200,0.0,0
2018-10-22,259.75840262388783,259.75840262388783,253.66156769901565,256.5887756347656,822100,0.0,0
2018-10-23,251.93689156140314,256.654005552968,247.04265037473388,255.42344665527344,1021400,0.0,0
2018-10-24,256.00147798275333,259.2177056189328,253.21409966446652,253.44715881347656,1316300,0.0,0
2018-10-25,256.3277489601434,256.78456420670784,251.98352330559152,252.85052490234375,953900,0.0,0
2018-10-26,250.69706213582717,258.58377527572605,249.5224349949226,256.08538818359375,879600,0.0,0
2018-10-29,259.6558831851612,262.9746435135456,253.87600434829983,256.8778076171875,898400,0.0,0
2018-10-30,256.8777949144209,264.13992630993204,255.62860123008164,263.9627990722656,947000,0.0,0
2018-10-31,266.71287169102555,270.5723160557253,264.52211019857975,264.7272033691406,1034400,0.0,0
2018-11-01,265.51964593825136,268.1765260452233,258.98465800506983,267.10443115234375,775000,0.0,0
2018-11-02,270.9918913272015,272.72583795084705,265.3238762023587,269.64013671875,536700,0.0,0
2018-11-05,269.64938814945003,271.21553852843005,265.21193362607517,267.6077880859375,548500,0.0,0
2018-11-06,265.08151448062483,270.1715189571378,263.69246243540874,268.0926208496094,575400,0.0,0
2018-11-07,270.7774596647237,276.67853381485247,268.39093602616225,275.960693359375,453500,0.0,0
2018-11-08,275.67970292238715,277.4684964689084,273.53504843912594,274.42474365234375,382600,1.36,0
2018-11-09,272.30818549645704,276.11987885869877,270.7441522353919,275.1084289550781,471000,0.0,0
2018-11-12,275.33326500696757,276.60697371185665,270.62247201098575,273.16986083984375,491400,0.0,0
2018-11-13,273.66613926642066,280.0533441148715,272.7389745106785,277.17816162109375,550400,0.0,0
2018-11-14,278.06789537606807,283.27505175458367,277.824386004835,281.31768798828125,650200,0.0,0
2018-11-15,280.51226052345976,287.7517201094011,277.68392192819346,286.6840515136719,624600,0.0,0
2018-11-16,285.3260477458396,291.6851571760086,283.5185338754931,290.85162353515625,604300,0.0,0
2018-11-19,289.8775851498212,294.72887963033617,285.26045403587995,285.73809814453125,666700,0.0,0
2018-11-20,280.4934913544664,283.8181940934165,276.2884394780481,278.1334228515625,570100,0.0,0
2018-11-21,279.1636695081348,286.22518503531956,277.03773522423023,283.31256103515625,368100,0.0,0
2018-11-23,282.0950302213899,282.600769509996,278.901427374848,279.04193115234375,132600,0.0,0
2018-11-26,281.7578583932044,289.42811766297405,281.56119313987773,288.3979187011719,499300,0.0,0
2018-11-27,288.27610856709856,288.57580794941373,283.574692403267,285.1480712890625,445000,0.0,0
2018-11-28,285.78498440973425,292.08790468918727,281.6923119161549,291.9286804199219,671200,0.0,0
2018-11-29,290.2054421140154,293.89540941790415,289.3625624201283,291.4416809082031,438000,0.0,0
2018-11-30,291.4603871059032,295.54371330975044,289.48430290475386,294.1108093261719,600400,0.0,0
2018-12-03,297.72581742329845,300.69465937716893,292.8464560061459,297.0608825683594,519400,0.0,0
2018-12-04,296.10560345062026,297.66960786711456,281.2614518149363,281.523681640625,697800,0.0,0
2018-12-06,275.8950460562999,281.1771402228788,271.2029760871479,280.55902099609375,673200,0.0,0
2018-12-07,281.28961437143766,283.9212877977039,270.247806848071,271.0625915527344,496600,0.0,0
2018-12-10,269.826277649325,271.0531702159892,262.55875336486986,267.2039794921875,633400,0.0,0
2018-12-11,268.66506672502385,275.21146831700094,266.0521136639042,268.5339660644531,551100,0.0,0
2018-12-12,272.570386779046,275.46428958359695,268.76803977390193,269.5359802246094,438400,0.0,0
2018-12-13,270.4632021539139,273.69424570629747,266.0333608168425,267.4849853515625,553300,0.0,0
2018-12-14,264.80645601658534,270.43506569531297,264.7970814787933,266.3611145019531,468500,0.0,0
2018-12-17,265.91159467140506,272.3737100786078,263.50468182834885,266.4548034667969,597300,0.0,0
2018-12-18,266.8668770937323,270.3508043301791,262.2309962631447,264.90948486328125,675400,0.0,0
2018-12-19,264.9093891831384,269.17065848187275,259.87083372559,260.7605285644531,653500,0.0,0
2018-12-20,259.3089819268938,262.8397244715734,254.1018261879116,257.6794128417969,734100,0.0,0
2018-12-21,257.6419607392729,264.38502638304305,254.49517390745174,254.9353485107422,951700,0.0,0
2018-12-24,254.35471747412765,255.98428678978675,249.19437653332363,249.5221710205078,247000,0.0,0
2018-12-26,251.04869751572437,261.14458902289346,249.46594396958702,260.9666442871094,365000,0.0,0
2018-12-27,259.39322638143517,264.0384521484375,255.11323598828326,264.0384521484375,404500,0.0,0
2018-12-28,265.0593515837295,267.71911985820674,262.61499764484654,263.60772705078125,337200,0.0,0
2018-12-31,263.8231932499594,266.77328701096934,261.6129451287784,264.4412841796875,460400,0.0,0
2019-01-02,261.19144711492,262.1467068679739,257.16431116109896,259.02801513671875,789200,0.0,0
2019-01-03,257.9323201161776,259.3277546791657,249.4285263413106,251.030029296875,891300,0.0,0
2019-01-04,255.4972639626368,263.6076970896344,254.75738997143057,261.41619873046875,529500,0.0,0
2019-01-07,261.3599789990373,264.9562857890446,256.33076849909816,259.5430908203125,658100,0.0,0
2019-01-08,259.87088711102757,262.95208025896835,253.24954862723777,261.27569580078125,865200,0.0,0
2019-01-09,258.4942296425521,265.0406304139518,256.1622272756211,262.2403869628906,606700,0.0,0
2019-01-10,261.3974495493648,266.51097429961015,258.86881078868396,266.43603515625,413800,0.0,0
2019-01-11,266.0895450583975,267.1384645160975,263.5421569835925,266.4454345703125,287200,0.0,0
2019-01-14,264.6660307334133,266.9511890745291,263.29869126075,263.3642272949219,408700,0.0,0
2019-01-15,268.77738042511567,276.56939356081784,264.75027322911114,274.6120300292969,692400,0.0,0
2019-01-16,274.8087409170908,276.56006496883225,270.24779875087734,270.48193359375,579600,0.0,0
2019-01-17,270.68791845893395,281.91701409811776,270.68791845893395,280.2874450683594,802800,0.0,0
2019-01-18,283.097083179569,289.31571751473297,282.31976817812836,286.0097351074219,688700,0.0,0
2019-01-22,284.3520120054882,286.55288472305057,279.57565662673517,281.53302001953125,561700,0.0,0
2019-01-23,282.86294344562924,285.8879754578371,277.03766827218806,278.302001953125,1039600,0.0,0
2019-01-24,269.9106632100822,276.27911961980016,262.8959637548834,268.0563049316406,1596400,0.0,0
2019-01-25,269.62964923951296,273.43199637686826,267.0073507244094,273.31024169921875,815900,0.0,0
2019-01-28,270.85655973035654,272.60788388622564,268.63696586090043,270.5943298339844,432700,0.0,0
2019-01-29,271.8866880587266,277.4216380625808,269.96679416503247,277.3654479980469,423300,0.0,0
2019-01-30,280.03467069482514,280.03467069482514,272.3925053366203,277.29058837890625,673600,0.0,0
2019-01-31,276.81291835338396,278.91075716820075,273.31024205539705,276.64434814453125,654100,0.0,0
2019-02-01,276.7847524528998,279.9783539694165,272.9355621841492,273.9189453125,428800,0.0,0
2019-02-04,274.12499147293846,280.01580152145664,272.8981276034382,279.659912109375,307200,0.0,0
2019-02-05,279.6131179755154,281.13968131730763,276.8877857008095,280.9523620605469,357600,0.0,0
2019-02-06,280.4748544390342,286.2439410795209,279.7630752866164,284.2584533691406,409300,0.0,0
2019-02-07,282.37601203794344,287.0493346370386,281.6361378872831,283.82763671875,391700,0.0,0
2019-02-08,283.26319615608065,284.43914762741133,280.8924596156363,282.63287353515625,362100,1.36,0
2019-02-11,284.12858123806444,289.1334358443533,283.78992111315034,288.6630554199219,368800,0.0,0
2019-02-12,290.50705049602067,296.2174779375861,289.6980096351781,294.0066833496094,488700,0.0,0
2019-02-13,294.85334605848135,295.9352155428735,288.9359509121938,294.7498474121094,399300,0.0,0
2019-02-14,293.02821510012984,296.06685442908383,290.6574792608657,293.3386535644531,296000,0.0,0
2019-02-15,296.3397411702203,297.96726817945876,293.9313950943153,297.86376953125,328100,0.0,0
2019-02-19,296.923006923589,298.1177918672058,295.54008699017203,296.0104675292969,293000,0.0,0
2019-02-20,295.48359768880033,295.48359768880033,290.86445806747827,292.6142883300781,477200,0.0,0
2019-02-21,293.4327554300838,294.6275115176486,290.0272053374023,291.25018310546875,361900,0.0,0
2019-02-22,291.70180050956054,294.0630913426057,291.1467549069822,293.86553955078125,232200,0.0,0
2019-02-25,295.2107684402441,296.36791472000573,292.62367588195417,292.93414306640625,356100,0.0,0
2019-02-26,293.602091466233,293.9878069140739,290.18712450755964,290.27178955078125,262600,0.0,0
2019-02-27,288.89827916514673,292.78362651548946,288.89827916514673,292.6895446777344,350600,0.0,0
2019-02-28,292.24740820938143,293.3010559693562,286.4711504146096,286.7157287597656,337900,0.0,0
2019-03-01,290.4505468243332,291.6829414582232,281.72970254357574,284.6084289550781,631800,0.0,0
2019-03-04,285.4457107307234,288.8136224250856,282.88683970286695,284.6930847167969,404800,0.0,0
2019-03-05,285.6620881630626,285.7655868080206,282.8774434833374,283.4512939453125,425900,0.0,0
2019-03-06,284.0910137942013,287.2425401395589,282.22829670046923,284.5331726074219,312800,0.0,0
2019-03-07,282.91508001953116,283.9593110010945,278.2959398332695,280.0645751953125,329000,0.0,0
2019-03-08,278.0607819692322,278.7569360380522,273.9402435094285,276.0193176269531,356900,0.0,0
2019-03-11,274.30710742234965,278.1077902845269,273.14998964984716,277.5151062011719,218300,0.0,0
2019-03-12,278.19241387317567,278.60635099001973,275.7370415621082,277.87255859375,308900,0.0,0
2019-03-13,279.255463465945,282.8397602155586,278.7568613349153,281.74847412109375,401000,0.0,0
2019-03-14,281.91787498532364,281.91787498532364,277.9572503148843,279.9046325683594,383900,0.0,0
2019-03-15,279.7823164693807,282.2188840212768,278.7192519427384,279.5753479003906,444200,0.0,0
2019-03-18,279.81997867561256,284.42970223791315,279.81997867561256,284.1662902832031,247800,0.0,0
2019-03-19,286.11355940635246,286.14178107927086,281.2215922290808,281.79547119140625,347900,0.0,0
2019-03-20,281.776711503853,286.01013581033374,278.05130615287874,280.3655700683594,235300,0.0,0
2019-03-21,280.33739047876554,287.50598545382877,280.1210338004095,286.913330078125,310200,0.0,0
2019-03-22,285.90667639806844,285.90667639806844,275.0314816321141,275.1820068359375,446300,0.0,0
2019-03-25,274.579852637711,275.86869035205257,271.0708331955456,272.4443359375,308500,0.0,0
2019-03-26,274.6269957080231,274.6269957080231,269.60330611888645,272.1903991699219,421400,0.0,0
2019-03-27,272.9430127606952,274.8527565769048,270.49702824635176,272.8207092285156,367300,0.0,0
2019-03-28,274.0718940473708,278.1830438018046,272.85833300824345,276.37677001953125,384200,0.0,0
2019-03-29,278.4370437695612,283.72411617546425,277.3175358447813,283.10321044921875,427700,0.0,0
2019-04-01,283.6395112912879,292.98126342954544,283.6395112912879,292.82135009765625,509300,0.0,0
2019-04-02,292.5014450692401,294.7592658995554,290.300038896702,292.8306884765625,442000,0.0,0
2019-04-03,294.23243430822566,296.0575130365663,292.0310569029562,293.122314453125,389400,0.0,0
2019-04-04,292.5766798386667,296.81010446655733,292.5766798386667,295.060302734375,304400,0.0,0
2019-04-05,295.38950493543354,300.0086443860225,295.0226231145792,297.7508239746094,410200,0.0,0
2019-04-08,296.75369971134165,297.76032103305914,295.59655316032274,296.3021240234375,313200,0.0,0
2019-04-09,295.709370539359,295.709370539359,287.0073319355422,287.19549560546875,339400,0.0,0
2019-04-10,282.21892900414144,286.19835901547145,279.4060623447609,285.2105712890625,497200,0.0,0
2019-04-11,287.8728637990934,294.7027977939949,287.8728637990934,290.68572998046875,415700,0.0,0
2019-04-12,288.3432156595645,290.0083521159569,284.636615419233,286.80035400390625,687700,0.0,0
2019-04-15,286.8098063544598,288.03281290110885,285.4363033098287,286.73455810546875,292500,0.0,0
2019-04-16,287.83522529109365,288.82304155928836,284.7777520647833,287.87286376953125,301900,0.0,0
2019-04-17,290.1965283209312,291.90872012213345,287.21430350873277,290.055419921875,314800,0.0,0
2019-04-18,290.5728028286157,293.33864205944894,288.34320417941694,289.9236755371094,520600,0.0,0
2019-04-22,284.8060520058589,289.75446537437404,272.4538521838386,273.9590759277344,881900,0.0,0
2019-04-23,271.1931296108869,276.3673144712788,268.65309245072257,275.8216857910156,633900,0.0,0
2019-04-24,275.83113630490516,278.70986266417,274.7962934643775,276.9223937988281,584300,0.0,0
2019-04-25,275.8969786874729,277.881999402468,271.71999739092473,277.5245056152344,468800,0.0,0
2019-04-26,277.4775060954169,278.57818053735093,273.7614881571496,274.6175842285156,280700,0.0,0
2019-04-29,274.8997560272387,275.9722373177052,267.74996688670154,267.97576904296875,566700,0.0,0
2019-04-30,267.4301031888,268.6813313216532,264.13743988512715,265.2945861816406,1038200,0.0,0
2019-05-01,266.5834301685909,267.41130441169224,258.2012465218095,258.5775451660156,594900,0.0,0
2019-05-02,257.9660662970334,264.08101280949637,257.76851452536005,262.42529296875,466600,0.0,0
2019-05-03,264.60781283925434,267.56181589987193,263.9681023059118,266.75274658203125,556300,0.0,0
2019-05-06,260.3461839288077,263.30018718113456,257.9002283532018,262.7639465332031,499500,0.0,0
2019-05-07,259.96052116151776,260.9483376146826,255.4825175203289,260.08282470703125,602000,0.0,0
2019-05-08,259.8852593657526,262.2748006489679,257.6368265085684,260.1863098144531,378400,0.0,0
2019-05-09,256.95945190858754,258.4176198531814,251.79465492633508,257.2416687011719,490500,0.0,0
2019-05-10,255.90818716024242,258.1779609713852,251.78476810386937,253.16554260253906,456600,1.44,0
2019-05-13,248.77731351183297,249.76089284595804,244.6727984778259,245.8833465576172,687600,0.0,0
2019-05-14,246.67774622512388,248.67327582637486,245.2023917732538,247.8410186767578,354600,0.0,0
2019-05-15,245.5996454290788,248.69221015919774,244.39856395299458,247.58570861816406,363400,0.0,0
2019-05-16,248.68278122440796,251.93613484613783,247.12228439486546,249.5433807373047,310800,0.0,0
2019-05-17,248.80562986265346,257.50646211423845,248.65433663999215,252.60752868652344,659200,0.0,0
2019-05-20,250.82011317175005,256.6837224381348,250.63098217519254,256.0311584472656,494400,0.0,0
2019-05-21,257.24168997442655,260.0883811470328,257.24168997442655,257.55377197265625,408700,0.0,0
2019-05-22,255.7474649012706,256.94854638404274,244.79576063685099,245.03219604492188,723900,0.0,0
2019-05-23,242.63941557401935,249.17449222721288,241.53289984811892,246.7628631591797,561200,0.0,0
2019-05-24,247.76537832203064,248.97592633525588,241.24920527666214,244.5309295654297,403800,0.0,0
2019-05-28,244.56873579518629,247.07494477365287,244.39850926723102,245.3253173828125,483500,0.0,0
2019-05-29,245.3442573870344,249.85543367154895,244.3417449065151,247.5667266845703,531100,0.0,0
2019-05-30,247.45329714509649,252.24821424119267,246.2994911767177,250.23377990722656,738000,0.0,0
2019-05-31,247.46277880557054,248.75844032779185,245.0795200913804,247.49114990234375,493900,0.0,0
2019-06-03,247.65189932323236,249.91223576333888,246.1198024389863,248.59764099121094,553000,0.0,0
2019-06-04,251.08495314525794,255.3786285180072,250.4323890673518,254.867919921875,470600,0.0,0
2019-06-05,256.2864803822462,258.3198477008671,251.29296640633072,254.5557861328125,328000,0.0,0
2019-06-06,254.6787221467963,255.66227247046334,249.69464625345134,251.4253692626953,402800,0.0,0
2019-06-07,253.14666318892037,258.10233986703537,252.5130036267202,256.4094543457031,413700,0.0,0
2019-06-10,256.9863244338346,260.72198569653034,255.6906344547242,260.2491149902344,479700,0.0,0
2019-06-11,259.98433295696105,261.45024960114387,255.00028563491594,259.5303955078125,819500,0.0,0
2019-06-12,260.4572054856375,262.6040571799386,258.86836667929094,260.1261901855469,447200,0.0,0
2019-06-13,259.9086925220327,264.71304676422363,259.9086925220327,264.5806579589844,305700,0.0,0
2019-06-14,263.39848691095324,263.39848691095324,253.2033942112036,257.5821533203125,426700,0.0,0
2019-06-17,257.3551622016153,260.0126934027555,255.01917963437143,257.6578063964844,447000,0.0,0
2019-06-18,259.37911078171874,263.52146377256986,256.40946818581386,257.1187744140625,417400,0.0,0
2019-06-19,256.0783935430672,260.0694234843243,253.64786003200572,259.3033752441406,453800,0.0,0
2019-06-20,263.2376693837294,264.0604598200189,257.49701190657044,261.7812194824219,394600,0.0,0
2019-06-21,260.47616092225456,262.1406464915081,256.98637215284316,259.152099609375,638300,0.0,0
2019-06-24,259.2750808187315,262.9161921295658,256.22035360471494,256.3243713378906,381600,0.0,0
2019-06-25,256.55131101943465,257.3646637958615,252.91966677313354,253.04261779785156,473600,0.0,0
2019-06-26,254.4422974999696,255.55826552674282,250.46070506306205,251.94552612304688,360900,0.0,0
2019-06-27,252.69266921014767,253.45871750261566,250.86739507435306,251.690185546875,416200,0.0,0
2019-06-28,252.73054317127972,254.6787685969844,250.2526758862656,253.67628479003906,564500,0.0,0
2019-07-01,254.90571375708143,258.1496002823714,251.4821340319191,252.78726196289062,536100,0.0,0
2019-07-02,252.28601025435222,253.29793171832736,249.2028837471881,250.7633514404297,369800,0.0,0
2019-07-03,250.69720102027568,254.2059235620851,250.69720102027568,254.1964569091797,217600,0.0,0
2019-07-05,253.16552466417187,255.4636694028007,250.14860720594376,254.9056854248047,256800,0.0,0
2019-07-08,252.99532296112568,255.19888800103536,251.0943732723464,251.46322631835938,266900,0.0,0
2019-07-09,250.65933515433466,253.43981747230933,247.90722392688053,252.2198028564453,532900,0.0,0
2019-07-10,251.7941849834684,252.55079543217926,243.8121251354284,244.51199340820312,780300,0.0,0
2019-07-11,244.02021358030305,249.04209868041548,242.1854727452696,248.55032348632812,532300,0.0,0
2019-07-12,249.49609720579474,256.1351930609459,249.49609720579474,254.59365844726562,469400,0.0,0
2019-07-15,255.2367281315219,258.1495993378769,254.37609987784538,256.5607604980469,309500,0.0,0
2019-07-16,257.4686659126737,261.7434361167435,256.39997336165624,258.1023254394531,447000,0.0,0
2019-07-17,257.2321917277148,257.8563845092448,253.89372577162484,254.40443420410156,399700,0.0,0
2019-07-18,254.82062408555868,256.1446565795671,252.26711017002955,254.08294677734375,330600,0.0,0
2019-07-19,255.18939481362767,258.4143765211848,252.59807255701799,252.7210235595703,439400,0.0,0
2019-07-22,254.25313529913538,257.402470581183,253.45871592159583,254.8016815185547,513900,0.0,0
2019-07-23,256.4188920453651,264.0415660638908,255.89871691441255,263.65380859375,664200,0.0,0
2019-07-24,268.93101047592194,288.29980472558356,268.93101047592194,287.57159423828125,1675700,0.0,0
2019-07-25,288.2052213771988,288.72539645770195,279.92998423122737,283.8453674316406,902300,0.0,0
2019-07-26,283.8358777890739,288.0538759570719,283.10766736944436,283.5332336425781,504700,0.0,0
2019-07-29,283.15497182227483,283.15497182227483,275.33370076725134,275.73089599609375,502900,0.0,0
2019-07-30,274.50147363122665,280.95143766455584,274.26503825342195,280.62042236328125,427100,0.0,0
2019-07-31,280.48802039609484,282.8523743064669,272.7329568871196,275.2391662597656,568500,0.0,0
2019-08-01,275.73091419366426,277.56565495546715,261.7528564134298,262.5851135253906,674900,0.0,0
2019-08-02,261.5920607351218,263.69160766694966,257.6104977701557,261.3934631347656,468300,0.0,0
2019-08-05,257.37406753905407,258.43329324427356,252.33324992817126,254.24363708496094,569200,0.0,0
2019-08-06,256.78778133109563,259.22781113038945,253.08992774382634,255.33135986328125,541100,0.0,0
2019-08-07,251.61450309673347,260.2680605179008,250.4796306653471,259.4168701171875,673400,0.0,0
2019-08-08,260.14509480328184,262.1595286107365,259.0101935743184,261.667724609375,357600,0.0,0
2019-08-09,260.4889167373619,261.534680964768,254.53759132636563,255.12701416015625,374500,1.44,0
2019-08-12,253.56789268302364,253.90063979493303,249.26127061094107,250.39259338378906,346900,0.0,0
2019-08-13,248.40564117159366,258.3308408175061,247.64507224480192,254.99391174316406,561600,0.0,0
2019-08-14,250.98205691127023,252.38908797793655,249.66058442793067,251.31480407714844,470600,0.0,0
2019-08-15,252.2559241625042,253.60591588813966,250.54469483234942,251.75205993652344,524900,0.0,0
2019-08-16,254.25234352670674,257.1804537453749,252.45552686024593,255.98260498046875,376700,0.0,0
2019-08-19,259.2244874807524,262.599423193803,259.2244874807524,261.81036376953125,301000,0.0,0
2019-08-20,261.6582962399546,263.3314901253572,258.3308828028882,258.65411376953125,351800,0.0,0
2019-08-21,261.7817839347478,264.9190759390648,260.96420508718086,261.2684326171875,286300,0.0,0
2019-08-22,262.0860721799894,262.1241078832352,258.1502327699075,259.4051208496094,318200,0.0,0
2019-08-23,257.9885993008805,258.08367405133845,251.59996484082998,252.90240478515625,373500,0.0,0
2019-08-26,256.2488638541624,257.03792339788436,252.66474576050354,254.2809295654297,234800,0.0,0
2019-08-27,256.5625568646195,256.5625568646195,249.91724690264607,252.28445434570312,238800,0.0,0
2019-08-28,251.98973083040806,256.438950273254,250.03131298130737,255.14602661132812,254000,0.0,0
2019-08-29,258.0361820457381,260.7361370077855,256.73371293288534,259.8804931640625,231500,0.0,0
2019-08-30,261.9434285023541,264.15852186354044,259.40507523952743,260.1561279296875,227800,0.0,0
2019-09-03,258.13119044903624,258.13119044903624,250.82038621702725,252.9784698486328,361900,0.0,0
2019-09-04,255.08902401987646,258.08369026461844,254.42352973760387,254.94642639160156,213600,0.0,0
2019-09-05,257.54177709307584,266.202573435438,257.54177709307584,263.1318359375,316100,0.0,0
2019-09-06,265.4990056744919,267.4289039042561,262.5328595295082,264.50079345703125,295000,0.0,0
2019-09-09,265.8983503134291,272.2679816101454,265.80327556025964,271.8021240234375,422200,0.0,0
2019-09-10,268.43665643020483,277.1354880189213,266.7254270428038,276.3939514160156,432200,0.0,0
2019-09-11,277.7629611660711,282.84912672934075,275.96614410316226,280.4533996582031,333200,0.0,0
2019-09-12,280.38687141930205,281.40411623496664,276.7552302534815,279.1224670410156,315400,0.0,0
2019-09-13,279.892461316449,283.76177402111836,279.892461316449,280.9857482910156,341500,0.0,0
2019-09-16,280.1966874392151,282.83008653989197,278.03860400906154,281.2234191894531,233900,0.0,0
2019-09-17,279.47418796399126,279.94953270461696,274.6827048549167,277.25909423828125,324100,0.0,0
2019-09-18,276.31786984625603,278.75163240279056,274.3784553358889,278.0576477050781,283900,0.0,0
2019-09-19,277.3826961311374,280.19675825643816,276.19433412263874,277.75347900390625,303400,0.0,0
2019-09-20,278.9418195083028,280.1206652457761,275.3196947066542,277.7724609375,534500,0.0,0
2019-09-23,275.6619131952466,279.0463654193197,275.38623413552176,276.7171936035156,391700,0.0,0
2019-09-24,277.4587207245319,277.6108345174792,269.91976037790516,272.4295654296875,297700,0.0,0
2019-09-25,273.389798418052,278.2288047028613,272.087358388208,276.7552185058594,285700,0.0,0
2019-09-26,276.19430569432933,280.3202946816249,274.47356000415687,279.1414489746094,272000,0.0,0
2019-09-27,280.4533638340152,281.40405320294406,277.5252533433186,280.44384765625,261100,0.0,0
2019-09-30,279.55977865283376,283.0393060354863,278.29537426311487,282.4974060058594,338400,0.0,0
2019-10-01,285.32094152347884,288.7909525592088,267.9898896911362,271.9447326660156,593000,0.0,0
2019-10-02,269.01652744007873,274.52102610030386,265.0331373213735,273.0189208984375,559900,0.0,0
2019-10-03,272.08729120124593,274.61609922603395,267.6095236772133,274.4544982910156,364200,0.0,0
2019-10-04,275.6999242012125,277.61081916682116,274.36896485244387,276.8502502441406,258400,0.0,0
2019-10-07,275.718915339204,277.9530411182767,274.15028371142495,274.720703125,299800,0.0,0
2019-10-08,271.7736160172983,274.0457779595613,265.47053968193245,268.27508544921875,369700,0.0,0
2019-10-09,271.4408206772201,272.44854909656647,268.5887525441106,269.98626708984375,211900,0.0,0
2019-10-10,269.82474496650894,275.8901496101761,269.82474496650894,274.4736022949219,324300,0.0,0
2019-10-11,289.00961263675663,296.0542254263066,287.10823360625164,290.15045166015625,883000,0.0,0
2019-10-14,287.041700753989,293.43985213500486,286.75650548227696,290.9775695800781,456200,0.0,0
2019-10-15,290.9775103999338,295.43624598824124,289.3232911222141,292.18487548828125,332600,0.0,0
2019-10-16,291.7190531546575,294.97991088906724,291.7190531546575,292.6792297363281,205100,0.0,0
2019-10-17,293.4208116533148,296.7767443185472,293.1545907497506,295.417236328125,222200,0.0,0
2019-10-18,295.15103102816096,298.44992449639614,294.476049659369,294.7897644042969,485800,0.0,0
2019-10-21,298.00309747305334,301.84389085346425,296.78621617594894,301.1593933105469,557900,0.0,0
2019-10-22,298.65907344964825,304.70547320615594,297.38515311708187,303.4410400390625,562900,0.0,0
2019-10-23,292.24193375342537,299.46717944089653,283.5431310103092,297.0334167480469,1019800,0.0,0
2019-10-24,298.41192107584106,300.8932065783821,295.17955378234325,299.66680908203125,439400,0.0,0
2019-10-25,301.3686025143584,304.1731484330754,299.27707379401915,301.69183349609375,327300,0.0,0
2019-10-28,303.2699206788003,304.17308722008636,299.8093973129655,300.78863525390625,414700,0.0,0
2019-10-29,300.465388805732,300.77913257109293,296.3489162564224,297.5087585449219,426900,0.0,0
2019-10-30,297.2044859313168,297.5372329906634,291.99472710729157,295.074951171875,290600,0.0,0
2019-10-31,294.59014038661707,295.5218265085136,290.4356320594257,293.6109313964844,428800,0.0,0
2019-11-01,296.7482422860108,302.15763899201943,294.60919085457056,302.00555419921875,405100,0.0,0
2019-11-04,303.57405917996317,306.41661038733577,301.4730153188594,303.62158203125,322600,0.0,0
2019-11-05,305.09529051985623,308.898048562412,303.07031722015665,306.56884765625,296200,0.0,0
2019-11-06,306.8160327919723,307.8047289828386,302.319261012204,305.41851806640625,292800,0.0,0
2019-11-07,307.44307278622495,308.4553387491019,304.1961803122777,306.2875671386719,392800,1.44,0
2019-11-08,306.26837428336535,310.4607059390052,303.9191565983177,310.288818359375,322200,0.0,0
2019-11-11,307.94914387223866,312.96273583182915,307.6244576044408,312.41839599609375,253300,0.0,0
2019-11-12,312.2369441180695,313.00093750885713,308.66536608916226,310.785400390625,269500,0.0,0
2019-11-13,309.32427873166614,310.9668279922521,306.89864722215026,307.9968566894531,186800,0.0,0
2019-11-14,307.9014657649531,310.3366278096126,306.22070909964754,307.89190673828125,258400,0.0,0
2019-11-15,310.241096446409,310.4702799184686,306.9559973444891,308.9041442871094,266300,0.0,0
2019-11-18,307.6149362377871,308.1688351661793,301.77052441521676,303.19342041015625,364000,0.0,0
2019-11-19,304.1483563548973,305.9723523744736,301.2739167523148,301.67498779296875,298800,0.0,0
2019-11-20,300.1374949929345,300.74866056819616,296.9956358935954,298.28485107421875,333400,0.0,0
2019-11-21,295.23849935732494,299.68866261228624,295.23849935732494,298.55224609375,273400,0.0,0
2019-11-22,301.5890500977297,305.89597379128367,300.62452114627445,304.6354064941406,370000,0.0,0
2019-11-25,305.8482245307864,308.77043033360513,305.05561227169335,306.0583190917969,307500,0.0,0
2019-11-26,307.2806904277391,307.500344022226,304.47307625954465,306.2397766113281,323900,0.0,0
2019-11-27,307.14701639123416,307.14701639123416,303.39399115577635,304.8646240234375,323700,0.0,0
2019-11-29,305.1033678033945,305.92465718979025,302.27666465394344,302.6777648925781,125700,0.0,0
2019-12-02,301.9137389096037,306.07742297783255,300.5767868302163,300.84417724609375,242500,0.0,0
2019-12-03,296.0597654094968,299.4976629652979,295.33400808459436,298.5044860839844,240900,0.0,0
2019-12-04,299.5358428225909,304.4730205637487,299.4403400101373,302.6012878417969,346800,0.0,0
2019-12-05,303.6517695916964,309.56303539631324,301.6463270435383,303.9573669433594,470900,0.0,0
2019-12-06,307.0037757812544,308.6081184374814,304.3966971073561,307.0133056640625,275000,0.0,0
2019-12-09,306.3448453181731,312.57123944724646,306.3448453181731,309.7063293457031,356200,0.0,0
2019-12-10,309.93551629853243,311.65447986473055,308.4171174249165,308.9996643066406,225000,0.0,0
2019-12-11,312.8959124358542,315.1210088402452,310.4989575704718,314.68170166015625,340700,0.0,0
2019-12-12,313.6312295737383,323.73479836329216,312.8576771374312,323.5437927246094,475200,0.0,0
2019-12-13,322.56019722738415,323.69661382650816,316.83037739047154,317.3460693359375,551300,0.0,0
2019-12-16,319.4565123053949,322.20683021015896,317.8235219782041,322.0349426269531,531100,0.0,0
2019-12-17,320.61205839706463,321.15636909684025,315.56981843766675,316.5534362792969,304000,0.0,0
2019-12-18,316.62983033807836,317.8044538535289,314.41429308732586,317.55615234375,345900,0.0,0
2019-12-19,317.5274591217657,319.8671467936933,315.9804127056748,319.7620849609375,231500,0.0,0
2019-12-20,322.2546250240638,323.3432756251433,319.32286024913685,322.3883056640625,773800,0.0,0
2019-12-23,323.41965367405675,323.41965367405675,320.6693358282237,322.5124206542969,325000,0.0,0
2019-12-24,323.59155103589967,323.59155103589967,321.14683046422465,322.187744140625,70600,0.0,0
2019-12-26,322.59839198704367,324.5083318604548,319.4470028532631,323.64886474609375,257200,0.0,0
2019-12-27,325.1673007502023,325.2341556478497,321.6338999217055,322.27374267578125,176500,0.0,0
2019-12-30,322.25468179413394,323.93540940423003,321.3092415486184,323.0186462402344,173200,0.0,0
2019-12-31,321.5957008697093,324.45105179361093,321.5001980427146,323.27642822265625,212400,0.0,0
2020-01-02,324.4510403164741,329.18768310546875,322.02540848479606,329.18768310546875,376700,0.0,0
2020-01-03,324.250506672741,326.8480261160109,319.9244939424339,325.320068359375,355200,0.0,0
2020-01-06,322.7034142983852,324.5464990560114,320.1536320566871,322.2927551269531,316500,0.0,0
2020-01-07,320.04861302293824,324.0212619962831,318.48244846296967,322.62701416015625,325000,0.0,0
2020-01-08,322.8848671637158,327.6597167859177,322.8848671637158,326.0362854003906,321200,0.0,0
2020-01-09,326.5424479279329,328.2040864213726,325.129081819887,327.7170715332031,261500,0.0,0
2020-01-10,328.85347341994157,330.99262615588003,325.60658106883403,325.9408264160156,225400,0.0,0
2020-01-13,326.8098663511184,329.75116141410393,326.0745498712156,328.9299011230469,203800,0.0,0
2020-01-14,328.1372210502549,330.2095187312724,324.54655374063526,324.9571838378906,289700,0.0,0
2020-01-15,326.5901339377269,326.5901339377269,322.6365738616825,323.99261474609375,227600,0.0,0
2020-01-16,325.3200463438319,327.28728198648344,322.89441466219984,325.7784423828125,256700,0.0,0
2020-01-17,324.8902426294889,326.8193001295852,322.923007323538,324.83294677734375,483100,0.0,0
2020-01-21,323.64889818788544,323.64889818788544,315.49344592559476,319.3897399902344,399400,0.0,0
2020-01-22,322.05404378855195,322.36920017979025,315.4361092929741,316.1618957519531,260900,0.0,0
2020-01-23,313.7649135845933,317.9381274587652,310.19333542104454,317.5657043457031,261700,0.0,0
2020-01-24,318.8358496817616,319.80993779598083,311.68313324898713,314.1851501464844,229600,0.0,0
2020-01-27,309.3624792231819,311.29150773290684,305.7335764871234,307.6148681640625,233200,0.0,0
2020-01-28,310.0118978235865,311.3965867574362,307.19472482925823,308.8850402832031,483200,0.0,0
2020-01-29,310.50847681705625,315.2355897787143,310.50847681705625,312.74310302734375,531600,0.0,0
2020-01-30,302.2575627631318,307.08014958563575,293.1089338810641,298.4758605957031,800400,0.0,0
2020-01-31,295.52502775122,296.84289110206026,285.2304516303121,289.0408020019531,807800,0.0,0
2020-02-03,291.934369338489,294.6082739438385,287.82798044903313,289.5755920410156,507400,0.0,0
2020-02-04,294.14984445333516,299.13478894357047,293.7392143539635,294.26446533203125,376600,0.0,0
2020-02-05,299.1730182341306,301.07339932131845,296.9479508248295,300.87286376953125,350400,0.0,0
2020-02-06,302.48671156813856,302.48671156813856,294.1784618977122,296.0215759277344,373400,0.0,0
2020-02-07,294.17947041501253,295.18688622429363,287.3003959613445,287.5402526855469,578500,1.44,0
2020-02-10,287.7801053411573,287.7801053411573,282.3977053008715,286.07232666015625,271400,0.0,0
2020-02-11,287.1468687115825,290.80228264961494,287.1468687115825,288.6627502441406,222000,0.0,0
2020-02-12,293.8820545126368,299.6002306990378,293.8148876018721,298.3433837890625,316400,0.0,0
2020-02-13,296.4149802317566,297.40318886014603,292.85548501818346,292.9706115722656,245200,0.0,0
2020-02-14,292.9802018260125,295.4363324655112,291.83848141787985,295.1676940917969,185100,0.0,0
2020-02-18,293.89165798073435,296.65481216513115,292.5772477992616,295.6761779785156,175300,0.0,0
2020-02-19,296.5780216585429,298.3241855435942,293.76690802958535,294.6783752441406,181800,0.0,0
2020-02-20,293.6613835610429,299.69618718410317,293.6613835610429,297.7005920410156,160000,0.0,0
2020-02-21,295.20608841475735,295.86809537016035,290.6871955586746,291.0133972167969,200200,0.0,0
2020-02-24,282.3017312396442,287.86642422710923,280.6995048859041,284.0287170410156,255300,0.0,0
2020-02-25,284.29739011935686,284.29739011935686,272.1414382387911,273.2351989746094,291600,0.0,0
2020-02-26,276.4013506066138,278.8574816480924,272.0071873575379,273.2928161621094,443800,0.0,0
2020-02-27,268.44765419369014,276.5548237928683,262.78704093290526,268.4380798339844,704900,0.0,0
2020-02-28,259.975945758583,266.48085990756323,258.0283100418653,266.2793884277344,713000,0.0,0
2020-03-02,268.0254486091915,277.197595474133,261.0888117958206,277.1592102050781,523400,0.0,0
2020-03-03,276.61235679594876,281.10246749206686,270.96134779270864,274.2617492675781,560200,0.0,0
2020-03-04,280.1430992010661,284.42216499000585,276.3629542244888,282.7143859863281,484400,0.0,0
2020-03-05,273.49422479004056,281.7165202003266,273.49422479004056,278.55999755859375,447000,0.0,0
2020-03-06,269.2439877834342,273.86843267720076,266.73029387668583,273.0816955566406,485400,0.0,0
2020-03-09,257.9995014186712,271.63295000982265,241.4206051007205,245.4501953125,949100,0.0,0
2020-03-10,253.73962184494133,268.31331813380586,245.99704008791113,268.2749328613281,486800,0.0,0
2020-03-11,261.57815784379216,270.06906228317587,257.76923197028015,263.46820068359375,597700,0.0,0
2020-03-12,244.65385779173175,246.40002176459183,232.4019722651652,236.20130920410156,701200,0.0,0
2020-03-13,248.35724515935945,255.32269415593527,236.3740119745788,255.22674560546875,543300,0.0,0
2020-03-16,231.22189834680162,246.45760322132605,214.91163995719322,220.21726989746094,602800,0.0,0
2020-03-17,223.81513532016103,236.94010464062754,216.8113151066136,236.4315948486328,599300,0.0,0
2020-03-18,220.6681899365734,235.90389399602637,216.9264308326565,226.3192138671875,534900,0.0,0
2020-03-19,224.02617355109848,238.51352510556887,217.4253120182961,225.4461212158203,413100,0.0,0
2020-03-20,225.8587191935635,227.00043969427344,203.40811805210325,205.10630798339844,474200,0.0,0
2020-03-23,204.01251449675146,209.3085545404404,192.470611245238,200.99032592773438,473200,0.0,0
2020-03-24,212.20604039620716,230.2336805280778,212.20604039620716,229.005615234375,711400,0.0,0
2020-03-25,228.94804244514162,245.0376207795686,221.20546044961608,227.6623992919922,465700,0.0,0
2020-03-26,229.99384500541956,238.91651916503903,218.81652614634262,238.91651916503906,429600,0.0,0
2020-03-27,231.14511967208443,243.49293879939216,229.01519085035267,237.12234497070312,316300,0.0,0
2020-03-30,236.8441387316335,245.89154253125142,232.08537459267023,244.78819274902344,330600,0.0,0
2020-03-31,241.4685578288799,246.61110129489393,237.94746282379757,238.41758728027344,383200,0.0,0
2020-04-01,230.26244639311767,235.33780804090148,224.36197706017086,226.92364501953125,412400,0.0,0
2020-04-02,225.17749648574807,234.81974001491184,224.40036301844796,229.9650421142578,460400,0.0,0
2020-04-03,227.0099919943703,233.0831658301562,224.51547627981105,229.07275390625,332900,0.0,0
2020-04-06,238.29287362065017,244.41402241932792,235.22271022182997,240.98886108398438,414500,0.0,0
2020-04-07,242.98445907183674,261.47262011588003,242.98445907183674,247.46498107910156,600900,0.0,0
2020-04-08,251.14918720148083,262.6335291946469,246.4863861850042,259.4290466308594,325900,0.0,0
2020-04-09,263.7848034694085,270.75982567849894,262.26889274771725,268.5147705078125,447000,0.0,0
2020-04-13,266.9989641446191,266.9989641446191,260.964159752122,263.2283935546875,271000,0.0,0
2020-04-14,271.8152297474184,276.8618245560655,268.639529085226,275.9599609375,457600,0.0,0
2020-04-15,269.96354553203815,271.3355189705898,265.3294972132971,268.0926513671875,282100,0.0,0
2020-04-16,268.2461778852954,271.6329538532803,264.25495825309844,268.56280517578125,291200,0.0,0
2020-04-17,275.8160966693708,280.07595507966346,264.93619752288475,268.85064697265625,364000,0.0,0
2020-04-20,265.08966769749037,265.99153141749144,260.743464569991,263.372314453125,299200,0.0,0
2020-04-21,259.04524689476943,261.72205597757613,257.61571027204917,259.131591796875,230100,0.0,0
2020-04-22,265.13764981224114,266.72069846162145,260.5132047758895,264.92657470703125,364100,0.0,0
2020-04-23,253.48061444427267,261.27115667171324,245.79559512828487,247.9447021484375,858600,0.0,0
2020-04-24,249.49893296360207,260.4747781326632,248.67383995206157,258.6710510253906,435600,0.0,0
2020-04-27,261.28068033039085,267.87196685866473,259.5057642230157,265.8763427734375,340300,0.0,0
2020-04-28,272.582743917976,276.21897981925565,271.2011962132158,274.4152526855469,406400,0.0,0
2020-04-29,279.91282074229565,280.8242880828603,267.2771545631319,269.25360107421875,471900,0.0,0
2020-04-30,265.1375810272038,265.97227759236387,260.68582697384335,264.3988037109375,371000,0.0,0
2020-05-01,260.05261239973345,261.37662601737617,255.07318515740653,256.8001708984375,253200,0.0,0
2020-05-04,255.25555543611318,261.3191414309342,252.58834940311257,261.07928466796875,280200,0.0,0
2020-05-05,264.4947856865466,270.53919237959644,263.4010543081788,267.8815612792969,286900,0.0,0
2020-05-06,271.9783655811042,274.34815134713676,267.6609442544414,269.1192626953125,295400,0.0,0
2020-05-07,272.3045972418872,276.2670357141567,268.52445225473843,269.70452880859375,284400,0.0,0
2020-05-08,274.2852372398207,275.2785339355469,271.2474580648967,275.2785339355469,198200,1.44,0
2020-05-11,272.5493915938634,277.8534099919413,269.04873474230885,276.3779296875,220100,0.0,0
2020-05-12,276.8601034720136,276.86975655913614,267.22608708253887,267.3321533203125,271700,0.0,0
2020-05-13,266.5993179657192,269.6081388503992,260.6684362805569,263.3397521972656,351400,0.0,0
2020-05-14,258.6528256355058,267.2067549204927,254.42889410674127,267.1488952636719,281000,0.0,0
2020-05-15,264.892272012725,269.6851763026709,263.6964665692434,268.8558349609375,435000,0.0,0
2020-05-18,277.1204462932571,282.540212758586,276.76363526448466,280.5536193847656,234200,0.0,0
2020-05-19,280.05215334092895,283.0416967393666,276.2043386700226,276.30078125,262800,0.0,0
2020-05-20,280.7368301383363,288.7314398660325,280.7368301383363,285.5201110839844,266300,0.0,0
2020-05-21,285.7997682302312,288.7025220968366,283.8035510591511,284.9125671386719,330900,0.0,0
2020-05-22,285.4237085341498,285.4237085341498,281.0744038494834,282.4727478027344,284700,0.0,0
2020-05-26,289.31007479281664,296.25352835990134,289.31007479281664,294.8648376464844,487500,0.0,0
2020-05-27,300.8728006461077,304.4216929801114,297.4300333981946,303.1390686035156,336800,0.0,0
2020-05-28,305.29927420012297,305.29927420012297,297.80615363965615,298.19189453125,250400,0.0,0
2020-05-29,297.4589570586365,301.15246902572324,295.47236376613455,298.5872497558594,876800,0.0,0
2020-06-01,298.0472109221017,301.44177157792535,293.13858727589724,295.03839111328125,306000,0.0,0
2020-06-02,301.6828637649119,304.5663406113917,299.9566683215585,303.7658996582031,366600,0.0,0
2020-06-03,307.3919458209344,308.095944244646,304.19989377325226,306.6686706542969,357700,0.0,0
2020-06-04,303.60202287896817,307.1798161717096,301.065732986245,305.0581970214844,258400,0.0,0
2020-06-05,310.96016436657277,312.87924536189865,308.0959930755331,311.32659912109375,443000,0.0,0
2020-06-08,310.9215010452677,318.63643538387134,310.02464699163835,316.67877197265625,347200,0.0,0
2020-06-09,314.1521365070779,317.36346498465804,312.46449461609524,314.7114562988281,243200,0.0,0
2020-06-10,317.0259953998074,317.15136781753813,309.2917827220552,309.4364318847656,204400,0.0,0
2020-06-11,301.42249483612426,304.1998760227709,294.8455059747096,295.03839111328125,290800,0.0,0
2020-06-12,304.0552551600484,304.1323915645664,287.796013547057,292.92645263671875,294000,0.0,0
2020-06-15,286.54236119477343,295.2120107977873,284.3050227713685,292.01995849609375,532000,0.0,0
2020-06-16,302.5701616461063,302.859459988769,294.62378657940616,299.59027099609375,275800,0.0,0
2020-06-17,299.86990319549307,302.49298237453746,298.11474835161675,299.214111328125,204800,0.0,0
2020-06-18,297.19858150053733,298.94408321939625,292.3864001305482,293.62078857421875,262600,0.0,0
2020-06-19,298.64510927036275,298.64510927036275,289.3003924452962,292.2127990722656,398500,0.0,0
2020-06-22,291.4895593872984,293.20613135555016,287.87318337860984,292.38641357421875,231000,0.0,0
2020-06-23,296.3210293086919,297.015374706715,290.49627397931687,290.73736572265625,338900,0.0,0
2020-06-24,288.4518098275141,289.3004575274763,281.3251527396957,284.2857666015625,378700,0.0,0
2020-06-25,283.08026072737204,285.963708265971,280.9586418303197,285.4043884277344,287200,0.0,0
2020-06-26,285.24042072373805,286.831620112362,280.84291031911107,282.6752014160156,635600,0.0,0
2020-06-29,285.934794433486,294.527307302042,285.82872819777026,292.65643310546875,360800,0.0,0
2020-06-30,293.5822144097129,304.6820870772145,293.22540335811465,302.96551513671875,509300,0.0,0
2020-07-01,303.2548356344358,305.52110394845545,296.55250270761405,296.9864501953125,396700,0.0,0
2020-07-02,302.0397175899557,306.9579651175899,299.3877086787194,306.1961364746094,311800,0.0,0
2020-07-06,311.2012482175045,312.64779874328127,308.5877924112295,310.70941162109375,318700,0.0,0
2020-07-07,307.85484464666536,313.2167220570885,307.4497976144482,309.4171142578125,334300,0.0,0
2020-07-08,306.2829235433195,309.19530089344664,293.9775928747075,297.7675476074219,457400,0.0,0
2020-07-09,299.23340038308385,301.7793135826062,296.0027655251975,297.9797058105469,266200,0.0,0
2020-07-10,298.2208060518688,300.05312667718795,294.6140833201933,299.9373779296875,259100,0.0,0
2020-07-13,303.17768121829124,312.8116974649039,302.22296737191147,308.1441650390625,581900,0.0,0
2020-07-14,308.02841742521514,316.1483697774478,307.40158486213136,315.91693115234375,403300,0.0,0
2020-07-15,319.39836501929614,323.082224625225,315.1937095581387,321.73211669921875,390100,0.0,0
2020-07-16,321.65497197220594,325.86925098200066,318.819730685818,321.44281005859375,226300,0.0,0
2020-07-17,323.10154503021573,324.33593367837676,318.00968817778335,318.5014953613281,824500,0.0,0
2020-07-20,315.2708630722778,320.16983433513013,314.03647452674574,318.9450988769531,308100,0.0,0
2020-07-21,321.4620412872074,327.1903827135087,321.20167283333575,325.30023193359375,360800,0.0,0
2020-07-22,325.6280899629409,330.6138497269545,324.5769337059828,326.87213134765625,315500,0.0,0
2020-07-23,326.8625203348301,330.87429018142484,315.00081920442886,326.5924987792969,519000,0.0,0
2020-07-24,326.95895169706137,335.0692806017027,324.07547474457203,329.2252197265625,395800,0.0,0
2020-07-27,328.89733330918256,333.77702767405293,327.2193442502375,327.6822509765625,385500,0.0,0
2020-07-28,325.7342038457211,326.3321360572064,321.6356444373295,321.7610168457031,358900,0.0,0
2020-07-29,323.2654218034146,330.95142720916215,323.2654218034146,328.61767578125,488300,0.0,0
2020-07-30,324.3455201724886,328.34766651996694,321.2306337897408,327.6822509765625,239500,0.0,0
2020-07-31,328.0680117626504,329.54349209399754,323.2172469346138,329.3602600097656,478200,0.0,0
2020-08-03,330.7007157727814,333.51665068652613,329.6977659397354,329.77490234375,197900,0.0,0
2020-08-04,328.88768181593196,330.700696219576,325.66670003866386,326.45745849609375,259200,0.0,0
2020-08-05,328.2994732766695,332.42696314271717,324.9049117985664,332.1376647949219,275400,0.0,0
2020-08-06,332.1376466903537,334.51963439118566,331.038254168364,334.2399597167969,294300,0.0,0
2020-08-07,334.5692896906787,338.5504278327017,332.61264145260805,338.42449951171875,197600,1.53,0
2020-08-10,337.572088729551,342.6477686387057,337.0102887908572,341.0301513671875,248400,0.0,0
2020-08-11,341.0301326825277,345.59243272923317,340.381128895196,341.8534851074219,369000,0.0,0
2020-08-12,343.5679871214146,346.83230929303363,341.7081795596783,344.6528625488281,186500,0.0,0
2020-08-13,342.8512049543117,343.73264407938257,339.5287369664404,341.0301513671875,120900,0.0,0
2020-08-14,340.2358270612697,343.20956793255715,337.43643482175275,340.36175537109375,147800,0.0,0
2020-08-17,339.1800187254141,343.1030108464171,337.6398799830708,340.8654479980469,270900,0.0,0
2020-08-18,341.79537176041845,344.21697938064693,341.1270352530241,342.17315673828125,217000,0.0,0
2020-08-19,343.7520010184968,344.3622507821873,339.23812150552567,339.8289794921875,125400,0.0,0
2020-08-20,338.57945427762036,344.49784832523744,338.0854369293906,343.1417541503906,164100,0.0,0
2020-08-21,342.1634113828718,344.3041334933368,339.6546297982788,341.55316162109375,176600,0.0,0
2020-08-24,341.28197703638676,342.62840500280396,335.17953792750757,338.2113952636719,322700,0.0,0
2020-08-25,340.1195875720905,344.3331901161328,339.61587434326174,343.5582580566406,296500,0.0,0
2020-08-26,341.18514040548996,354.1940090248904,341.18514040548996,350.1547546386719,501800,0.0,0
2020-08-27,350.08694065433264,354.76547299804326,349.86414213867545,351.10400390625,226200,0.0,0
2020-08-28,350.15477036133706,355.0367396615716,349.6995069406317,354.5039978027344,215800,0.0,0
2020-08-31,353.5546515444185,357.77792031622795,352.3729060472419,353.9711608886719,310000,0.0,0
2020-09-01,352.82816231560156,356.2281082190066,351.49143043697615,355.8987731933594,178700,0.0,0
2020-09-02,356.8481067918824,360.20929948104776,355.5888826049683,358.88226318359375,226900,0.0,0
2020-09-03,360.1608637104073,360.1608637104073,346.25113422719784,348.8277282714844,169600,0.0,0
2020-09-04,350.6487474181973,352.76038195174294,340.64267876512616,346.8516540527344,232200,0.0,0
2020-09-08,347.14223829114104,347.3456450179245,338.802207765406,339.17999267578125,378500,0.0,0
2020-09-09,342.17312274193955,352.024234568961,342.17312274193955,349.9513244628906,228300,0.0,0
2020-09-10,348.95362439231087,348.95362439231087,339.4706015898621,340.30364990234375,229700,0.0,0
2020-09-11,341.8147355352379,344.7690847656102,339.9549280285953,344.0426025390625,210800,0.0,0
2020-09-14,347.39412533513587,347.39412533513587,341.59193390397644,343.22894287109375,202000,0.0,0
2020-09-15,345.2921732036444,347.43286596789454,343.5292358398437,343.52923583984375,205500,0.0,0
2020-09-16,349.7672577577496,351.42362882340547,344.92404330560436,345.52459716796875,331000,0.0,0
2020-09-17,342.5411836580359,348.37240310740043,339.10248372502144,344.28472900390625,312900,0.0,0
2020-09-18,343.45172908601046,346.241425440315,338.81192119727984,340.0808410644531,466000,0.0,0
2020-09-21,335.92535864039127,338.30824154845277,327.43037072692937,330.859375,388400,0.0,0
2020-09-22,330.88849460114227,334.34655762256926,328.17627613779797,332.90325927734375,376100,0.0,0
2020-09-23,332.74820382558585,334.3755463903686,327.5272338804555,328.4571228027344,430300,0.0,0
2020-09-24,329.84225293761597,336.29341787170955,326.6748014570878,331.7408142089844,246600,0.0,0
2020-09-25,330.4719345055241,339.20908343786454,329.14486880800183,336.5065612792969,246900,0.0,0
2020-09-28,340.40047915151416,345.8345512838275,340.40047915151416,342.5799255371094,156000,0.0,0
2020-09-29,342.4927286911535,343.3451391358108,338.13383583058373,341.0397644042969,115100,0.0,0
2020-09-30,344.914336698243,348.4886312176971,342.52178765081214,345.58270263671875,335600,0.0,0
2020-10-01,346.9388468538389,348.8664368007393,341.7856594369062,346.80322265625,254900,0.0,0
2020-10-02,343.9747852469232,350.6681116071392,342.3862261737047,348.12060546875,162900,0.0,0
2020-10-05,350.5809299708774,360.9938415102728,350.5809299708774,359.5215148925781,193600,0.0,0
2020-10-06,360.7613483418726,362.44677745512575,355.8309597427008,356.1796569824219,315600,0.0,0
2020-10-07,359.8605197369921,367.40622636123135,359.1921537962173,364.59716796875,200200,0.0,0
2020-10-08,364.91686119036905,376.96678158888824,364.58752614186994,373.886474609375,468800,0.0,0
2020-10-09,374.55482050948376,380.04703862766314,371.1064542328988,373.3343505859375,417300,0.0,0
2020-10-12,376.35657640237173,380.2214526865721,373.69280803271914,376.4728088378906,265500,0.0,0
2020-10-13,373.40214313801863,374.21579962908794,368.19083959129415,372.1138610839844,296100,0.0,0
2020-10-14,374.4676319803563,378.7393504521696,371.7360520769165,374.12860107421875,246600,0.0,0
2020-10-15,369.546962667128,375.2910079762394,369.546962667128,373.55712890625,193900,0.0,0
2020-10-16,376.0078860030578,378.13891272971773,370.7481608612268,371.5133972167969,432900,0.0,0
2020-10-19,373.23751700865364,375.03917874719275,361.671917559887,362.9892578125,312200,0.0,0
2020-10-20,366.10829746881774,369.33389519044766,362.8439753111155,364.0547790527344,248400,0.0,0
2020-10-21,363.80292213643816,367.5903197845976,358.91128684829994,361.73004150390625,442600,0.0,0
2020-10-22,359.71524323310507,363.8319759023328,341.69850743511296,350.6681213378906,597200,0.0,0
2020-10-23,351.7820776088002,356.27656558213164,348.71146641177165,349.70916748046875,346600,0.0,0
2020-10-26,345.7280553819189,350.14506487751595,344.9434273951323,349.9513244628906,415600,0.0,0
2020-10-27,350.9393261719888,352.5860309981579,346.25109787852045,346.42547607421875,289900,0.0,0
2020-10-28,341.5241447782489,347.36506103709377,339.7999613760208,341.4950866699219,528600,0.0,0
2020-10-29,340.9720371739096,343.45176092749017,337.3783503045537,339.131591796875,306700,0.0,0
2020-10-30,337.93043915102334,340.89448401945435,334.18179590922153,339.04437255859375,382700,0.0,0
2020-11-02,343.13208922958245,351.9079925053203,343.13208922958245,351.8402099609375,283600,0.0,0
2020-11-03,355.2304533259264,362.31123119727295,355.2304533259264,359.57965087890625,230800,0.0,0
2020-11-04,363.2023352867335,367.4353000507736,357.26454955093635,362.9601745605469,375200,0.0,0
2020-11-05,367.9777861980484,371.71673381355583,365.0815236626718,366.960693359375,304700,0.0,0
2020-11-06,368.12782021721904,382.4635057605512,367.08716223270494,379.9153747558594,327400,1.53,0
2020-11-09,392.1016202575159,400.57270303096374,377.5714111328125,377.5714111328125,406600,0.0,0
2020-11-10,379.4095995031972,394.62062182204454,378.22309156118405,393.3854675292969,420200,0.0,0
2020-11-11,393.8912032757051,396.2253674330892,388.5323282716485,392.32537841796875,286000,0.0,0
2020-11-12,392.33506153221686,392.33506153221686,383.8056261544891,387.24853515625,198300,0.0,0
2020-11-13,389.028321093563,397.7814583181682,389.028321093563,392.2475280761719,214800,0.0,0
2020-11-16,395.60289533442625,403.58769303410975,393.52157964297527,403.1597595214844,325500,0.0,0
2020-11-17,401.15632355578174,401.5745219228432,394.39694387389153,399.2014465332031,245900,0.0,0
2020-11-18,400.20308870073126,409.004870922982,400.20308870073126,403.6265563964844,310400,0.0,0
2020-11-19,401.7300495154038,412.447767905681,400.24201753700277,411.26123046875,290500,0.0,0
2020-11-20,407.83783069232,407.83783069232,394.11487111980927,398.0732116699219,417600,0.0,0
2020-11-23,400.0669801901819,404.86174681931664,396.7310696723419,403.4709777832031,241100,0.0,0
2020-11-24,404.9492792994999,412.3408229514969,403.8405640759775,409.0146179199219,324700,0.0,0
2020-11-25,408.61592570076107,410.12339862589715,398.9582747322385,403.2084045410156,507400,0.0,0
2020-11-27,402.4789764132711,407.2445972589406,402.4789764132711,403.2084045410156,140600,0.0,0
2020-11-30,402.6443124002051,407.2640237139756,400.290677997767,406.82635498046875,565500,0.0,0
2020-12-01,412.6909311764541,416.16301585950936,401.4480157384213,401.8078918457031,346800,0.0,0
2020-12-02,400.42682730370933,404.0058805129171,394.951249274357,396.14752197265625,254300,0.0,0
2020-12-03,393.95928526147964,399.1430748842506,390.64281506824614,391.63482666015625,256400,0.0,0
2020-12-04,391.09014341182774,396.26422690094734,391.09014341182774,393.6674499511719,226400,0.0,0
2020-12-07,391.4014257655237,397.8787513622324,391.27498680274516,393.8912048339844,228000,0.0,0
2020-12-08,391.94606320103395,396.9353565459978,391.94606320103395,395.5154113769531,215300,0.0,0
2020-12-09,398.8804531840663,401.5258468559711,396.6240818826319,399.9405517578125,245800,0.0,0
2020-12-10,397.12015436502054,397.12015436502054,389.51464285437964,391.28472900390625,254500,0.0,0
2020-12-11,389.02828288954794,394.7470033969047,389.02828288954794,392.4614562988281,265600,0.0,0
2020-12-14,389.02833373455957,394.75679019544407,389.02833373455957,389.4757080078125,241300,0.0,0
2020-12-15,392.44206198844694,396.88668808899683,390.5358018068503,394.4747314453125,207400,0.0,0
2020-12-16,394.1634731216323,397.12009651779056,391.0123533834069,395.2333068847656,255900,0.0,0
2020-12-17,396.40042303440714,399.80442108712907,395.8752561333812,398.79296875,259100,0.0,0
2020-12-18,399.21118174004454,400.41716016803883,393.45354890603863,399.2014465332031,536500,0.0,0
2020-12-21,393.8912002165237,402.6540732055228,390.58446521253586,400.4852294921875,317400,0.0,0
2020-12-22,402.10939690724615,402.3914210607081,398.7540158770545,399.074951171875,262500,0.0,0
2020-12-23,398.85126729984097,401.0687274047674,392.3739425953312,399.3959045410156,321100,0.0,0
2020-12-24,399.1138844889895,404.6283741231587,399.1138844889895,404.1712646484375,152800,0.0,0
2020-12-28,406.87502599019484,410.9695410080327,402.537368256895,402.93609619140625,203700,0.0,0
2020-12-29,404.239381215202,405.2216576368213,394.46502590801816,396.1086730957031,202600,0.0,0
2020-12-30,395.9821587056501,398.5302892173895,391.90708505563833,395.6709289550781,179900,0.0,0
2020-12-31,394.5914261378106,397.6355774904954,391.2749561483635,397.1395568847656,223500,0.0,0
2021-01-04,399.1819789340696,400.2031664463996,380.4405494857705,382.92059326171875,432700,0.0,0
2021-01-05,382.1522726981325,387.81264240145816,382.1522726981325,384.0293273925781,381800,0.0,0
2021-01-06,385.0407560866543,390.20510442285007,383.6305462997736,386.27593994140625,377900,0.0,0
2021-01-07,387.3263516965213,389.8939530579894,380.6642352541519,389.0380859375,319900,0.0,0
2021-01-08,392.40317251740606,393.07424879627035,377.67843520848015,385.7994079589844,418400,0.0,0
2021-01-11,382.940046446847,384.963010485935,380.353004360239,380.9657287597656,336600,0.0,0
2021-01-12,382.82331419232645,391.53754026447183,380.1195685509898,390.6427917480469,350600,0.0,0
2021-01-13,390.4579943710594,391.129070587373,376.7836515038509,377.8340148925781,400400,0.0,0
2021-01-14,378.88441133286864,381.32554384300687,371.53177850484434,372.8836364746094,323100,0.0,0
2021-01-15,371.5220942285376,379.55553958579725,367.9916570135577,377.9994201660156,852500,0.0,0
2021-01-19,380.79066271342896,384.58368308236817,377.99938913013915,383.6694641113281,340300,0.0,0
2021-01-20,385.1964332848096,385.1964332848096,377.6784494451377,382.18145751953125,307900,0.0,0
2021-01-21,381.247772700487,385.0699690126575,379.0303123526126,380.42108154296875,316600,0.0,0
2021-01-22,379.02052229002334,384.98238547872165,375.96666570087837,382.69683837890625,248400,0.0,0
2021-01-25,382.6579771653597,383.9514832159643,376.0833893339302,377.2991027832031,306500,0.0,0
2021-01-26,377.3769734939015,379.030355999331,366.18270191875206,366.3577575683594,346300,0.0,0
2021-01-27,363.566375842003,364.295803846227,351.068836766865,360.29852294921875,636400,0.0,0
2021-01-28,361.008579581303,366.3674545129666,358.6938561876515,361.7088317871094,660000,0.0,0
2021-01-29,359.6566933349889,363.7415028325845,351.0397297337803,354.3951110839844,460800,0.0,0
2021-02-01,357.1182935524444,362.418816568524,356.233250515384,360.1624450683594,395500,0.0,0
2021-02-02,364.5195320727519,367.96244109184516,359.8317632697052,362.8758850097656,419400,0.0,0
2021-02-03,358.6354721784972,361.74771052112936,346.4588967979201,356.06787109375,661700,0.0,0
2021-02-04,358.3145353936951,367.98186152121957,355.96090107579386,361.79632568359375,491500,0.0,0
2021-02-05,362.8120258572142,364.3452455573388,356.1809884934429,359.2865295410156,431700,1.53,0
2021-02-08,360.79045138844754,372.97827286780733,360.79045138844754,369.9410705566406,395300,0.0,0
2021-02-09,369.1500126813816,370.34145042237066,364.1205938660476,365.9175109863281,325300,0.0,0
2021-02-10,366.98201225102196,368.9644834823634,364.2671004691393,367.4410095214844,357100,0.0,0
2021-02-11,370.28291053988374,372.22631007784497,363.32961248745676,365.39019775390625,207600,0.0,0
2021-02-12,363.72023933018573,367.06992719603795,361.75728898055416,363.36865234375,206300,0.0,0
2021-02-16,364.87256695153184,366.03470830143016,360.9857683084499,360.9955139160156,222100,0.0,0
2021-02-17,359.1986262221172,364.7944830182578,358.4075927748989,363.46630859375,209600,0.0,0
2021-02-18,361.0052751660797,368.4956832804805,361.0052751660797,366.99176025390625,200600,0.0,0
2021-02-19,368.48595381422183,374.5798494695597,368.1832141135933,370.5172424316406,228600,0.0,0
2021-02-22,370.0289671536831,372.1481749665857,366.64998302830224,368.5054931640625,191900,0.0,0
2021-02-23,370.4782037663325,371.52315949914663,360.61469428286847,370.69305419921875,284300,0.0,0
2021-02-24,370.9762860505571,378.29091683324424,369.63836595417035,376.5428466796875,314700,0.0,0
2021-02-25,376.01545332390566,380.0780605695655,370.28288993405,371.06414794921875,239400,0.0,0
2021-02-26,372.42161628099666,373.4665719666926,363.98388671874994,363.98388671875,368900,0.0,0
2021-03-01,367.3140876101698,381.7773461748967,367.3140876101698,378.74017333984375,256900,0.0,0
2021-03-02,377.2166651978801,378.47644150749187,373.691169125183,376.6307067871094,205200,0.0,0
2021-03-03,377.7244417540442,384.21874145967786,377.1482588126563,378.6912536621094,280700,0.0,0
2021-03-04,381.01561261645764,381.07420548304924,366.7086114973512,370.0778503417969,391000,0.0,0
2021-03-05,372.6950783238805,390.615464232985,368.8668423550427,389.76580810546875,489200,0.0,0
2021-03-08,390.49823936276744,396.6898299576515,387.8028782950865,389.15057373046875,357100,0.0,0
2021-03-09,391.8556836581497,392.8615674608374,378.77916442012827,379.3553771972656,404400,0.0,0
2021-03-10,381.6210430704257,389.62907157726175,377.54869035015577,386.6407165527344,299300,0.0,0
2021-03-11,386.64075477189255,386.64075477189255,377.0701795368146,377.6170959472656,338900,0.0,0
2021-03-12,377.8123743162003,386.220807587007,377.32408060114784,385.7618103027344,298200,0.0,0
2021-03-15,385.84966222368985,390.7911917571634,383.83789469676964,390.3810119628906,230700,0.0,0
2021-03-16,389.8439423552148,390.332236074961,378.525297507868,380.34173583984375,285000,0.0,0
2021-03-17,382.0409723785966,391.47477968465256,379.6092496801433,390.6837463378906,320000,0.0,0
2021-03-18,390.9962725808727,399.1703039325041,390.2443110504243,395.1369934082031,316100,0.0,0
2021-03-19,396.03554635092354,396.03554635092354,384.46297796980684,391.1623840332031,680000,0.0,0
2021-03-22,392.1682136870641,392.26587838875554,385.20514067993327,390.35174560546875,312500,0.0,0
2021-03-23,388.28136083281703,393.31077972369945,382.9296514267736,385.0781555175781,215200,0.0,0
2021-03-24,387.1094914468194,391.3478771607783,385.47857738534134,386.1329040527344,236400,0.0,0
2021-03-25,386.4160866018298,390.2931396848893,380.9471913240239,388.2813720703125,222700,0.0,0
2021-03-26,389.5313901645972,390.7228279195564,385.7324808839764,390.0196838378906,378100,0.0,0
2021-03-29,389.81466249781397,394.5804141736546,387.76382282706817,390.801025390625,229700,0.0,0
2021-03-30,389.90249763484377,392.7736668144476,388.359502742531,389.3360900878906,189400,0.0,0
2021-03-31,388.91615986103636,393.5159080113628,385.7910980369958,391.5431823730469,426700,0.0,0
2021-04-01,392.7932476970495,397.7738498780831,386.94349814378273,396.8363342285156,259300,0.0,0
2021-04-05,398.1449373211285,398.5062699068176,393.70147637336146,398.1058654785156,258300,0.0,0
2021-04-06,396.68981340267624,405.55721387241095,396.68981340267624,398.8675842285156,260900,0.0,0
2021-04-07,401.0258633392093,401.0258633392093,388.43763747605215,389.4044494628906,269900,0.0,0
2021-04-08,388.70131289825684,392.85180941957816,387.12902146271836,388.5939025878906,318400,0.0,0
2021-04-09,390.6057081001203,392.2170715332032,386.87513665408636,392.2170715332031,304800,0.0,0
2021-04-12,392.217018384108,397.45154223313205,392.217018384108,396.4651794433594,165100,0.0,0
2021-04-13,394.0237411219516,394.9417357126425,388.0079588310111,390.7814636230469,259000,0.0,0
2021-04-14,389.726756953632,396.64098291760587,389.53142754433844,391.0841979980469,161400,0.0,0
2021-04-15,391.66035302356715,395.08818423105873,390.08806166251804,394.98077392578125,158100,0.0,0
2021-04-16,397.42225010594694,398.7015772020345,392.10961232245023,397.3538818359375,227000,0.0,0
2021-04-19,396.49451324583583,399.47309311130107,395.08822490327873,399.4047546386719,187300,0.0,0
2021-04-20,401.2016446977545,404.36577835157146,399.68791633882313,404.01422119140625,308200,0.0,0
2021-04-21,405.2837931756899,417.75480422694966,405.2447213326889,414.1121520996094,388700,0.0,0
2021-04-22,416.00668614941014,416.504725427107,408.85805966224996,409.3072814941406,332300,0.0,0
2021-04-23,410.1666924366178,415.547698343427,408.71158680281667,413.6433410644531,169400,0.0,0
2021-04-26,414.0242466282221,416.85634417191096,409.5905314179981,409.9616394042969,186700,0.0,0
2021-04-27,410.1667191729716,413.9461077454293,406.65099847658666,413.40899658203125,192300,0.0,0
2021-04-28,414.77621589790687,417.4813523592636,411.67067501249375,412.3347473144531,269200,0.0,0
2021-04-29,415.55744249909907,420.567340421993,413.97537574514956,419.83489990234375,268500,0.0,0
2021-04-30,429.6984557277967,442.21831334060545,421.9052775516239,423.38970947265625,647800,0.0,0
2021-05-03,428.29218801441783,435.558000998277,427.42304068491717,433.4876403808594,249000,0.0,0
2021-05-04,436.21227059293375,446.18321876824626,433.31180506536305,445.6558532714844,312300,0.0,0
2021-05-05,445.6657051561313,450.17753457254685,445.6657051561313,449.7771301269531,291400,0.0,0
2021-05-06,451.7790671606307,452.5896513642812,443.73199680033656,448.25360107421875,343200,0.0,0
2021-05-07,445.92110796028754,458.25007840079354,444.6666497759977,456.34881591796875,226500,1.62,0
2021-05-10,459.0831219213459,470.2948549822211,459.0831219213459,464.7575988769531,293100,0.0,0
2021-05-11,462.7681299041918,463.41496414224235,450.8213614335122,453.4674987792969,273500,0.0,0
2021-05-12,455.0159706662061,455.0159706662061,444.54908161895975,445.1371154785156,245400,0.0,0
2021-05-13,445.13711025558223,457.7404932663126,444.68626735364734,455.8196105957031,215000,0.0,0
2021-05-14,457.72091887060935,458.2207222402355,453.8791234884154,457.7405090332031,208200,0.0,0
2021-05-17,457.6816947458175,460.12200084939195,452.89906325730897,457.75030517578125,238900,0.0,0
2021-05-18,456.83886238649785,457.7502983985985,445.3527169010637,445.6957092285156,229000,0.0,0
2021-05-19,443.5591706188363,447.69496738105215,438.17872576859946,447.10693359375,256900,0.0,0
2021-05-20,446.1661235178767,449.63549614765805,444.82346473550666,445.6662902832031,186100,0.0,0
2021-05-21,447.5088125395993,451.57599939195273,446.4405654806488,447.3226013183594,408900,0.0,0
2021-05-24,449.66491909033874,452.6540487975415,446.25434667932586,450.8311767578125,152400,0.0,0
2021-05-25,451.0761763955987,452.47763560295755,449.57670656417315,451.625,181000,0.0,0
2021-05-26,450.93893462281056,454.18288574103184,447.8419844795488,451.4485778808594,160000,0.0,0
2021-05-27,455.7215703684363,456.4076148034156,449.69429106464673,449.9588928222656,393800,0.0,0
2021-05-28,452.78145192117915,455.07475698472973,452.42864956154534,452.9382629394531,144000,0.0,0
2021-06-01,458.00505293292343,460.07296630805973,452.1836050619076,453.4282531738281,166900,0.0,0
2021-06-02,453.3400859073946,457.1622610161913,451.0859611652319,452.42864990234375,185700,0.0,0
2021-06-03,450.8213282225312,455.4275581047832,448.19481114052604,454.2122802734375,156900,0.0,0
2021-06-04,456.60362860177776,457.4660742509373,451.88960763678165,455.3785705566406,153500,0.0,0
2021-06-07,455.72160589588384,455.72160589588384,449.8903174698873,450.6351623535156,254600,0.0,0
2021-06-08,450.61550407158467,454.32007795024134,446.98932073841746,453.2518310546875,123500,0.0,0
2021-06-09,454.4867118063674,454.4867118063674,449.3904884284818,449.4002685546875,140100,0.0,0
2021-06-10,452.0170313308861,453.4871010269136,449.30231339266726,450.3803405761719,133200,0.0,0
2021-06-11,452.11501659984464,453.50666575185204,448.91024570072807,450.0373229980469,141100,0.0,0
2021-06-14,447.35197829447077,449.9001049556436,442.108723991578,445.72509765625,193800,0.0,0
2021-06-15,445.55853851195724,449.72373607555386,442.07935554306,449.5669250488281,156200,0.0,0
2021-06-16,450.37055401598894,450.37055401598894,439.7370440515578,439.9820556640625,191900,0.0,0
2021-06-17,440.7464568035708,440.883647743528,428.2802657216877,432.1710510253906,250300,0.0,0
2021-06-18,425.5459567099972,430.41678871740106,424.36010889098077,427.8196716308594,365400,0.0,0
2021-06-21,430.54416500962026,438.18851467175386,430.54416500962026,436.2088317871094,200900,0.0,0
2021-06-22,436.12061059427526,436.82624513809924,431.7887927180092,433.7391052246094,197600,0.0,0
2021-06-23,433.0923055729166,438.9137835461204,429.6229329636459,435.56201171875,262500,0.0,0
2021-06-24,437.19870750749004,437.55150985734747,431.79864224202146,432.79827880859375,227000,0.0,0
2021-06-25,434.7780105649413,437.34572747363313,433.55295250479105,434.1017761230469,314200,0.0,0
2021-06-28,433.8665791719989,435.98345320290116,431.2204417704046,434.9054260253906,141700,0.0,0
2021-06-29,435.2386065896702,439.8154064696058,434.6799729708248,439.3645935058594,161300,0.0,0
2021-06-30,440.0506351685755,441.39329392536115,428.0450669995522,429.26031494140625,505000,0.0,0
2021-07-01,433.78813246715845,436.89489271270185,431.0146143169781,435.9638366699219,279000,0.0,0
2021-07-02,435.7874256792387,440.2074444112213,434.28795591845306,437.7965087890625,188000,0.0,0
2021-07-06,440.75628446416084,442.696757222036,430.0345743040407,438.443359375,307000,0.0,0
2021-07-07,436.59109170903696,450.27253141298013,436.59109170903696,449.84130859375,214500,0.0,0
2021-07-08,445.1370763720353,447.0383687360007,438.81576527728106,440.72686767578125,190200,0.0,0
2021-07-09,446.6757527812725,448.73385627589505,444.43146798000697,447.714599609375,154900,0.0,0
2021-07-12,444.56862433330684,449.2336545702794,443.83358956447165,448.5672302246094,144400,0.0,0
2021-07-13,448.2536483246713,450.0765203583579,444.34327257530583,446.0975341796875,202600,0.0,0
2021-07-14,448.4300257105276,450.047096279132,444.53924032944155,448.0674133300781,200500,0.0,0
2021-07-15,445.7348978079388,451.8013873760263,445.7348978079388,448.5770263671875,212900,0.0,0
2021-07-16,450.0667052458799,450.5763185911504,443.2749611714587,444.147216796875,174100,0.0,0
2021-07-19,439.52140880337765,442.0891255778103,437.0223024548006,440.5504455566406,213800,0.0,0
2021-07-20,442.8633688488076,451.0565423380391,442.8633688488076,450.3607177734375,180700,0.0,0
2021-07-21,451.9680111765902,454.92774053570287,446.9403683622244,448.5966491699219,189700,0.0,0
2021-07-22,448.7240090900667,450.7429320943737,444.2942103390347,445.3624572753906,118700,0.0,0
2021-07-23,449.00825392149693,450.1647014999125,444.8038464747538,449.5080871582031,148400,0.0,0
2021-07-26,447.8223924044254,448.99846001635694,444.08841811320923,447.6067810058594,225200,0.0,0
2021-07-27,446.9893750934527,449.6257023971396,442.94177853022177,447.07757568359375,170800,0.0,0
2021-07-28,446.92076268361615,448.6162537763051,439.49202389667016,445.01947021484375,192900,0.0,0
2021-07-29,447.7244067742221,452.53643832684304,445.69570348930074,452.0268249511719,287200,0.0,0
2021-07-30,423.07623236239823,444.166820101039,423.07623236239823,435.7090148925781,506700,0.0,0
2021-08-02,431.0930059522758,435.287603355419,430.0835593548193,431.3772277832031,291600,0.0,0
2021-08-03,435.4248465953336,438.9627999314068,430.62262496158047,437.0517272949219,308700,0.0,0
2021-08-04,435.0229828355792,436.1108199384647,428.68208169333656,430.5833740234375,257900,0.0,0
2021-08-05,433.6509902141917,435.47386236539023,429.2995813200875,430.4952392578125,306100,0.0,0
2021-08-06,433.0232196606236,434.479068312115,427.9671497836264,431.5280456542969,196300,1.62,0
2021-08-09,429.8361381982247,431.0952400373771,428.2425907164145,430.583740234375,165700,0.0,0
2021-08-10,432.02971683215765,438.1088161298234,430.20991357435884,435.51190185546875,182600,0.0,0
2021-08-11,436.0529609595939,439.50563711857495,434.50858520273664,438.1186828613281,209100,0.0,0
2021-08-12,439.5056392928303,439.5056392928303,430.7607908920132,430.9181823730469,213000,0.0,0
2021-08-13,431.0362085446605,434.0265865766689,430.2197421318254,431.5280456542969,166500,0.0,0
2021-08-16,429.11804966772655,435.62015213777846,427.1999028719311,432.8953552246094,181500,0.0,0
2021-08-17,430.39685237934975,431.09525271192297,425.8129266375231,428.8229675292969,216200,0.0,0
2021-08-18,426.2949169566009,430.08206892990904,420.89455477780587,421.36669921875,238800,0.0,0
2021-08-19,417.53035924239657,425.31122607822584,416.44831157520593,422.6454772949219,192000,0.0,0
2021-08-20,424.6816746752985,428.3507602418913,423.7471721742509,423.9537353515625,528000,0.0,0
2021-08-23,426.33422664498175,428.754056703569,424.6127968433513,425.2915344238281,234100,0.0,0
2021-08-24,426.2063576829504,428.61637148921767,423.7275094971489,423.9537353515625,200000,0.0,0
2021-08-25,423.8849276406799,429.6984161319683,423.71768980705065,428.7049255371094,181300,0.0,0
2021-08-26,427.68186227524785,427.68186227524785,421.31748907785504,421.809326171875,336600,0.0,0
2021-08-27,424.41608982907627,426.73757670376256,423.7668612120714,425.0751647949219,139800,0.0,0
2021-08-30,425.4587929615661,431.3608386995926,425.24238341706416,427.5048522949219,161400,0.0,0
2021-08-31,427.4851149040907,429.84595696796595,424.6324657661543,426.6195068359375,397800,0.0,0
2021-09-01,426.91461896682756,426.91461896682756,417.72710519322817,422.2225036621094,306000,0.0,0
2021-09-02,424.20950605049194,428.9311302840077,423.9439248188889,428.291748046875,269500,0.0,0
2021-09-03,426.71786210215026,426.8064191984583,421.89786445655494,422.6356201171875,226900,0.0,0
2021-09-07,422.4880846402416,422.4880846402416,414.5203173195231,414.56951904296875,317800,0.0,0
2021-09-08,413.0447941225929,415.02198888776275,407.4280227977857,411.3233642578125,357600,0.0,0
2021-09-09,411.69718723167625,413.8710989429404,408.83469153000954,409.73968505859375,275900,0.0,0
2021-09-10,411.028302121606,411.91360296590017,407.89037878044854,408.4510803222656,217400,0.0,0
2021-09-13,410.91027884013715,410.96929689697555,401.42764411667196,406.4935607910156,295500,0.0,0
2021-09-14,408.6576420797008,408.6576420797008,401.2407296612508,403.18841552734375,365600,0.0,0
2021-09-15,402.9129972863828,408.0674409866347,401.25058532607585,405.391845703125,283800,0.0,0
2021-09-16,405.71647569513715,406.0312286553801,401.7522694800787,402.3818054199219,232300,0.0,0
2021-09-17,399.8832632571473,400.4439648094673,395.4469126036242,395.90924072265625,475800,0.0,0
2021-09-20,390.76459606377745,398.2700353992007,389.71205741095525,397.5814514160156,275100,0.0,0
2021-09-21,398.0732657100625,400.0012887446578,394.4139965068106,394.71893310546875,196500,0.0,0
2021-09-22,397.13881833360557,398.54546531557764,394.6697863439082,395.6141052246094,168700,0.0,0
2021-09-23,397.05030089428425,399.77506784364186,395.79116899696635,396.80438232421875,155500,0.0,0
2021-09-24,395.8698651872616,400.0996524290437,395.8698651872616,398.73236083984375,139000,0.0,0
2021-09-27,399.05697042479306,406.4345274456489,398.1913322645823,401.5555114746094,222300,0.0,0
2021-09-28,400.5029748495373,403.06053396704937,395.7419949633902,396.1551513671875,230600,0.0,0
2021-09-29,398.7323539841837,400.49313925622397,394.87633780519053,395.1812744140625,152700,0.0,0
2021-09-30,396.0075735953053,398.46675926525796,386.5938336654372,386.64300537109375,273800,0.0,0
2021-10-01,386.7807477951723,394.9353861498968,384.7740438124218,391.748291015625,216900,0.0,0
2021-10-04,390.2038647562833,394.45334439934504,387.29219760204626,390.7449035644531,249000,0.0,0
2021-10-05,393.4401861764572,399.11597572279,390.7449283705116,395.6632995605469,197000,0.0,0
2021-10-06,393.32212541431846,403.27690327580547,392.24992416442785,402.6178283691406,259700,0.0,0
2021-10-07,406.6706110624319,415.65153151500016,406.54272861016227,409.4445495605469,288000,0.0,0
2021-10-08,407.7034558691065,412.23817962185683,407.5362180429012,410.42822265625,167800,0.0,0
2021-10-11,412.0020929555649,413.526805957304,406.90666787062463,407.1230773925781,180600,0.0,0
2021-10-12,407.2411582142887,419.80266815707006,407.15263113004323,414.2547607421875,263600,0.0,0
2021-10-13,415.77941566211933,416.92048136940423,410.9003998945967,414.70721435546875,218300,0.0,0
2021-10-14,417.19590272976575,421.1699549587085,415.89744556297927,420.41253662109375,198000,0.0,0
2021-10-15,424.37677394941744,424.37677394941744,421.48476914515635,422.0454406738281,221100,0.0,0
2021-10-18,419.1731174877345,425.3210816167068,419.1731174877345,423.8357238769531,179000,0.0,0
2021-10-19,426.176859738326,430.71158352498173,424.3472400815731,429.1967468261719,169000,0.0,0
2021-10-20,430.0918840098346,431.3214767676591,428.81308953008454,430.00335693359375,120900,0.0,0
2021-10-21,429.4229950402985,431.2427984626531,427.9179745922731,430.652587890625,123600,0.0,0
2021-10-22,432.21663924998705,434.6364694779185,429.6197248439294,429.9049987792969,143100,0.0,0
2021-10-25,429.90501970097847,432.7675154844977,428.51803535106563,428.7147521972656,199500,0.0,0
2021-10-26,428.94099474029866,428.94099474029866,423.4619219160594,423.6094970703125,184700,0.0,0
2021-10-27,423.77668550634377,424.68167899125837,415.09085540986064,417.5992126464844,288800,0.0,0
2021-10-28,419.8419834421668,424.7013363979851,418.2877914126773,423.7275085449219,248700,0.0,0
2021-10-29,442.20094039255565,458.50040025575294,437.73505079475785,455.54937744140625,666000,0.0,0
2021-11-01,457.4085113465555,464.3335862463399,453.49347715214844,460.2808532714844,274300,0.0,0
2021-11-02,462.7203530761729,466.9993419924551,460.4382216515751,463.24169921875,243000,0.0,0
2021-11-03,462.70071231767434,468.8585229125186,461.0383003840461,466.6944274902344,274700,0.0,0
2021-11-04,467.7272260708874,476.1278119704331,466.27140749740636,471.9963684082031,269600,0.0,0
2021-11-05,473.0624119540665,477.2275811007707,466.1237566112092,466.7850341796875,219000,1.62,0
2021-11-08,469.3019129007488,469.3019129007488,462.2447915554246,468.7689208984375,191900,0.0,0
2021-11-09,468.3346136288427,476.8820940695558,468.3346136288427,475.865478515625,275100,0.0,0
2021-11-10,476.6550453920556,477.7111495840305,471.47326122817924,474.760009765625,124000,0.0,0
2021-11-11,474.236950906678,478.4711876129414,470.6936007607427,478.3132629394531,178000,0.0,0
2021-11-12,480.15897561213825,484.8867154799098,477.4545570796144,483.4654235839844,120100,0.0,0
2021-11-15,483.958914701707,484.99528966531386,477.9579280529311,478.125732421875,189600,0.0,0
2021-11-16,479.1620690759289,487.7983763531489,479.1620690759289,483.55426025390625,147100,0.0,0
2021-11-17,483.6332357495832,483.6332357495832,476.9709411754818,480.2576599121094,151000,0.0,0
2021-11-18,481.75792745481243,481.75792745481243,474.7699038594503,476.003662109375,161500,0.0,0
2021-11-19,477.0893454797123,479.16206523383516,473.6052136052242,476.3490905761719,213600,0.0,0
2021-11-22,477.9085792662422,489.33810175932996,475.54961917482467,486.34747314453125,279900,0.0,0
2021-11-23,487.0778268966151,492.51624233751414,482.8435907087637,491.52923583984375,209100,0.0,0
2021-11-24,491.5391564114857,494.5396347267172,489.9105714580862,491.96356201171875,215800,0.0,0
2021-11-26,485.66644490329605,489.2986218105522,481.70853896385483,483.17919921875,172800,0.0,0
2021-11-29,487.8773493122161,491.4305790890022,482.4093544467976,489.1407165527344,169300,0.0,0
2021-11-30,486.5448794268143,487.2653749138957,473.44728353891344,475.1548156738281,510800,0.0,0
2021-12-01,480.3662418110828,483.2088256221623,470.69358923492956,471.05877685546875,305700,0.0,0
2021-12-02,473.07218882791796,484.8077102094915,471.98650580820237,481.6690368652344,190300,0.0,0
2021-12-03,483.347002618854,485.73557188842767,476.76368534251304,485.0545349121094,300700,0.0,0
2021-12-06,488.64717143475866,495.793119074584,486.3573392155083,493.45391845703125,297500,0.0,0
2021-12-07,495.1812170263222,503.7879156746709,495.1812170263222,501.12298583984375,200100,0.0,0
2021-12-08,499.74115065152705,500.99463809390807,494.0461037284016,499.12921142578125,182200,0.0,0
2021-12-09,498.97130464949595,498.97130464949595,495.7339243383606,497.00714111328125,231300,0.0,0
2021-12-10,501.1426943933251,507.9135448457267,496.7505333330468,506.9956359863281,187900,0.0,0
2021-12-13,507.3213731242166,507.3213731242166,498.25078040517167,500.2642822265625,216300,0.0,0
2021-12-14,499.0502366370808,502.4356618042864,496.049728353443,501.1624450683594,151900,0.0,0
2021-12-15,504.7156905576086,508.63413816344666,499.18847758450306,507.2720642089844,195800,0.0,0
2021-12-16,509.4532538255334,509.6407874721653,497.0268755970255,501.7250061035156,267300,0.0,0
2021-12-17,501.1821995564721,503.75830239100253,484.4524259914418,486.4856872558594,588500,0.0,0
2021-12-20,482.18230013294095,484.3537265529306,473.97039855322424,482.9718933105469,269700,0.0,0
2021-12-21,486.110634888793,491.0259085266829,484.2649373483764,490.33502197265625,256600,0.0,0
2021-12-22,490.92721154423384,494.3027571405777,490.74952746991306,492.68408203125,229900,0.0,0
2021-12-23,493.4835231066673,501.8335897032665,493.4835231066673,496.4741516113281,223800,0.0,0
2021-12-27,499.2476564775324,509.73954084201785,499.2476564775324,509.4434509277344,147000,0.0,0
2021-12-28,510.163965206219,514.3785025746444,509.71980019739397,514.1021118164062,155200,0.0,0
2021-12-29,514.1020658777405,520.2116384635049,514.1020658777405,518.5633544921875,155200,0.0,0
2021-12-30,517.8231305731649,519.0765879263673,509.8974390646962,509.94677734375,108600,0.0,0
2021-12-31,509.29537110798407,514.4573959989134,508.30836457482906,511.5062561035156,139800,0.0,0
2022-01-03,510.7858169243627,514.6154075145727,497.8659035955085,503.57080078125,203700,0.0,0
2022-01-04,501.77439981525174,516.4215434307498,501.77439981525174,513.707275390625,198400,0.0,0
2022-01-05,512.9473117665725,517.1025707521595,501.5671275456875,501.7447814941406,236400,0.0,0
2022-01-06,503.2351674090236,507.78525334790555,499.81028344507126,503.5016784667969,206300,0.0,0
2022-01-07,502.3863348802558,504.35046827965687,498.87259396543345,499.07000732421875,175100,0.0,0
2022-01-10,495.17132657171527,495.6056118704967,488.92355814032095,493.60198974609375,196900,0.0,0
2022-01-11,493.6019753542797,499.9977584388536,484.87684117860806,499.40557861328125,194700,0.0,0
2022-01-12,502.0408740698157,508.3478302417286,501.0341382355287,502.82061767578125,244000,0.0,0
2022-01-13,505.24865387658696,509.53225874803377,499.227907814489,501.567138671875,239500,0.0,0
2022-01-14,497.66844970388837,499.2673955143416,484.60049246680154,498.0040283203125,307100,0.0,0
2022-01-18,494.0658965750555,508.910454019217,485.39010020470613,500.2445373535156,362000,0.0,0
2022-01-19,506.41331752205156,506.41331752205156,490.04873270219525,490.84820556640625,183700,0.0,0
2022-01-20,491.55886241130594,496.2372637388585,483.8602235025423,484.5807189941406,252700,0.0,0
2022-01-21,485.39996014375106,496.2274232129196,483.8700819170916,486.5448913574219,262800,0.0,0
2022-01-24,480.4352984287371,487.9957719095859,473.4571551742411,487.63055419921875,335800,0.0,0
2022-01-25,481.06703593347333,484.15637157214326,469.815166130196,479.9418640136719,297600,0.0,0
2022-01-26,481.7874989862164,486.72253160218804,470.92054752711124,474.7698669433594,625800,0.0,0
2022-01-27,479.6259655413207,481.74802360060465,470.86134255384775,475.3226013183594,313100,0.0,0
2022-01-28,476.0924899191642,489.3085227735114,469.51905245862594,488.5682678222656,233600,0.0,0
2022-01-31,484.63008565623693,490.23627551437164,481.8368403101507,488.6767883300781,515300,0.0,0
2022-02-01,492.62480401015466,496.4543940825865,483.7022868602734,488.5484924316406,249800,0.0,0
2022-02-02,488.56824430333285,496.5728529993705,484.26491018535074,494.62847900390625,358600,0.0,0
2022-02-03,506.72918720343273,518.6028446819283,499.98791559466713,500.9847717285156,565700,0.0,0
2022-02-04,499.74117005843095,503.8668502614907,480.65246675021996,481.3433532714844,456100,0.0,0
2022-02-07,481.52100127345483,482.6067145032252,470.8317335846989,472.10498046875,356500,0.0,0
2022-02-08,473.23999604423216,477.70125447021127,470.24936762811063,476.0430908203125,316300,0.0,0
2022-02-09,479.7543159581724,486.47582864393814,475.0166661002023,482.8732604980469,293600,0.0,0
2022-02-10,475.71743735555066,477.4743078449518,463.33048683193664,467.3673400878906,388900,0.0,0
2022-02-11,467.3673384109903,467.8229115935126,454.49220495490545,463.1977844238281,457600,1.62,0
2022-02-14,461.6923902397488,466.3769386351875,457.8397396844313,461.9102783203125,271400,0.0,0
2022-02-15,466.9711787787823,468.6449485183422,462.9204674084627,465.1290588378906,226900,0.0,0
2022-02-16,463.5741633997483,470.8733692177872,461.4844143750484,470.239501953125,174800,0.0,0
2022-02-17,468.635050089682,471.0714432978103,462.7323049666472,466.8424377441406,295700,0.0,0
2022-02-18,465.25779180781916,471.8439419381221,463.59393566360615,469.3778381347656,238800,0.0,0
2022-02-22,469.5066051653765,471.90337412871804,463.40576893768826,467.6545715332031,341000,0.0,0
2022-02-23,469.28870311524645,473.3493281404742,457.41387825676844,457.9486999511719,322400,0.0,0
2022-02-24,451.3527063379796,462.514446664694,449.3124951368156,461.8013610839844,494300,0.0,0
2022-02-25,462.22721512631716,472.4283011681882,460.7317393158525,472.13116455078125,232000,0.0,0
2022-02-28,465.65397813643983,472.59662575386096,463.5147215498326,472.477783203125,378100,0.0,0
2022-03-01,472.30941507227004,475.36973153538673,458.0378216402761,461.89044189453125,310600,0.0,0
2022-03-02,463.8316165585062,477.7763932655298,461.9003646950533,476.2214660644531,327500,0.0,0
2022-03-03,478.7766949555827,481.38140804033185,475.33010997324135,476.6770324707031,344600,0.0,0
2022-03-04,471.5171111578285,483.4216471478117,468.10026683790744,483.3226318359375,281000,0.0,0
2022-03-07,478.30131114138896,500.9813481034279,477.67735752406304,486.2541809082031,406800,0.0,0
2022-03-08,489.06689497770634,498.6539101956182,484.5407831064783,485.3727111816406,266500,0.0,0
2022-03-09,491.2358823252816,493.72178325645467,482.17377481517985,482.7283935546875,254000,0.0,0
2022-03-10,476.13235346148343,481.5399012126762,467.78333161565337,480.09393310546875,261600,0.0,0
2022-03-11,482.31240507656656,484.7785089424532,467.22871001824166,467.7239074707031,283300,0.0,0
2022-03-14,468.72416174654546,482.79769438573607,465.4360738013247,478.7568664550781,319900,0.0,0
2022-03-15,485.6203118129248,495.06868750103934,483.09481693997736,492.96905517578125,298800,0.0,0
2022-03-16,497.06930931047947,502.44714634675165,478.0933394590326,486.462158203125,260500,0.0,0
2022-03-17,486.481981071266,495.49455037242706,484.4219427785495,493.3057861328125,192000,0.0,0
2022-03-18,493.24636190805967,498.02007249350305,483.4612556373012,497.12872314453125,455100,0.0,0
2022-03-21,501.03089758489557,502.26889122747883,496.71276004284897,501.3973388671875,228600,0.0,0
2022-03-22,501.1992422537754,503.05127588669285,495.1380302826078,497.8913269042969,241300,0.0,0
2022-03-23,495.0984046797993,501.04077408237606,490.5029880585225,499.9711608886719,432100,0.0,0
2022-03-24,502.8234791056629,504.2496501123582,493.7712556388453,496.4255065917969,307300,0.0,0
2022-03-25,500.3970097896725,502.7145301665142,495.55396435096725,501.4864501953125,202900,0.0,0
2022-03-28,500.3871109151401,508.32018375674915,497.69323557110425,508.1716003417969,270700,0.0,0
2022-03-29,511.22200487717333,515.2529191583837,504.65568220556645,513.8861694335938,210800,0.0,0
2022-03-30,513.8168679568669,519.2343595557871,509.2907559577913,515.6392211914062,167300,0.0,0
2022-03-31,514.9558617185053,520.9675662648956,510.83578491210943,510.8357849121094,320500,0.0,0
2022-04-01,514.0446829477229,515.0053369646628,502.72444651270376,512.578857421875,255400,0.0,0
2022-04-04,512.4501087773656,514.5596547360556,508.4191943076731,514.341796875,190300,0.0,0
2022-04-05,511.7865280458233,520.1256355829187,510.39009793401385,513.8663330078125,235200,0.0,0
2022-04-06,512.3510658191733,521.8489184822101,510.9050675913471,521.0665283203125,294600,0.0,0
2022-04-07,521.650971393147,522.0570067449879,511.5489303192142,516.4117431640625,345700,0.0,0
2022-04-08,516.0056681729677,519.2244516706525,509.5977815918366,513.5692749023438,249700,0.0,0
2022-04-11,512.8165229453602,517.6397409849823,510.9942302893577,513.6781616210938,177100,0.0,0
2022-04-12,513.14335080819,524.4536425396728,513.14335080819,518.4716796875,287000,0.0,0
2022-04-13,518.224148175638,524.8201518253223,517.4813519766285,522.0470581054688,228600,0.0,0
2022-04-14,512.9849524256031,515.837294508238,486.6107017818291,486.7097473144531,532600,0.0,0
2022-04-18,483.92675436802256,490.1761438099509,482.3322330763287,485.867919921875,287800,0.0,0
2022-04-19,488.74993694330175,504.0614628380603,485.42222480890433,502.8531799316406,308700,0.0,0
2022-04-20,507.01283019985715,515.4906077295576,505.72532897983035,506.36907958984375,229100,0.0,0
2022-04-21,510.17220643950407,514.9161761595122,501.8925197392464,507.072265625,245000,0.0,0
2022-04-22,504.1308082381593,505.94324785645455,494.30610761707726,494.5437927246094,225800,0.0,0
2022-04-25,491.57259612795275,491.57259612795275,477.4891795816766,487.46246337890625,426700,0.0,0
2022-04-26,484.7983022384311,491.47355417454673,481.1833669081017,487.4030456542969,318100,0.0,0
2022-04-27,487.40303853416276,497.88140309598384,487.22477470911804,490.9486389160156,529600,0.0,0
2022-04-28,498.48553918000994,514.8171404544264,496.54434352788707,509.9840087890625,450200,0.0,0
2022-04-29,509.1322946788846,511.7072971441472,493.56328621735094,495.2271423339844,422500,0.0,0
2022-05-02,499.56508410475004,502.8829129913779,476.3601393640207,486.1056213378906,387500,0.0,0
2022-05-03,487.2346655875449,487.58130984675716,476.0432153292301,479.3412170410156,452500,0.0,0
2022-05-04,480.8466197087094,500.8525778108714,480.83670608825247,500.19891357421875,442600,0.0,0
2022-05-05,494.3754496576671,496.6929701629517,473.4483999868009,478.4994201660156,321800,0.0,0
2022-05-06,473.6986815692418,478.97646511897966,467.4965473034341,475.0206298828125,299700,1.72,0
2022-05-09,469.2757063316522,477.10787564878615,469.2757063316522,473.92730712890625,387500,0.0,0
2022-05-10,476.76994331714866,476.76994331714866,461.0061749037636,466.48272705078125,265100,0.0,0
2022-05-11,467.08905039617724,469.1166829643718,454.49590125006864,456.3943176269531,431000,0.0,0
2022-05-12,454.64501076953957,468.66939591623947,452.8459634825228,466.3932800292969,373200,0.0,0
2022-05-13,470.1801402298725,475.92507354919786,467.30768873642853,474.4341735839844,345000,0.0,0
2022-05-16,472.8638050030002,474.12608947450184,463.7593716125505,471.08465576171875,244100,0.0,0
2022-05-17,477.63464427007085,481.25257611047977,472.06864195011514,479.26470947265625,201400,0.0,0
2022-05-18,473.5297190879709,474.71247181651125,462.21875321017967,462.9542541503906,316900,0.0,0
2022-05-19,458.3424367048133,469.5540036092204,455.34073859387286,464.1271057128906,300300,0.0,0
2022-05-20,467.4965520303781,469.47446966846076,455.6091177899047,461.7218017578125,270600,0.0,0
2022-05-23,467.1287987211139,469.3750674274345,460.6483339777748,464.2662658691406,209500,0.0,0
2022-05-24,463.93825306005067,470.90573546282934,459.76375124170005,469.146484375,248800,0.0,0
2022-05-25,465.27009941928355,469.9018322064735,461.75159739996144,466.41314697265625,282600,0.0,0
2022-05-26,470.8361665171091,477.69430067896843,468.62963323034336,474.5335998535156,207900,0.0,0
2022-05-27,477.06815833926,487.4348762929971,477.06815833926,487.4150085449219,202800,0.0,0
2022-05-31,482.8826143545677,486.23219514195176,477.0084950913014,484.1151123046875,454300,0.0,0
2022-06-01,485.4370653917656,493.88549927259106,479.2746965252158,491.3907470703125,274400,0.0,0
2022-06-02,492.9909594090747,498.85516031942853,490.73474154274777,495.6546936035156,192100,0.0,0
2022-06-03,493.5773735129884,498.42777326036924,490.74465731362284,493.2692565917969,234600,0.0,0
2022-06-06,495.7540912744268,498.7855759578581,493.4084230514664,495.70440673828125,161100,0.0,0
2022-06-07,491.65908451667747,504.1329361790433,488.90590000104913,504.09320068359375,176300,0.0,0
2022-06-08,500.7734203887702,505.6834535055804,494.6309196390959,495.47576904296875,210900,0.0,0
2022-06-09,496.12184829204386,500.27648260540394,491.2913465495366,491.4205627441406,176200,0.0,0
2022-06-10,487.81257553946807,490.6850272552688,480.11951049738786,485.7749938964844,334100,0.0,0
2022-06-13,479.35418531541814,481.99805172417206,468.11280130749435,475.28900146484375,384500,0.0,0
2022-06-14,473.67883483260624,478.07200335493525,463.57051908330254,467.0492858886719,267200,0.0,0
2022-06-15,468.9377283043966,475.2591599932916,464.2066263266351,470.1900939941406,397600,0.0,0
2022-06-16,461.4235938095471,466.5423746628379,450.8879249054369,452.92547607421875,461000,0.0,0
2022-06-17,449.91387225394834,452.61737216964997,437.80777137370353,439.4079895019531,583000,0.0,0
2022-06-21,444.6062912090011,449.7449098481456,443.2942918546681,447.1109924316406,294800,0.0,0
2022-06-22,439.3185384580816,448.1546204540601,439.3185384580816,446.8326721191406,318400,0.0,0
2022-06-23,447.6973954736517,449.42686014382576,438.7818120329307,443.373779296875,239700,0.0,0
2022-06-24,448.74101493638506,458.55113170462886,447.1407665586031,458.153564453125,348300,0.0,0
2022-06-27,458.9288657119571,464.25633401398636,457.1397674470308,461.33416748046875,181400,0.0,0
2022-06-28,462.0697087763461,466.1448114141537,446.8625096921209,447.91607666015625,311500,0.0,0
2022-06-29,449.6952263111255,451.8421260777767,444.5764754087219,451.1960754394531,211300,0.0,0
2022-06-30,446.9221260077473,455.42027437341693,443.9502749893374,451.6731262207031,312500,0.0,0
2022-07-01,452.5676508103284,460.87694924049794,448.34343414842266,458.5113830566406,281100,0.0,0
2022-07-05,452.13036076112564,453.8995609289065,444.0099118623745,452.4086608886719,357800,0.0,0
2022-07-06,454.34681071163163,470.10066046621534,454.34681071163163,467.2679443359375,421700,0.0,0
2022-07-07,468.10283052144604,471.3331138295767,464.52466448287527,470.94549560546875,265500,0.0,0
2022-07-08,471.34307560314517,474.5435422112707,465.86649312486975,472.24755859375,213500,0.0,0
2022-07-11,469.6831899494081,476.00462179516563,469.6831899494081,474.8118896484375,248600,0.0,0
2022-07-12,471.56174708437794,480.07976328355716,469.4943487035401,471.29339599609375,314200,0.0,0
2022-07-13,461.83112939898103,461.83112939898103,451.11652899747656,451.5936279296875,635300,0.0,0
2022-07-14,443.1948963043469,454.45617869500217,438.9508116126249,453.5815124511719,336600,0.0,0
2022-07-15,460.1613382782178,460.747755332686,452.8658709069078,454.6251220703125,314300,0.0,0
2022-07-18,455.88740625466244,458.85925715568226,449.7150585384,450.5102233886719,358500,0.0,0
2022-07-19,456.1557785587087,464.7831128417131,453.8498458842606,463.1033630371094,292900,0.0,0
2022-07-20,463.97800911875237,469.16634224496244,459.8134260953942,468.5898742675781,212400,0.0,0
2022-07-21,467.3971646544915,470.5777635538561,463.61028096235486,470.44854736328125,258700,0.0,0
2022-07-22,473.0029426344795,476.0443761697858,468.1525431753815,471.005126953125,220200,0.0,0
2022-07-25,470.5280295944915,479.55296116409926,468.7886462771981,479.19512939453125,214100,0.0,0
2022-07-26,476.9985477057424,477.62473055639344,470.7964134372712,476.6606140136719,272200,0.0,0
2022-07-27,475.71637386470223,486.76890783425864,470.12052426582295,484.6518249511719,390700,0.0,0
2022-07-28,488.2200952627899,499.8689958536963,485.9737960859829,498.8352966308594,480000,0.0,0
2022-07-29,516.8453833020632,541.5148183002283,515.9607679903014,540.232666015625,773700,0.0,0
2022-08-01,537.7079954522899,550.1719585364665,532.2513110454314,546.2657470703125,450400,0.0,0
2022-08-02,546.6633850973219,546.7130696357179,536.0183362499782,536.9725341796875,376400,0.0,0
2022-08-03,537.7179432247855,542.2602259214603,531.8438238092751,539.7257080078125,318600,0.0,0
2022-08-04,541.3557620009517,543.771073650884,537.7279413354169,540.0438232421875,202600,0.0,0
2022-08-05,535.5368738127396,554.8206161185052,535.5368738127396,554.40185546875,327700,1.72,0
2022-08-08,558.3204085564839,562.3885517100853,556.196602555102,560.653564453125,260700,0.0,0
2022-08-09,558.3702517452837,564.6519049059126,555.6780972885776,556.3461303710938,238900,0.0,0
2022-08-10,565.4994537528027,568.0918626575493,561.8400906972034,563.3257446289062,241800,0.0,0
2022-08-11,565.858408501888,570.1658434847678,564.0038361899271,564.7117309570312,206200,0.0,0
2022-08-12,565.3498625477515,578.5712817688766,565.3498625477515,578.1923828125,209200,0.0,0
2022-08-15,572.6685416781953,586.7175018782904,571.9007631125277,581.1038818359375,257800,0.0,0
2022-08-16,578.4416861808576,586.9069684891273,578.4416861808576,582.4898681640625,200300,0.0,0
2022-08-17,577.9431220284346,585.6506061263832,576.427526172398,581.9813232421875,252300,0.0,0
2022-08-18,584.2746247415103,586.647703184695,580.9244178302592,583.8658447265625,215500,0.0,0
2022-08-19,582.3901620286571,582.8787262548371,577.424613834,582.2106323242188,183600,0.0,0
2022-08-22,576.0486600178315,578.7707565045713,569.9564560583963,570.7840576171875,210200,0.0,0
2022-08-23,569.5177069508812,577.9730084206092,569.5177069508812,575.0615234375,202700,0.0,0
2022-08-24,576.2879040825164,577.5941500113474,572.518936666451,577.3547973632812,207000,0.0,0
2022-08-25,578.2920747780657,582.5596479798172,575.0515331967689,581.58251953125,184600,0.0,0
2022-08-26,580.9842603161691,582.6593638281211,564.2630453863262,564.5921020507812,233600,0.0,0
2022-08-29,558.5297388690661,567.5534493286864,557.0440849551471,563.8043823242188,200900,0.0,0
2022-08-30,560.6834865623152,561.1222084639554,548.5389413375124,554.770751953125,328600,0.0,0
2022-08-31,554.1924754584098,558.828967339252,550.9818755363019,553.3250122070312,367100,0.0,0
2022-09-01,550.5131878437309,557.313347240922,549.2967675604721,555.4288330078125,292700,0.0,0
2022-09-02,558.5696921927935,564.1733317399706,550.9120501873009,553.6939086914062,196000,0.0,0
2022-09-06,554.202457254404,560.7234026061058,550.6128974772723,559.7662353515625,336900,0.0,0
2022-09-07,561.0424360562448,573.8151529285313,557.582563941249,572.1101684570312,290300,0.0,0
2022-09-08,570.1758381544103,571.9107646087908,564.043711754933,569.1288452148438,210300,0.0,0
2022-09-09,574.9817559833934,575.400577501296,568.7898675036687,571.0731811523438,273000,0.0,0
2022-09-12,571.5517498585164,571.8808065118496,562.2190045255624,566.4466552734375,295600,0.0,0
2022-09-13,558.370245825476,562.3486240897781,552.8563104363363,555.528564453125,484200,0.0,0
2022-09-14,556.1467646642054,558.1209828782268,543.1446754845127,546.6444702148438,334100,0.0,0
2022-09-15,545.9964126171297,548.8380941117765,529.5543512290889,531.2793579101562,405500,0.0,0
2022-09-16,528.4177129315565,530.2224429690482,518.4766963443291,524.6287231445312,1093400,0.0,0
2022-09-19,520.7501063653901,534.7890868523024,520.7501063653901,533.542724609375,411500,0.0,0
2022-09-20,527.1912376992334,532.7749767465598,522.5846879782678,529.4546508789062,352400,0.0,0
2022-09-21,537.3416380030799,540.7118063998369,515.2261935147214,515.2461547851562,557700,0.0,0
2022-09-22,515.2461243873365,515.4754355536804,499.55194157909995,502.77252197265625,521000,0.0,0
2022-09-23,497.50787519308165,501.4962340492075,489.2918656866667,493.40985107421875,509800,0.0,0
2022-09-26,493.1506147308272,497.0392586616353,485.9915176442671,487.9158935546875,402000,0.0,0
2022-09-27,493.35005686388195,495.53368589911076,481.78380942161726,485.68243408203125,366100,0.0,0
2022-09-28,490.4086233825514,495.0749961514581,482.1826328713475,492.392822265625,478700,0.0,0
2022-09-29,488.7135932472377,489.5012722548504,483.4688913329939,485.4830017089844,329400,0.0,0
2022-09-30,488.23496029402025,492.123604150893,483.109904481779,487.7663269042969,538200,0.0,0
2022-10-03,494.79580519869364,507.59843386986194,493.41981648233315,505.34503173828125,309000,0.0,0
2022-10-04,513.1921286388916,520.8497706574268,513.1921286388916,519.7130737304688,300500,0.0,0
2022-10-05,516.1534699007909,523.7712504429671,513.5012378573267,517.2503051757812,235200,0.0,0
2022-10-06,514.7176436204711,519.6532500744898,507.06998224706933,508.1069641113281,231300,0.0,0
2022-10-07,505.0558782227009,505.0558782227009,496.3413234004437,499.46221923828125,291700,0.0,0
2022-10-10,502.94202708639966,506.7110249941358,496.77003931266773,502.6528625488281,191700,0.0,0
2022-10-11,501.37658248547524,513.4712550198194,501.37658248547524,512.5938720703125,389100,0.0,0
2022-10-12,517.2901376385554,517.2901376385554,504.49748984358945,504.7666931152344,364300,0.0,0
2022-10-13,492.8813911133457,519.0051536000993,486.8190686565701,516.88134765625,378200,0.0,0
2022-10-14,520.0421311351009,521.8867228422147,498.38534039972154,499.71148681640625,264500,0.0,0
2022-10-17,509.293520571562,517.649107432773,509.293520571562,515.7247314453125,282000,0.0,0
2022-10-18,526.4932970425414,530.9402781011605,519.0848671078202,530.0728149414062,281500,0.0,0
2022-10-19,524.4193833757678,528.6769153647207,514.46838596143,519.6134033203125,193700,0.0,0
2022-10-20,520.1617710653666,520.1617710653666,502.1443520635009,507.7081298828125,327100,0.0,0
2022-10-21,510.4501374837472,520.5606423216155,506.7309817004384,518.1676025390625,263300,0.0,0
2022-10-24,522.9436350597987,528.3877670356662,519.8128194780274,523.581787109375,188300,0.0,0
2022-10-25,521.457999552967,530.8007260283672,520.0919914075583,529.2552490234375,238400,0.0,0
2022-10-26,533.3931797401456,537.1123050737202,522.4750346872927,529.5842895507812,296000,0.0,0
2022-10-27,533.2236815063491,542.317135085946,530.6013306159525,536.105224609375,457300,0.0,0
2022-10-28,543.4139046919743,574.2040405273438,543.4139046919743,574.2040405273438,650400,0.0,0
2022-10-31,574.4433241133584,585.6007605046617,574.4433241133584,582.6493530273438,517600,0.0,0
2022-11-01,587.7046141163256,593.6572714756599,577.0258220114204,590.97509765625,284200,0.0,0
2022-11-02,588.9111277668934,600.2280721604776,581.1936627885692,582.2804565429688,342400,0.0,0
2022-11-03,575.6298755754847,601.334878293693,570.1658432726966,592.670166015625,402900,0.0,0
2022-11-04,598.9318432064119,602.0926005655097,582.1209252031969,591.912353515625,293100,0.0,0
2022-11-07,592.0918549023104,594.6842639629534,588.8911748298563,593.6173706054688,219400,0.0,0
2022-11-08,593.0091717549545,604.3560584296921,591.6531442468478,598.9119262695312,362000,0.0,0
2022-11-09,596.668466900543,603.1396306760201,589.010824713221,589.2900390625,234000,0.0,0
2022-11-10,608.6099853515625,612.0599975585938,601.4400024414062,608.3800048828125,352600,1.72,0
2022-11-11,607.77001953125,609.6900024414062,581.5900268554688,586.52001953125,448200,0.0,0
2022-11-14,580.0,599.1599731445312,580.0,585.0,375000,0.0,0
2022-11-15,584.27001953125,585.8499755859375,576.4600219726562,581.8099975585938,399700,0.0,0
2022-11-16,583.97998046875,594.4000244140625,583.8599853515625,588.8900146484375,235700,0.0,0
2022-11-17,584.0999755859375,594.9099731445312,581.9199829101562,593.9500122070312,290800,0.0,0
2022-11-18,599.9099731445312,601.3300170898438,593.0599975585938,597.030029296875,216200,0.0,0
2022-11-21,596.1199951171875,605.1599731445312,596.1199951171875,600.6199951171875,224100,0.0,0
2022-11-22,605.2000122070312,611.02001953125,599.9199829101562,605.469970703125,211000,0.0,0
2022-11-23,605.530029296875,608.6699829101562,602.9500122070312,604.3200073242188,144300,0.0,0
2022-11-25,606.8200073242188,608.4000244140625,601.260009765625,604.25,71400,0.0,0
2022-11-28,600.8699951171875,603.5900268554688,593.4199829101562,594.5599975585938,168600,0.0,0
2022-11-29,593.9500122070312,596.7999877929688,588.6799926757812,590.989990234375,191500,0.0,0
2022-11-30,587.7100219726562,604.4500122070312,582.9199829101562,603.0599975585938,641500,0.0,0
2022-12-01,605.1900024414062,605.1900024414062,597.0499877929688,603.1799926757812,246600,0.0,0
2022-12-02,598.6199951171875,604.010009765625,593.2899780273438,602.0800170898438,298300,0.0,0
2022-12-05,595.8300170898438,598.1599731445312,584.7999877929688,586.4500122070312,251900,0.0,0
2022-12-06,588.1099853515625,591.4500122070312,575.9600219726562,580.3400268554688,309900,0.0,0
2022-12-07,579.4199829101562,592.2100219726562,577.6199951171875,586.4099731445312,275300,0.0,0
2022-12-08,589.97998046875,597.8200073242188,589.9199829101562,593.25,349300,0.0,0
2022-12-09,593.760009765625,597.5,587.2999877929688,588.0599975585938,172300,0.0,0
2022-12-12,590.1199951171875,593.4600219726562,585.47998046875,593.4600219726562,249500,0.0,0
2022-12-13,605.9500122070312,605.9500122070312,576.719970703125,584.9299926757812,392400,0.0,0
2022-12-14,585.3800048828125,588.0,570.27001953125,576.02001953125,529800,0.0,0
2022-12-15,570.77001953125,572.1699829101562,557.8200073242188,561.530029296875,396600,0.0,0
2022-12-16,555.5,559.6300048828125,551.469970703125,558.6500244140625,770600,0.0,0
2022-12-19,558.8900146484375,565.52001953125,557.27001953125,561.27001953125,287900,0.0,0
2022-12-20,561.0,566.780029296875,559.6900024414062,562.739990234375,340200,0.0,0
2022-12-21,566.0999755859375,568.4199829101562,562.1199951171875,567.4199829101562,181800,0.0,0
2022-12-22,563.0,563.0,552.0900268554688,561.3699951171875,205700,0.0,0
2022-12-23,562.02001953125,567.469970703125,561.0,565.0999755859375,110400,0.0,0
2022-12-27,569.27001953125,569.27001953125,561.8200073242188,565.3300170898438,229500,0.0,0
2022-12-28,566.4199829101562,567.8599853515625,555.77001953125,557.0599975585938,155500,0.0,0
2022-12-29,559.5800170898438,563.8200073242188,557.8499755859375,562.219970703125,177500,0.0,0
2022-12-30,561.52001953125,561.989990234375,550.8499755859375,556.25,177600,0.0,0
2023-01-03,558.5399780273438,559.1199951171875,549.0800170898438,555.9299926757812,271100,0.0,0
2023-01-04,556.3099975585938,561.219970703125,544.9099731445312,554.030029296875,238400,0.0,0
2023-01-05,552.4600219726562,556.3300170898438,534.010009765625,537.530029296875,297200,0.0,0
2023-01-06,545.1900024414062,553.8400268554688,543.4600219726562,552.72998046875,210900,0.0,0
2023-01-09,556.75,572.1599731445312,553.8499755859375,557.6300048828125,293500,0.0,0
2023-01-10,557.6300048828125,567.8800048828125,557.6300048828125,563.9199829101562,276200,0.0,0
2023-01-11,566.0800170898438,582.280029296875,566.0499877929688,582.280029296875,357800,0.0,0
2023-01-12,582.510009765625,586.3900146484375,570.1900024414062,572.5399780273438,237300,0.0,0
2023-01-13,566.4299926757812,574.1400146484375,563.6799926757812,573.8599853515625,167100,0.0,0
2023-01-17,578.219970703125,579.780029296875,571.1799926757812,571.6699829101562,362500,0.0,0
2023-01-18,573.02001953125,577.3900146484375,567.8300170898438,570.6699829101562,244800,0.0,0
2023-01-19,570.0999755859375,573.8300170898438,547.0499877929688,547.72998046875,448300,0.0,0
2023-01-20,546.780029296875,561.6900024414062,544.9500122070312,560.239990234375,274000,0.0,0
2023-01-23,560.1900024414062,569.3599853515625,560.1699829101562,561.719970703125,183500,0.0,0
2023-01-24,565.97998046875,571.489990234375,556.77001953125,570.8300170898438,142500,0.0,0
2023-01-25,564.6799926757812,568.510009765625,557.6799926757812,559.8499755859375,217200,0.0,0
2023-01-26,563.0,569.8900146484375,558.7999877929688,564.9299926757812,249300,0.0,0
2023-01-27,565.219970703125,573.719970703125,565.219970703125,571.7899780273438,158800,0.0,0
